ticker,name,market,sector,cur,rs,trend_ok,pattern_ok,signal,score,lgbm_score,reason,pivot,cup_depth,handle_depth,vol_ratio,cup_days,handle_days,pct_from_pivot,safety,watching
005930,삼성전자,KOSPI,nan,271500.0,72.7,True,False,False,64,,패턴 미감지,,,,,,,,,
000660,SK하이닉스,KOSPI,nan,1000000.0,46.1,True,False,False,64,,패턴 미감지,,,,,,,,,
005935,삼성전자우,KOSPI,nan,185400.0,32.7,True,False,False,64,,패턴 미감지,,,,,,,,,
005380,현대차,KOSPI,nan,572000.0,-24.8,True,False,False,32,,패턴 미감지,,,,,,,,,
373220,LG에너지솔루션,KOSPI,nan,483000.0,-100.3,False,False,False,0,,트렌드 미통과,,,,,,,,,
402340,SK스퀘어,KOSPI,nan,1000000.0,298.5,True,False,False,64,,패턴 미감지,,,,,,,,,
034020,두산에너빌리티,KOSPI,nan,136400.0,18.3,True,False,False,56,,패턴 미감지,,,,,,,,,
012450,한화에어로스페이스,KOSPI,nan,1000000.0,-118.4,False,False,False,0,,트렌드 미통과,,,,,,,,,
329180,HD현대중공업,KOSPI,nan,693000.0,-83.5,True,False,False,32,,패턴 미감지,,,,,,,,,
207940,삼성바이오로직스,KOSPI,nan,1000000.0,-70.1,False,False,False,0,,트렌드 미통과,,,,,,,,,
009150,삼성전기,KOSPI,nan,917000.0,262.1,True,False,False,64,,패턴 미감지,,,,,,,,,
000270,기아,KOSPI,nan,157600.0,-91.5,False,False,False,0,,트렌드 미통과,,,,,,,,,
105560,KB금융,KOSPI,nan,161200.0,-81.7,True,False,False,32,,패턴 미감지,,,,,,,,,
006400,삼성SDI,KOSPI,nan,694000.0,40.7,True,False,False,64,,패턴 미감지,,,,,,,,,
032830,삼성생명,KOSPI,nan,300000.0,1.7,True,False,False,32,,패턴 미감지,,,,,,,,,
028260,삼성물산,KOSPI,nan,405000.0,-15.9,True,False,False,32,,패턴 미감지,,,,,,,,,
055550,신한지주,KOSPI,nan,98900.0,-79.9,True,False,False,32,,패턴 미감지,,,,,,,,,
267260,HD현대일렉트릭,KOSPI,nan,1000000.0,-45.7,True,False,False,32,,패턴 미감지,,,,,,,,,
068270,셀트리온,KOSPI,nan,202500.0,-113.6,False,False,False,0,,트렌드 미통과,,,,,,,,,
010120,LS ELECTRIC,KOSPI,nan,318500.0,-127.5,False,False,False,0,,트렌드 미통과,,,,,,,,,
042660,한화오션,KOSPI,nan,129900.0,-107.8,True,False,False,32,,패턴 미감지,,,,,,,,,
012330,현대모비스,KOSPI,nan,441500.0,-91.8,True,False,False,32,,패턴 미감지,,,,,,,,,
006800,미래에셋증권,KOSPI,nan,79000.0,147.1,True,False,False,64,,패턴 미감지,,,,,,,,,
005490,POSCO홀딩스,KOSPI,nan,535000.0,-53.3,True,False,False,32,,패턴 미감지,,,,,,,,,
298040,효성중공업,KOSPI,nan,1000000.0,-99.3,False,False,False,0,,트렌드 미통과,,,,,,,,,
086790,하나금융지주,KOSPI,nan,128800.0,-71.3,True,False,False,32,,패턴 미감지,,,,,,,,,
035420,NAVER,KOSPI,nan,207500.0,-139.1,False,False,False,0,,트렌드 미통과,,,,,,,,,
042700,한미반도체,KOSPI,nan,393000.0,98.1,True,False,False,64,,패턴 미감지,,,,,,,,,
010130,고려아연,KOSPI,nan,1000000.0,-111.8,False,False,False,0,,트렌드 미통과,,,,,,,,,
009540,HD한국조선해양,KOSPI,nan,467500.0,-91.9,False,False,False,0,,트렌드 미통과,,,,,,,,,
034730,SK,KOSPI,nan,543000.0,27.8,True,False,False,64,,패턴 미감지,,,,,,,,,
010140,삼성중공업,KOSPI,nan,33700.0,-69.4,True,False,False,32,,패턴 미감지,,,,,,,,,
064350,현대로템,KOSPI,nan,235000.0,-94.2,True,False,False,32,,패턴 미감지,,,,,,,,,
051910,LG화학,KOSPI,nan,425000.0,-80.9,False,False,False,0,,트렌드 미통과,,,,,,,,,
015760,한국전력,KOSPI,nan,44700.0,-114.5,False,False,False,0,,트렌드 미통과,,,,,,,,,
000150,두산,KOSPI,nan,1000000.0,-51.0,True,False,False,32,,패턴 미감지,,,,,,,,,
096770,SK이노베이션,KOSPI,nan,137800.0,-98.6,True,True,False,59,,대기중(피벗미돌파),149800.0,39.4,8.0,2.73,288.0,5.0,-8.0,caution,True
316140,우리금융지주,KOSPI,nan,33200.0,-88.8,False,False,False,0,,트렌드 미통과,,,,,,,,,
267250,HD현대,KOSPI,nan,290000.0,-24.1,True,False,False,32,,패턴 미감지,,,,,,,,,
003670,포스코퓨처엠,KOSPI,nan,296000.0,-58.8,True,False,False,32,,패턴 미감지,,,,,,,,,
272210,한화시스템,KOSPI,nan,116700.0,-34.9,False,False,False,0,,트렌드 미통과,,,,,,,,,
066570,LG전자,KOSPI,nan,148700.0,-49.2,True,False,False,32,,패턴 미감지,,,,,,,,,
086520,에코프로,KOSDAQ GLOBAL,nan,155000.0,-25.5,True,False,False,32,,패턴 미감지,,,,,,,,,
035720,카카오,KOSPI,nan,45250.0,-140.6,False,False,False,0,,트렌드 미통과,,,,,,,,,
079550,LIG디펜스앤에어로스페이스,KOSPI,nan,866000.0,-30.7,True,False,False,32,,패턴 미감지,,,,,,,,,
247540,에코프로비엠,KOSDAQ GLOBAL,nan,237500.0,-56.2,True,False,False,32,,패턴 미감지,,,,,,,,,
000810,삼성화재,KOSPI,nan,490000.0,-112.1,False,False,False,0,,트렌드 미통과,,,,,,,,,
017670,SK텔레콤,KOSPI,nan,93200.0,-69.0,True,False,False,32,,패턴 미감지,,,,,,,,,
196170,알테오젠,KOSDAQ GLOBAL,nan,340500.0,-139.4,False,False,False,0,,트렌드 미통과,,,,,,,,,
033780,KT&G,KOSPI,nan,176700.0,-94.5,True,False,False,32,,패턴 미감지,,,,,,,,,
011200,HMM,KOSPI,nan,20950.0,-121.9,False,False,False,0,,트렌드 미통과,,,,,,,,,
138040,메리츠금융지주,KOSPI,nan,113200.0,-127.1,False,False,False,0,,트렌드 미통과,,,,,,,,,
000720,현대건설,KOSPI,nan,167400.0,28.8,True,False,False,64,,패턴 미감지,,,,,,,,,
024110,기업은행,KOSPI,nan,21750.0,-109.9,False,False,False,0,,트렌드 미통과,,,,,,,,,
086280,현대글로비스,KOSPI,nan,230500.0,-91.6,False,False,False,0,,트렌드 미통과,,,,,,,,,
278470,에이피알,KOSPI,nan,401500.0,26.3,True,False,False,64,,패턴 미감지,,,,,,,,,
047810,한국항공우주,KOSPI,nan,171800.0,-70.9,False,False,False,0,,트렌드 미통과,,,,,,,,,
030200,KT,KOSPI,nan,59500.0,-111.9,False,False,False,0,,트렌드 미통과,,,,,,,,,
047040,대우건설,KOSPI,nan,33200.0,602.6,True,False,False,64,,패턴 미감지,,,,,,,,,
003550,LG,KOSPI,nan,104600.0,-92.1,True,False,False,32,,패턴 미감지,,,,,,,,,
010950,S-Oil,KOSPI,nan,118200.0,-62.2,True,False,False,32,,패턴 미감지,,,,,,,,,
047050,포스코인터내셔널,KOSPI,nan,80700.0,-80.7,True,False,False,32,,패턴 미감지,,,,,,,,,
011070,LG이노텍,KOSPI,nan,637000.0,105.2,True,False,False,64,,패턴 미감지,,,,,,,,,
071050,한국금융지주,KOSPI,nan,276000.0,-27.5,True,False,False,32,,패턴 미감지,,,,,,,,,
018260,삼성에스디에스,KOSPI,nan,176600.0,-111.2,False,False,False,0,,트렌드 미통과,,,,,,,,,
259960,크래프톤,KOSPI,nan,270000.0,-131.2,False,False,False,0,,트렌드 미통과,,,,,,,,,
006260,LS,KOSPI,nan,507000.0,69.4,True,False,False,64,,패턴 미감지,,,,,,,,,
307950,현대오토에버,KOSPI,nan,455500.0,-5.3,True,False,False,32,,패턴 미감지,,,,,,,,,
277810,레인보우로보틱스,KOSDAQ,nan,784000.0,-31.9,True,False,False,32,,패턴 미감지,,,,,,,,,
005940,NH투자증권,KOSPI,nan,37700.0,-36.8,True,False,False,32,,패턴 미감지,,,,,,,,,
443060,HD현대마린솔루션,KOSPI,nan,269500.0,-79.2,False,False,False,0,,트렌드 미통과,,,,,,,,,
323410,카카오뱅크,KOSPI,nan,23900.0,-121.9,False,False,False,0,,트렌드 미통과,,,,,,,,,
005830,DB손해보험,KOSPI,nan,165000.0,-88.7,False,False,False,0,,트렌드 미통과,,,,,,,,,
039490,키움증권,KOSPI,nan,466000.0,-31.1,True,False,False,32,,패턴 미감지,,,,,,,,,
352820,하이브,KOSPI,nan,243500.0,-142.6,False,False,False,0,,트렌드 미통과,,,,,,,,,
007660,이수페타시스,KOSPI,nan,147400.0,-11.1,True,False,False,32,,패턴 미감지,,,,,,,,,
028050,삼성E&A,KOSPI,nan,64400.0,25.1,True,False,False,64,,패턴 미감지,,,,,,,,,
000250,삼천당제약,KOSDAQ,nan,404000.0,-61.4,False,False,False,0,,트렌드 미통과,,,,,,,,,
003230,삼양식품,KOSPI,nan,1000000.0,-123.1,False,False,False,0,,트렌드 미통과,,,,,,,,,
016360,삼성증권,KOSPI,nan,145200.0,-15.5,True,False,False,32,,패턴 미감지,,,,,,,,,
001440,대한전선,KOSPI,nan,64100.0,115.2,True,False,False,64,,패턴 미감지,,,,,,,,,
267270,HD건설기계,KOSPI,nan,192600.0,-13.4,True,False,False,32,,패턴 미감지,,,,,,,,,
000880,한화,KOSPI,nan,139500.0,-51.5,True,False,False,32,,패턴 미감지,,,,,,,,,
003490,대한항공,KOSPI,nan,26350.0,-106.8,False,False,False,0,,트렌드 미통과,,,,,,,,,
950160,코오롱티슈진,KOSDAQ,nan,127800.0,6.3,True,False,False,40,,패턴 미감지,,,,,,,,,
005387,현대차2우B,KOSPI,nan,256500.0,-96.3,False,False,False,0,,트렌드 미통과,,,,,,,,,
058470,리노공업,KOSDAQ GLOBAL,nan,112600.0,-78.4,False,False,False,0,,트렌드 미통과,,,,,,,,,
066970,엘앤에프,KOSPI,nan,211000.0,6.3,True,False,False,40,,패턴 미감지,,,,,,,,,
028300,HLB,KOSDAQ,nan,58200.0,-107.7,True,False,False,32,,패턴 미감지,,,,,,,,,
090430,아모레퍼시픽,KOSPI,nan,129900.0,-123.0,False,False,False,0,,트렌드 미통과,,,,,,,,,
009830,한화솔루션,KOSPI,nan,47400.0,-57.7,True,False,False,32,,패턴 미감지,,,,,,,,,
326030,SK바이오팜,KOSPI,nan,99600.0,-132.8,False,False,False,0,,트렌드 미통과,,,,,,,,,
298380,에이비엘바이오,KOSDAQ,nan,130100.0,-96.3,False,False,False,0,,트렌드 미통과,,,,,,,,,
377300,카카오페이,KOSPI,nan,57800.0,-110.6,False,False,False,0,,트렌드 미통과,,,,,,,,,
078930,GS,KOSPI,nan,78600.0,-70.4,True,False,False,32,,패턴 미감지,,,,,,,,,
161390,한국타이어앤테크놀로지,KOSPI,nan,64700.0,-94.6,True,False,False,32,,패턴 미감지,,,,,,,,,
180640,한진칼,KOSPI,nan,113800.0,-114.3,False,False,False,0,,트렌드 미통과,,,,,,,,,
000100,유한양행,KOSPI,nan,88000.0,-146.3,False,False,False,0,,트렌드 미통과,,,,,,,,,
052690,한전기술,KOSPI,nan,185400.0,-29.2,True,False,False,32,,패턴 미감지,,,,,,,,,
082740,한화엔진,KOSPI,nan,85500.0,-12.9,True,False,False,32,,패턴 미감지,,,,,,,,,
141080,리가켐바이오,KOSDAQ GLOBAL,nan,187100.0,-94.9,False,False,False,0,,트렌드 미통과,,,,,,,,,
241560,두산밥캣,KOSPI,nan,76700.0,-83.5,True,False,False,32,,패턴 미감지,,,,,,,,,
010060,OCI홀딩스,KOSPI,nan,328000.0,115.4,True,False,False,64,,패턴 미감지,,,,,,,,,
032640,LG유플러스,KOSPI,nan,15370.0,-118.1,False,False,False,0,,트렌드 미통과,,,,,,,,,
062040,산일전기,KOSPI,nan,322500.0,96.6,True,False,False,64,,패턴 미감지,,,,,,,,,
000990,DB하이텍,KOSPI,nan,157500.0,35.3,True,False,False,64,,패턴 미감지,,,,,,,,,
001040,CJ,KOSPI,nan,217500.0,-91.4,True,False,False,32,,패턴 미감지,,,,,,,,,
454910,두산로보틱스,KOSPI,nan,99100.0,-90.5,True,False,False,32,,패턴 미감지,,,,,,,,,
064400,LG씨엔에스,KOSPI,nan,67700.0,-119.0,False,False,False,0,,트렌드 미통과,,,,,,,,,
039030,이오테크닉스,KOSDAQ GLOBAL,nan,478500.0,-5.7,True,False,False,32,,패턴 미감지,,,,,,,,,
087010,펩트론,KOSDAQ,nan,257000.0,-117.1,False,False,False,0,,트렌드 미통과,,,,,,,,,
034220,LG디스플레이,KOSPI,nan,12450.0,-109.3,False,False,False,0,,트렌드 미통과,,,,,,,,,
128940,한미약품,KOSPI,nan,430500.0,-100.8,False,False,False,0,,트렌드 미통과,,,,,,,,,
021240,코웨이,KOSPI,nan,86900.0,-126.1,False,False,False,0,,트렌드 미통과,,,,,,,,,
029780,삼성카드,KOSPI,nan,51600.0,-120.2,False,False,False,0,,트렌드 미통과,,,,,,,,,
004020,현대제철,KOSPI,nan,42650.0,-82.4,False,False,False,0,,트렌드 미통과,,,,,,,,,
005385,현대차우,KOSPI,nan,257500.0,-93.6,False,False,False,0,,트렌드 미통과,,,,,,,,,
036570,NC,KOSPI,nan,253000.0,-94.0,True,True,False,40,,대기중(피벗미돌파),277500.0,44.5,8.8,1.19,341.0,5.0,-8.8,caution,True
240810,원익IPS,KOSDAQ GLOBAL,nan,132900.0,63.9,True,False,False,64,,패턴 미감지,,,,,,,,,
450080,에코프로머티,KOSPI,nan,80100.0,-90.9,True,True,False,40,,대기중(피벗미돌파),86400.0,49.7,7.3,0.84,329.0,7.0,-7.3,caution,True
138930,BNK금융지주,KOSPI,nan,18200.0,-94.0,False,False,False,0,,트렌드 미통과,,,,,,,,,
036930,주성엔지니어링,KOSDAQ GLOBAL,nan,138900.0,166.0,True,False,False,64,,패턴 미감지,,,,,,,,,
271560,오리온,KOSPI,nan,140000.0,-100.4,True,False,False,32,,패턴 미감지,,,,,,,,,
103590,일진전기,KOSPI,nan,142600.0,111.1,True,False,False,64,,패턴 미감지,,,,,,,,,
353200,대덕전자,KOSPI,nan,120700.0,199.0,True,False,False,64,,패턴 미감지,,,,,,,,,
214370,케어젠,KOSDAQ,nan,97200.0,-40.2,False,False,False,0,,트렌드 미통과,,,,,,,,,
022100,포스코DX,KOSPI,nan,34900.0,-106.3,True,False,False,32,,패턴 미감지,,,,,,,,,
310210,보로노이,KOSDAQ,nan,284500.0,-41.3,False,False,False,0,,트렌드 미통과,,,,,,,,,
088980,맥쿼리인프라,KOSPI,nan,11260.0,-124.1,False,False,False,0,,트렌드 미통과,,,,,,,,,
095340,ISC,KOSDAQ GLOBAL,nan,253500.0,95.8,True,False,False,64,,패턴 미감지,,,,,,,,,
002380,KCC,KOSPI,nan,591000.0,-68.1,True,False,False,32,,패턴 미감지,,,,,,,,,
175330,JB금융지주,KOSPI,nan,26050.0,-104.5,False,False,False,0,,트렌드 미통과,,,,,,,,,
011170,롯데케미칼,KOSPI,nan,100400.0,-82.2,True,False,False,32,,패턴 미감지,,,,,,,,,
108490,로보티즈,KOSDAQ,nan,334500.0,117.5,True,False,False,64,,패턴 미감지,,,,,,,,,
011790,SKC,KOSPI,nan,174100.0,-67.2,False,False,False,0,,트렌드 미통과,,,,,,,,,
018880,한온시스템,KOSPI,nan,4900.0,-83.1,True,False,False,32,,패턴 미감지,,,,,,,,,
088350,한화생명,KOSPI,nan,4925.0,-66.9,True,False,False,32,,패턴 미감지,,,,,,,,,
403870,HPSP,KOSDAQ GLOBAL,nan,53900.0,-56.0,True,False,False,32,,패턴 미감지,,,,,,,,,
251270,넷마블,KOSPI,nan,47100.0,-132.2,False,False,False,0,,트렌드 미통과,,,,,,,,,
489790,한화비전,KOSPI,nan,83000.0,-74.5,True,False,False,32,,패턴 미감지,,,,,,,,,
440110,파두,KOSDAQ,nan,92400.0,308.8,True,False,False,64,,패턴 미감지,,,,,,,,,
375500,DL이앤씨,KOSPI,nan,100300.0,6.6,True,False,False,40,,패턴 미감지,,,,,,,,,
051900,LG생활건강,KOSPI,nan,275000.0,-128.6,False,False,False,0,,트렌드 미통과,,,,,,,,,
017800,현대엘리베이터,KOSPI,nan,98600.0,-104.0,True,False,False,32,,패턴 미감지,,,,,,,,,
263750,펄어비스,KOSDAQ GLOBAL,nan,52500.0,-89.6,False,False,False,0,,트렌드 미통과,,,,,,,,,
004170,신세계,KOSPI,nan,433000.0,-11.1,True,False,False,32,,패턴 미감지,,,,,,,,,
336260,두산퓨얼셀,KOSPI,nan,76200.0,71.0,True,False,False,64,,패턴 미감지,,,,,,,,,
032820,우리기술,KOSDAQ,nan,20150.0,268.6,False,False,False,0,,트렌드 미통과,,,,,,,,,
457190,이수스페셜티케미컬,KOSPI,nan,117700.0,-33.8,True,False,False,32,,패턴 미감지,,,,,,,,,
023530,롯데쇼핑,KOSPI,nan,136100.0,-38.0,True,False,False,32,,패턴 미감지,,,,,,,,,
011780,금호석유화학,KOSPI,nan,131800.0,-119.5,True,False,False,32,,패턴 미감지,,,,,,,,,
004800,효성,KOSPI,nan,276000.0,79.3,True,False,False,64,,패턴 미감지,,,,,,,,,
214150,클래시스,KOSDAQ GLOBAL,nan,55600.0,-129.3,False,False,False,0,,트렌드 미통과,,,,,,,,,
226950,올릭스,KOSDAQ,nan,168000.0,-3.1,False,False,False,0,,트렌드 미통과,,,,,,,,,
111770,영원무역,KOSPI,nan,82400.0,-93.3,False,False,False,0,,트렌드 미통과,,,,,,,,,
357780,솔브레인,KOSDAQ GLOBAL,nan,461000.0,-54.1,True,False,False,32,,패턴 미감지,,,,,,,,,
071970,HD현대마린엔진,KOSPI,nan,99900.0,-67.5,False,False,False,0,,트렌드 미통과,,,,,,,,,
035250,강원랜드,KOSPI,nan,16300.0,-129.8,False,False,False,0,,트렌드 미통과,,,,,,,,,
097950,CJ제일제당,KOSPI,nan,231500.0,-122.6,False,False,False,0,,트렌드 미통과,,,,,,,,,
012510,더존비즈온,KOSPI,nan,120300.0,-74.4,True,False,False,32,,패턴 미감지,,,,,,,,,
036460,한국가스공사,KOSPI,nan,38450.0,-130.1,False,False,False,0,,트렌드 미통과,,,,,,,,,
000500,가온전선,KOSPI,nan,367000.0,320.0,True,False,False,64,,패턴 미감지,,,,,,,,,
020150,롯데에너지머티리얼즈,KOSPI,nan,74000.0,36.2,True,False,False,64,,패턴 미감지,,,,,,,,,
006360,GS건설,KOSPI,nan,39350.0,-9.6,True,False,False,32,,패턴 미감지,,,,,,,,,
319400,현대무벡스,KOSDAQ,nan,37950.0,246.7,True,False,False,64,,패턴 미감지,,,,,,,,,
064760,티씨케이,KOSDAQ GLOBAL,nan,299000.0,-3.4,True,False,False,32,,패턴 미감지,,,,,,,,,
439260,대한조선,KOSPI,nan,84900.0,-14.3,False,False,False,0,,트렌드 미통과,,,,,,,,,
302440,SK바이오사이언스,KOSPI,nan,42000.0,-134.5,False,False,False,0,,트렌드 미통과,,,,,,,,,
237690,에스티팜,KOSDAQ GLOBAL,nan,156000.0,-72.9,True,False,False,32,,패턴 미감지,,,,,,,,,
347850,디앤디파마텍,KOSDAQ,nan,70800.0,-148.3,False,False,False,0,,트렌드 미통과,,,,,,,,,
178320,서진시스템,KOSDAQ,nan,66100.0,26.4,True,False,False,64,,패턴 미감지,,,,,,,,,
031210,서울보증보험,KOSPI,nan,46500.0,-118.1,False,False,False,0,,트렌드 미통과,,,,,,,,,
014680,한솔케미칼,KOSPI,nan,288500.0,-77.5,True,False,False,32,,패턴 미감지,,,,,,,,,
214450,파마리서치,KOSDAQ GLOBAL,nan,341000.0,-145.6,False,False,False,0,,트렌드 미통과,,,,,,,,,
222800,심텍,KOSDAQ GLOBAL,nan,115800.0,129.7,True,False,False,64,,패턴 미감지,,,,,,,,,
001720,신영증권,KOSPI,nan,205000.0,-65.3,True,False,False,32,,패턴 미감지,,,,,,,,,
012750,에스원,KOSPI,nan,72100.0,-126.7,False,False,False,0,,트렌드 미통과,,,,,,,,,
145020,휴젤,KOSDAQ GLOBAL,nan,291500.0,-118.0,False,False,False,0,,트렌드 미통과,,,,,,,,,
084370,유진테크,KOSDAQ,nan,148600.0,23.8,True,False,False,56,,패턴 미감지,,,,,,,,,
004990,롯데지주,KOSPI,nan,29600.0,-117.6,False,False,False,0,,트렌드 미통과,,,,,,,,,
043260,성호전자,KOSDAQ,nan,43750.0,1887.1,True,False,False,64,,패턴 미감지,,,,,,,,,
083650,비에이치아이,KOSDAQ,nan,94700.0,0.4,False,False,False,0,,트렌드 미통과,,,,,,,,,
005850,에스엘,KOSPI,nan,64100.0,-65.7,True,False,False,32,,패턴 미감지,,,,,,,,,
112610,씨에스윈드,KOSPI,nan,61200.0,-76.2,False,False,False,0,,트렌드 미통과,,,,,,,,,
139130,iM금융지주,KOSPI,nan,19250.0,-76.7,True,False,False,32,,패턴 미감지,,,,,,,,,
100790,미래에셋벤처투자,KOSDAQ,nan,57500.0,409.6,True,False,False,64,,패턴 미감지,,,,,,,,,
120110,코오롱인더,KOSPI,nan,94900.0,7.9,True,False,False,40,,패턴 미감지,,,,,,,,,
005290,동진쎄미켐,KOSDAQ,nan,59600.0,-72.2,True,False,False,32,,패턴 미감지,,,,,,,,,
139480,이마트,KOSPI,nan,108400.0,-96.1,True,False,False,32,,패턴 미감지,,,,,,,,,
028670,팬오션,KOSPI,nan,6030.0,-78.4,True,False,False,32,,패턴 미감지,,,,,,,,,
483650,달바글로벌,KOSPI,nan,215000.0,-52.1,False,False,False,0,,트렌드 미통과,,,,,,,,,
140410,메지온,KOSDAQ,nan,82500.0,-85.3,False,False,False,0,,트렌드 미통과,,,,,,,,,
058610,에스피지,KOSDAQ,nan,135300.0,104.2,True,False,False,64,,패턴 미감지,,,,,,,,,
098460,고영,KOSDAQ,nan,40700.0,-4.0,True,False,False,32,,패턴 미감지,,,,,,,,,
009970,영원무역홀딩스,KOSPI,nan,211500.0,-76.6,False,False,False,0,,트렌드 미통과,,,,,,,,,
103140,풍산,KOSPI,nan,96500.0,-127.5,False,False,False,0,,트렌드 미통과,,,,,,,,,
051600,한전KPS,KOSPI,nan,60000.0,-104.8,True,False,False,32,,패턴 미감지,,,,,,,,,
031980,피에스케이홀딩스,KOSDAQ,nan,124300.0,39.6,True,False,False,64,,패턴 미감지,,,,,,,,,
229640,LS에코에너지,KOSPI,nan,83700.0,-5.5,True,False,False,32,,패턴 미감지,,,,,,,,,
257720,실리콘투,KOSDAQ,nan,45050.0,-113.0,False,False,False,0,,트렌드 미통과,,,,,,,,,
097230,HJ중공업,KOSPI,nan,27400.0,-23.1,True,False,False,32,,패턴 미감지,,,,,,,,,
204320,HL만도,KOSPI,nan,57600.0,-93.5,True,False,False,32,,패턴 미감지,,,,,,,,,
319660,피에스케이,KOSDAQ GLOBAL,nan,104000.0,116.0,True,False,False,64,,패턴 미감지,,,,,,,,,
001450,현대해상,KOSPI,nan,30900.0,-103.7,True,False,False,32,,패턴 미감지,,,,,,,,,
077970,STX엔진,KOSPI,nan,58700.0,-15.3,True,False,False,32,,패턴 미감지,,,,,,,,,
067310,하나마이크론,KOSDAQ,nan,42800.0,10.1,True,False,False,48,,패턴 미감지,,,,,,,,,
030530,원익홀딩스,KOSDAQ,nan,33800.0,103.5,False,False,False,0,,트렌드 미통과,,,,,,,,,
008770,호텔신라,KOSPI,nan,65700.0,-78.8,False,False,False,0,,트렌드 미통과,,,,,,,,,
026960,동서,KOSPI,nan,25200.0,-129.4,False,False,False,0,,트렌드 미통과,,,,,,,,,
017960,한국카본,KOSPI,nan,47600.0,-54.5,True,False,False,32,,패턴 미감지,,,,,,,,,
018670,SK가스,KOSPI,nan,260000.0,-115.9,False,False,False,0,,트렌드 미통과,,,,,,,,,
001430,세아베스틸지주,KOSPI,nan,69700.0,-12.4,True,False,False,32,,패턴 미감지,,,,,,,,,
008930,한미사이언스,KOSPI,nan,36600.0,-127.0,False,False,False,0,,트렌드 미통과,,,,,,,,,
383220,F&F,KOSPI,nan,80400.0,-107.0,False,False,False,0,,트렌드 미통과,,,,,,,,,
078600,대주전자재료,KOSDAQ,nan,149900.0,-26.5,True,False,False,32,,패턴 미감지,,,,,,,,,
009420,한올바이오파마,KOSPI,nan,44350.0,-103.5,False,False,False,0,,트렌드 미통과,,,,,,,,,
068760,셀트리온제약,KOSDAQ,nan,53700.0,-129.4,False,False,False,0,,트렌드 미통과,,,,,,,,,
131970,두산테스나,KOSDAQ GLOBAL,nan,144900.0,127.8,True,False,False,64,,패턴 미감지,,,,,,,,,
069960,현대백화점,KOSPI,nan,113800.0,-75.3,True,False,False,32,,패턴 미감지,,,,,,,,,
192820,코스맥스,KOSPI,nan,208000.0,-117.5,False,False,False,0,,트렌드 미통과,,,,,,,,,
000155,두산우,KOSPI,nan,706000.0,-9.0,True,False,False,32,,패턴 미감지,,,,,,,,,
476830,알지노믹스,KOSDAQ,nan,171000.0,-12.6,False,False,False,0,,트렌드 미통과,,,,,,,,,
007340,DN오토모티브,KOSPI,nan,51200.0,-19.2,True,False,False,32,,패턴 미감지,,,,,,,,,
082920,비츠로셀,KOSDAQ,nan,59000.0,24.5,False,False,False,0,,트렌드 미통과,,,,,,,,,
218410,RFHIC,KOSDAQ,nan,99700.0,124.1,True,False,False,64,,패턴 미감지,,,,,,,,,
322000,HD현대에너지솔루션,KOSPI,nan,201000.0,234.8,True,False,False,64,,패턴 미감지,,,,,,,,,
000240,한국앤컴퍼니,KOSPI,nan,25100.0,-109.6,False,False,False,0,,트렌드 미통과,,,,,,,,,
011210,현대위아,KOSPI,nan,83300.0,-83.9,False,False,False,0,,트렌드 미통과,,,,,,,,,
010170,대한광통신,KOSDAQ,nan,22350.0,1455.8,True,False,False,64,,패턴 미감지,,,,,,,,,
004370,농심,KOSPI,nan,373500.0,-132.2,False,False,False,0,,트렌드 미통과,,,,,,,,,
005440,현대지에프홀딩스,KOSPI,nan,14770.0,-32.8,True,False,False,32,,패턴 미감지,,,,,,,,,
000120,CJ대한통운,KOSPI,nan,100800.0,-112.9,False,False,False,0,,트렌드 미통과,,,,,,,,,
298020,효성티앤씨,KOSPI,nan,483000.0,-41.0,True,False,False,32,,패턴 미감지,,,,,,,,,
282330,BGF리테일,KOSPI,nan,133900.0,-104.8,True,True,False,42,,대기중(피벗미돌파),147800.0,21.4,13.9,1.09,188.0,19.0,-9.4,caution,True
035900,JYP Ent.,KOSDAQ GLOBAL,nan,59900.0,-134.9,False,False,False,0,,트렌드 미통과,,,,,,,,,
007810,코리아써키트,KOSPI,nan,102200.0,315.8,True,False,False,64,,패턴 미감지,,,,,,,,,
030000,제일기획,KOSPI,nan,19180.0,-129.2,False,False,False,0,,트렌드 미통과,,,,,,,,,
085620,미래에셋생명,KOSPI,nan,15800.0,-11.0,False,False,False,0,,트렌드 미통과,,,,,,,,,
361610,SK아이이테크놀로지,KOSPI,nan,27000.0,-122.4,False,False,False,0,,트렌드 미통과,,,,,,,,,
041510,에스엠,KOSDAQ GLOBAL,nan,92200.0,-138.1,False,False,False,0,,트렌드 미통과,,,,,,,,,
003690,코리안리,KOSPI,nan,12120.0,-106.1,False,False,False,0,,트렌드 미통과,,,,,,,,,
089030,테크윙,KOSDAQ,nan,59300.0,-71.8,True,False,False,32,,패턴 미감지,,,,,,,,,
002790,아모레퍼시픽홀딩스,KOSPI,nan,27100.0,-122.0,False,False,False,0,,트렌드 미통과,,,,,,,,,
081660,미스토홀딩스,KOSPI,nan,38550.0,-127.4,False,False,False,0,,트렌드 미통과,,,,,,,,,
001120,LX인터내셔널,KOSPI,nan,48550.0,-73.1,True,False,False,32,,패턴 미감지,,,,,,,,,
101490,에스앤에스텍,KOSDAQ,nan,87500.0,-66.1,False,False,False,0,,트렌드 미통과,,,,,,,,,
417200,LS머트리얼즈,KOSDAQ,nan,26600.0,-21.8,True,False,False,32,,패턴 미감지,,,,,,,,,
161890,한국콜마,KOSPI,nan,86900.0,-107.8,False,False,False,0,,트렌드 미통과,,,,,,,,,
023590,다우기술,KOSPI,nan,49000.0,-83.8,True,False,False,32,,패턴 미감지,,,,,,,,,
039200,오스코텍,KOSDAQ,nan,51000.0,-89.4,False,False,False,0,,트렌드 미통과,,,,,,,,,
347700,스피어,KOSDAQ,nan,41650.0,108.5,False,False,False,0,,트렌드 미통과,,,,,,,,,
005070,코스모신소재,KOSPI,nan,63800.0,-87.0,True,True,False,37,,대기중(피벗미돌파),65500.0,49.7,10.1,1.13,328.0,10.0,-2.6,safe,True
462870,시프트업,KOSPI,nan,31900.0,-142.5,False,False,False,0,,트렌드 미통과,,,,,,,,,
475150,SK이터닉스,KOSPI,nan,51700.0,31.5,True,False,False,64,,패턴 미감지,,,,,,,,,
027360,아주IB투자,KOSDAQ,nan,15750.0,319.5,True,False,False,64,,패턴 미감지,,,,,,,,,
140860,파크시스템스,KOSDAQ GLOBAL,nan,305500.0,-98.7,False,False,False,0,,트렌드 미통과,,,,,,,,,
395400,SK리츠,KOSPI,nan,6150.0,-106.3,False,False,False,0,,트렌드 미통과,,,,,,,,,
060370,LS마린솔루션,KOSDAQ,nan,46350.0,-41.1,True,False,False,32,,패턴 미감지,,,,,,,,,
007070,GS리테일,KOSPI,nan,23550.0,-94.3,True,True,False,43,,대기중(피벗미돌파),24000.0,38.8,6.5,1.44,385.0,7.0,-1.9,safe,True
099320,쎄트렉아이,KOSDAQ,nan,175200.0,22.9,False,False,False,0,,트렌드 미통과,,,,,,,,,
003570,SNT다이내믹스,KOSPI,nan,53600.0,-108.5,False,False,False,0,,트렌드 미통과,,,,,,,,,
475830,오름테라퓨틱,KOSDAQ,nan,82500.0,-24.5,False,False,False,0,,트렌드 미통과,,,,,,,,,
003540,대신증권,KOSPI,nan,39700.0,-66.7,True,False,False,32,,패턴 미감지,,,,,,,,,
131290,티에스이,KOSDAQ,nan,174700.0,101.0,True,False,False,64,,패턴 미감지,,,,,,,,,
232140,와이씨,KOSDAQ,nan,21550.0,-64.9,True,False,False,32,,패턴 미감지,,,,,,,,,
458870,씨어스,KOSDAQ,nan,41200.0,-110.5,False,False,False,0,,트렌드 미통과,,,,,,,,,
080220,제주반도체,KOSDAQ,nan,54700.0,40.4,True,False,False,64,,패턴 미감지,,,,,,,,,
004000,롯데정밀화학,KOSPI,nan,64000.0,-73.4,True,False,False,32,,패턴 미감지,,,,,,,,,
038500,삼표시멘트,KOSDAQ,nan,15090.0,120.9,False,False,False,0,,트렌드 미통과,,,,,,,,,
437730,삼현,KOSDAQ,nan,53600.0,13.1,True,False,False,48,,패턴 미감지,,,,,,,,,
073240,금호타이어,KOSPI,nan,5680.0,-112.8,False,False,False,0,,트렌드 미통과,,,,,,,,,
445680,큐리옥스바이오시스템즈,KOSDAQ,nan,90600.0,-40.8,False,False,False,0,,트렌드 미통과,,,,,,,,,
290650,엘앤씨바이오,KOSDAQ,nan,61700.0,-75.5,False,False,False,0,,트렌드 미통과,,,,,,,,,
069620,대웅제약,KOSPI,nan,144800.0,-127.5,False,False,False,0,,트렌드 미통과,,,,,,,,,
012630,HDC,KOSPI,nan,28150.0,-79.1,False,False,False,0,,트렌드 미통과,,,,,,,,,
032350,롯데관광개발,KOSPI,nan,20350.0,-102.9,False,False,False,0,,트렌드 미통과,,,,,,,,,
006040,동원산업,KOSPI,nan,37500.0,-137.2,False,False,False,0,,트렌드 미통과,,,,,,,,,
003530,한화투자증권,KOSPI,nan,8490.0,-57.8,True,False,False,32,,패턴 미감지,,,,,,,,,
095610,테스,KOSDAQ,nan,92900.0,37.6,True,False,False,64,,패턴 미감지,,,,,,,,,
036830,솔브레인홀딩스,KOSDAQ GLOBAL,nan,66400.0,-62.9,True,False,False,32,,패턴 미감지,,,,,,,,,
006280,녹십자,KOSPI,nan,136600.0,-127.3,False,False,False,0,,트렌드 미통과,,,,,,,,,
085660,차바이오텍,KOSDAQ,nan,15740.0,-108.2,False,False,False,0,,트렌드 미통과,,,,,,,,,
281740,레이크머티리얼즈,KOSDAQ,nan,22150.0,-84.7,True,False,False,32,,패턴 미감지,,,,,,,,,
065350,신성델타테크,KOSDAQ,nan,55900.0,-136.4,False,False,False,0,,트렌드 미통과,,,,,,,,,
000210,DL,KOSPI,nan,65600.0,-59.0,True,False,False,32,,패턴 미감지,,,,,,,,,
030610,교보증권,KOSPI,nan,15070.0,-56.1,True,False,False,32,,패턴 미감지,,,,,,,,,
001800,오리온홀딩스,KOSPI,nan,24750.0,-99.3,True,False,False,32,,패턴 미감지,,,,,,,,,
166090,하나머티리얼즈,KOSDAQ GLOBAL,nan,80000.0,-9.1,True,False,False,32,,패턴 미감지,,,,,,,,,
294870,IPARK현대산업개발,KOSPI,nan,23400.0,-112.2,False,False,False,0,,트렌드 미통과,,,,,,,,,
090710,휴림로봇,KOSDAQ,nan,12790.0,73.8,False,False,False,0,,트렌드 미통과,,,,,,,,,
195940,HK이노엔,KOSDAQ GLOBAL,nan,50200.0,-117.4,False,False,False,0,,트렌드 미통과,,,,,,,,,
100090,SK오션플랜트,KOSPI,nan,21800.0,-102.6,False,False,False,0,,트렌드 미통과,,,,,,,,,
003380,하림지주,KOSDAQ GLOBAL,nan,12840.0,-79.5,False,False,False,0,,트렌드 미통과,,,,,,,,,
093370,후성,KOSPI,nan,13760.0,-5.9,True,False,False,32,,패턴 미감지,,,,,,,,,
052020,에스티큐브,KOSDAQ,nan,19070.0,35.8,True,False,False,64,,패턴 미감지,,,,,,,,,
397030,에이프릴바이오,KOSDAQ,nan,66200.0,4.1,True,False,False,32,,패턴 미감지,,,,,,,,,
034230,파라다이스,KOSPI,nan,16000.0,-127.2,False,False,False,0,,트렌드 미통과,,,,,,,,,
051915,LG화학우,KOSPI,nan,193300.0,-94.4,False,False,False,0,,트렌드 미통과,,,,,,,,,
183300,코미코,KOSDAQ GLOBAL,nan,149500.0,-52.3,True,False,False,32,,패턴 미감지,,,,,,,,,
189300,인텔리안테크,KOSDAQ,nan,161900.0,63.6,True,False,False,64,,패턴 미감지,,,,,,,,,
115180,큐리언트,KOSDAQ,nan,32000.0,-23.1,False,False,False,0,,트렌드 미통과,,,,,,,,,
007310,오뚜기,KOSPI,nan,356000.0,-133.0,False,False,False,0,,트렌드 미통과,,,,,,,,,
020560,아시아나항공,KOSPI,nan,7090.0,-140.8,False,False,False,0,,트렌드 미통과,,,,,,,,,
222080,씨아이에스,KOSDAQ GLOBAL,nan,16630.0,-29.8,True,False,False,32,,패턴 미감지,,,,,,,,,
127120,제이에스링크,KOSDAQ,nan,43400.0,39.2,True,False,False,64,,패턴 미감지,,,,,,,,,
036540,SFA반도체,KOSDAQ,nan,8410.0,-28.1,True,False,False,32,,패턴 미감지,,,,,,,,,
048410,현대바이오,KOSDAQ,nan,13250.0,-51.7,False,False,False,0,,트렌드 미통과,,,,,,,,,
089970,브이엠,KOSDAQ,nan,55500.0,96.6,True,False,False,64,,패턴 미감지,,,,,,,,,
420770,기가비스,KOSDAQ,nan,102600.0,77.3,True,False,False,64,,패턴 미감지,,,,,,,,,
181710,NHN,KOSPI,nan,39600.0,-82.4,True,False,False,32,,패턴 미감지,,,,,,,,,
137400,피엔티,KOSDAQ GLOBAL,nan,56600.0,-89.7,True,True,False,40,,대기중(피벗미돌파),60900.0,45.0,8.0,0.84,355.0,12.0,-7.1,caution,True
160190,하이젠알앤엠,KOSDAQ,nan,41450.0,-132.6,False,False,False,0,,트렌드 미통과,,,,,,,,,
003240,태광산업,KOSPI,nan,1000000.0,-106.8,False,False,False,0,,트렌드 미통과,,,,,,,,,
082640,동양생명,KOSPI,nan,8120.0,-108.1,False,False,False,0,,트렌드 미통과,,,,,,,,,
003090,대웅,KOSPI,nan,21950.0,-126.2,False,False,False,0,,트렌드 미통과,,,,,,,,,
001740,SK네트웍스,KOSPI,nan,6760.0,-79.2,True,False,False,32,,패턴 미감지,,,,,,,,,
126340,비나텍,KOSDAQ,nan,182200.0,182.5,True,False,False,64,,패턴 미감지,,,,,,,,,
192080,더블유게임즈,KOSPI,nan,59000.0,-112.3,False,False,False,0,,트렌드 미통과,,,,,,,,,
096530,씨젠,KOSDAQ,nan,24400.0,-130.0,False,False,False,0,,트렌드 미통과,,,,,,,,,
213420,덕산네오룩스,KOSDAQ GLOBAL,nan,51600.0,-82.2,False,False,False,0,,트렌드 미통과,,,,,,,,,
300720,한일시멘트,KOSPI,nan,16800.0,-128.0,False,False,False,0,,트렌드 미통과,,,,,,,,,
195870,해성디에스,KOSPI,nan,86000.0,4.6,True,False,False,32,,패턴 미감지,,,,,,,,,
007390,네이처셀,KOSDAQ,nan,19070.0,-144.8,False,False,False,0,,트렌드 미통과,,,,,,,,,
124500,아이티센글로벌,KOSDAQ,nan,58100.0,132.8,True,False,False,64,,패턴 미감지,,,,,,,,,
014620,성광벤드,KOSDAQ,nan,41350.0,-85.1,True,False,False,32,,패턴 미감지,,,,,,,,,
456040,OCI,KOSPI,nan,133900.0,-6.9,True,False,False,32,,패턴 미감지,,,,,,,,,
330590,롯데리츠,KOSPI,nan,4210.0,-117.7,False,False,False,0,,트렌드 미통과,,,,,,,,,
032500,케이엠더블유,KOSDAQ,nan,33900.0,26.3,True,False,False,64,,패턴 미감지,,,,,,,,,
000670,영풍,KOSPI,nan,69000.0,-117.3,False,False,False,0,,트렌드 미통과,,,,,,,,,
298050,HS효성첨단소재,KOSPI,nan,254000.0,-99.2,True,True,False,50,,대기중(피벗미돌파),277500.0,46.7,8.5,2.39,384.0,5.0,-8.5,caution,True
281820,케이씨텍,KOSPI,nan,68000.0,-30.5,True,False,False,32,,패턴 미감지,,,,,,,,,
001510,SK증권,KOSPI,nan,5270.0,632.3,True,False,False,64,,패턴 미감지,,,,,,,,,
023160,태광,KOSDAQ,nan,40100.0,-56.4,True,False,False,32,,패턴 미감지,,,,,,,,,
006650,대한유화,KOSPI,nan,173000.0,-78.0,True,False,False,32,,패턴 미감지,,,,,,,,,
035760,CJ ENM,KOSDAQ GLOBAL,nan,50100.0,-142.5,False,False,False,0,,트렌드 미통과,,,,,,,,,
089860,롯데렌탈,KOSPI,nan,32100.0,-118.0,False,False,False,0,,트렌드 미통과,,,,,,,,,
000080,하이트진로,KOSPI,nan,16850.0,-133.7,False,False,False,0,,트렌드 미통과,,,,,,,,,
100840,SNT에너지,KOSPI,nan,58800.0,-90.9,False,False,False,0,,트렌드 미통과,,,,,,,,,
328130,루닛,KOSDAQ,nan,19770.0,-174.5,False,False,False,0,,트렌드 미통과,,,,,,,,,
075580,세진중공업,KOSPI,nan,19950.0,-84.1,False,False,False,0,,트렌드 미통과,,,,,,,,,
185750,종근당,KOSPI,nan,83100.0,-124.0,False,False,False,0,,트렌드 미통과,,,,,,,,,
388720,유일로보틱스,KOSDAQ,nan,102500.0,-108.4,False,False,False,0,,트렌드 미통과,,,,,,,,,
090460,비에이치,KOSPI,nan,31000.0,-29.8,True,False,False,32,,패턴 미감지,,,,,,,,,
005690,파미셀,KOSPI,nan,19100.0,-76.4,True,False,False,32,,패턴 미감지,,,,,,,,,
499790,GS피앤엘,KOSPI,nan,57400.0,-60.7,True,False,False,32,,패턴 미감지,,,,,,,,,
056190,에스에프에이,KOSDAQ GLOBAL,nan,31800.0,-97.0,True,False,False,32,,패턴 미감지,,,,,,,,,
204270,제이앤티씨,KOSDAQ,nan,20750.0,-115.0,False,False,False,0,,트렌드 미통과,,,,,,,,,
005300,롯데칠성,KOSPI,nan,119500.0,-128.0,False,False,False,0,,트렌드 미통과,,,,,,,,,
280360,롯데웰푸드,KOSPI,nan,119500.0,-123.5,False,False,False,0,,트렌드 미통과,,,,,,,,,
009450,경동나비엔,KOSPI,nan,74500.0,-111.8,False,False,False,0,,트렌드 미통과,,,,,,,,,
000815,삼성화재우,KOSPI,nan,377500.0,-111.2,False,False,False,0,,트렌드 미통과,,,,,,,,,
086450,동국제약,KOSDAQ GLOBAL,nan,23100.0,-86.7,True,False,False,32,,패턴 미감지,,,,,,,,,
293490,카카오게임즈,KOSDAQ GLOBAL,nan,11610.0,-146.4,False,False,False,0,,트렌드 미통과,,,,,,,,,
082270,젬백스,KOSDAQ,nan,21400.0,-170.0,False,False,False,0,,트렌드 미통과,,,,,,,,,
006110,삼아알미늄,KOSPI,nan,70600.0,35.5,True,False,False,64,,패턴 미감지,,,,,,,,,
078160,메디포스트,KOSDAQ,nan,26800.0,-36.2,True,False,False,32,,패턴 미감지,,,,,,,,,
003470,유안타증권,KOSPI,nan,7460.0,-21.7,True,False,False,32,,패턴 미감지,,,,,,,,,
192400,쿠쿠홀딩스,KOSPI,nan,28800.0,-118.7,False,False,False,0,,트렌드 미통과,,,,,,,,,
336370,솔루스첨단소재,KOSPI,nan,13360.0,-61.6,True,False,False,32,,패턴 미감지,,,,,,,,,
121600,나노신소재,KOSDAQ,nan,80900.0,-89.8,True,True,False,40,,대기중(피벗미돌파),88800.0,42.9,8.9,0.85,285.0,9.0,-8.9,caution,True
044490,태웅,KOSDAQ,nan,52000.0,-24.0,False,False,False,0,,트렌드 미통과,,,,,,,,,
285130,SK케미칼,KOSPI,nan,56400.0,-125.1,False,False,False,0,,트렌드 미통과,,,,,,,,,
295310,에이치브이엠,KOSDAQ,nan,89900.0,39.6,True,False,False,64,,패턴 미감지,,,,,,,,,
365550,ESR켄달스퀘어리츠,KOSPI,nan,4330.0,-126.1,False,False,False,0,,트렌드 미통과,,,,,,,,,
033240,자화전자,KOSPI,nan,46000.0,7.3,True,False,False,40,,패턴 미감지,,,,,,,,,
253450,스튜디오드래곤,KOSDAQ GLOBAL,nan,31700.0,-148.4,False,False,False,0,,트렌드 미통과,,,,,,,,,
451800,한화리츠,KOSPI,nan,5540.0,-92.6,True,False,False,32,,패턴 미감지,,,,,,,,,
171090,선익시스템,KOSDAQ,nan,92500.0,-25.1,False,False,False,0,,트렌드 미통과,,,,,,,,,
358570,지아이이노베이션,KOSDAQ,nan,14600.0,-124.9,False,False,False,0,,트렌드 미통과,,,,,,,,,
033100,제룡전기,KOSDAQ,nan,87800.0,-1.7,True,False,False,32,,패턴 미감지,,,,,,,,,
009240,한샘,KOSPI,nan,39900.0,-135.0,False,False,False,0,,트렌드 미통과,,,,,,,,,
057050,현대홈쇼핑,KOSPI,nan,85400.0,-66.5,True,False,False,32,,패턴 미감지,,,,,,,,,
036530,SNT홀딩스,KOSPI,nan,59800.0,-101.1,False,False,False,0,,트렌드 미통과,,,,,,,,,
365340,성일하이텍,KOSDAQ,nan,77000.0,-51.1,True,False,False,32,,패턴 미감지,,,,,,,,,
348370,엔켐,KOSDAQ,nan,42600.0,-165.2,False,False,False,0,,트렌드 미통과,,,,,,,,,
066575,LG전자우,KOSPI,nan,64200.0,-74.1,True,False,False,32,,패턴 미감지,,,,,,,,,
006730,서부T&D,KOSDAQ,nan,14100.0,-76.0,False,False,False,0,,트렌드 미통과,,,,,,,,,
122870,와이지엔터테인먼트,KOSDAQ,nan,50200.0,-151.2,False,False,False,0,,트렌드 미통과,,,,,,,,,
006120,SK디스커버리,KOSPI,nan,60400.0,-107.6,False,False,False,0,,트렌드 미통과,,,,,,,,,
006340,대원전선,KOSPI,nan,17440.0,313.0,True,False,False,64,,패턴 미감지,,,,,,,,,
009155,삼성전기우,KOSPI,nan,381500.0,230.4,True,False,False,64,,패턴 미감지,,,,,,,,,
074600,원익QnC,KOSDAQ GLOBAL,nan,39800.0,-42.0,True,False,False,32,,패턴 미감지,,,,,,,,,
003030,세아제강지주,KOSPI,nan,213500.0,-91.4,False,False,False,0,,트렌드 미통과,,,,,,,,,
071055,한국금융지주우,KOSPI,nan,189200.0,-34.1,True,False,False,32,,패턴 미감지,,,,,,,,,
056080,유진로봇,KOSDAQ,nan,26800.0,-23.7,False,False,False,0,,트렌드 미통과,,,,,,,,,
137310,에스디바이오센서,KOSPI,nan,8050.0,-137.4,False,False,False,0,,트렌드 미통과,,,,,,,,,
108320,LX세미콘,KOSPI,nan,61700.0,-110.4,False,False,False,0,,트렌드 미통과,,,,,,,,,
174900,앱클론,KOSDAQ,nan,44700.0,13.6,False,False,False,0,,트렌드 미통과,,,,,,,,,
094170,동운아나텍,KOSDAQ,nan,51100.0,14.8,True,False,False,48,,패턴 미감지,,,,,,,,,
064960,SNT모티브,KOSPI,nan,33400.0,-122.4,False,False,False,0,,트렌드 미통과,,,,,,,,,
372320,큐로셀,KOSDAQ,nan,45650.0,-99.7,False,False,False,0,,트렌드 미통과,,,,,,,,,
003160,디아이,KOSPI,nan,34600.0,-54.6,True,False,False,32,,패턴 미감지,,,,,,,,,
050890,쏠리드,KOSDAQ,nan,18200.0,21.6,True,False,False,56,,패턴 미감지,,,,,,,,,
002020,코오롱,KOSPI,nan,72000.0,-59.5,True,False,False,32,,패턴 미감지,,,,,,,,,
079900,전진건설로봇,KOSPI,nan,68400.0,-85.6,True,True,False,34,,대기중(피벗미돌파),73000.0,43.8,14.1,1.39,280.0,20.0,-6.3,safe,True
248070,솔루엠,KOSPI,nan,22700.0,-85.3,True,False,False,32,,패턴 미감지,,,,,,,,,
036810,에프에스티,KOSDAQ,nan,42200.0,-75.9,True,False,False,32,,패턴 미감지,,,,,,,,,
004490,세방전지,KOSPI,nan,64600.0,-126.3,False,False,False,0,,트렌드 미통과,,,,,,,,,
030190,NICE평가정보,KOSPI,nan,15060.0,-125.4,False,False,False,0,,트렌드 미통과,,,,,,,,,
032190,다우데이타,KOSDAQ,nan,23850.0,-85.8,False,False,False,0,,트렌드 미통과,,,,,,,,,
083450,GST,KOSDAQ,nan,58700.0,33.4,True,False,False,64,,패턴 미감지,,,,,,,,,
025540,한국단자,KOSPI,nan,88800.0,-91.4,True,False,False,32,,패턴 미감지,,,,,,,,,
241710,코스메카코리아,KOSDAQ,nan,76800.0,-110.4,False,False,False,0,,트렌드 미통과,,,,,,,,,
003620,KG모빌리티,KOSPI,nan,4305.0,-105.2,True,False,False,32,,패턴 미감지,,,,,,,,,
010780,아이에스동서,KOSPI,nan,25400.0,-98.2,False,False,False,0,,트렌드 미통과,,,,,,,,,
053610,프로텍,KOSDAQ,nan,86500.0,36.5,True,False,False,64,,패턴 미감지,,,,,,,,,
071320,지역난방공사,KOSPI,nan,74100.0,-133.2,False,False,False,0,,트렌드 미통과,,,,,,,,,
009520,포스코엠텍,KOSDAQ GLOBAL,nan,20900.0,-88.9,True,False,False,32,,패턴 미감지,,,,,,,,,
033500,동성화인텍,KOSDAQ,nan,27100.0,-125.0,False,False,False,0,,트렌드 미통과,,,,,,,,,
005090,SGC에너지,KOSPI,nan,60700.0,45.6,True,False,False,64,,패턴 미감지,,,,,,,,,
249420,일동제약,KOSPI,nan,23850.0,-114.2,False,False,False,0,,트렌드 미통과,,,,,,,,,
003850,보령,KOSPI,nan,9660.0,-114.5,False,False,False,0,,트렌드 미통과,,,,,,,,,
102710,이엔에프테크놀로지,KOSDAQ,nan,55900.0,-89.1,True,False,False,32,,패턴 미감지,,,,,,,,,
005880,대한해운,KOSPI,nan,2670.0,-78.7,True,False,False,32,,패턴 미감지,,,,,,,,,
112040,위메이드,KOSDAQ,nan,22850.0,-140.3,False,False,False,0,,트렌드 미통과,,,,,,,,,
252990,샘씨엔에스,KOSDAQ,nan,13650.0,-22.8,True,False,False,32,,패턴 미감지,,,,,,,,,
253590,네오셈,KOSDAQ,nan,17800.0,-74.0,True,False,False,32,,패턴 미감지,,,,,,,,,
046890,서울반도체,KOSDAQ GLOBAL,nan,18000.0,43.0,True,False,False,64,,패턴 미감지,,,,,,,,,
356860,티엘비,KOSDAQ,nan,101600.0,61.7,True,False,False,64,,패턴 미감지,,,,,,,,,
399720,가온칩스,KOSDAQ,nan,71000.0,-89.5,True,False,False,32,,패턴 미감지,,,,,,,,,
084110,휴온스글로벌,KOSDAQ,nan,64800.0,-89.8,True,False,False,32,,패턴 미감지,,,,,,,,,
014820,동원시스템즈,KOSPI,nan,26950.0,-132.2,False,False,False,0,,트렌드 미통과,,,,,,,,,
425420,티에프이,KOSDAQ,nan,66000.0,-0.8,True,False,False,32,,패턴 미감지,,,,,,,,,
161000,애경케미칼,KOSPI,nan,14650.0,-73.9,False,False,False,0,,트렌드 미통과,,,,,,,,,
348340,뉴로메카,KOSDAQ,nan,65200.0,-43.0,False,False,False,0,,트렌드 미통과,,,,,,,,,
052400,코나아이,KOSDAQ,nan,59500.0,-97.6,False,False,False,0,,트렌드 미통과,,,,,,,,,
214430,아이쓰리시스템,KOSDAQ,nan,93500.0,-116.1,False,False,False,0,,트렌드 미통과,,,,,,,,,
060250,NHN KCP,KOSDAQ,nan,18750.0,-93.1,False,False,False,0,,트렌드 미통과,,,,,,,,,
460860,동국제강,KOSPI,nan,14340.0,-63.2,False,False,False,0,,트렌드 미통과,,,,,,,,,
079160,CJ CGV,KOSPI,nan,4815.0,-132.8,False,False,False,0,,트렌드 미통과,,,,,,,,,
376300,디어유,KOSDAQ,nan,29000.0,-146.1,False,False,False,0,,트렌드 미통과,,,,,,,,,
199800,툴젠,KOSDAQ,nan,122800.0,58.7,True,False,False,64,,패턴 미감지,,,,,,,,,
077360,덕산하이메탈,KOSDAQ,nan,18170.0,90.0,True,False,False,64,,패턴 미감지,,,,,,,,,
278280,천보,KOSDAQ,nan,60800.0,-99.0,False,False,False,0,,트렌드 미통과,,,,,,,,,
225570,넥슨게임즈,KOSDAQ,nan,11220.0,-133.7,False,False,False,0,,트렌드 미통과,,,,,,,,,
000370,한화손해보험,KOSPI,nan,6740.0,-97.5,False,False,False,0,,트렌드 미통과,,,,,,,,,
102940,코오롱생명과학,KOSDAQ,nan,63800.0,-59.4,True,False,False,32,,패턴 미감지,,,,,,,,,
086900,메디톡스,KOSDAQ,nan,103500.0,-143.5,False,False,False,0,,트렌드 미통과,,,,,,,,,
178920,PI첨단소재,KOSPI,nan,30700.0,-44.4,True,False,False,32,,패턴 미감지,,,,,,,,,
069260,TKG휴켐스,KOSPI,nan,17890.0,-125.5,False,False,False,0,,트렌드 미통과,,,,,,,,,
214320,이노션,KOSPI,nan,19650.0,-117.3,False,False,False,0,,트렌드 미통과,,,,,,,,,
348210,넥스틴,KOSDAQ GLOBAL,nan,71200.0,-108.4,False,False,False,0,,트렌드 미통과,,,,,,,,,
001270,부국증권,KOSPI,nan,75100.0,-77.0,False,False,False,0,,트렌드 미통과,,,,,,,,,
007700,F&F홀딩스,KOSPI,nan,19890.0,-108.5,False,False,False,0,,트렌드 미통과,,,,,,,,,
002350,넥센타이어,KOSPI,nan,7270.0,-113.7,False,False,False,0,,트렌드 미통과,,,,,,,,,
475960,토모큐브,KOSDAQ,nan,53900.0,-46.9,False,False,False,0,,트렌드 미통과,,,,,,,,,
200710,에이디테크놀로지,KOSDAQ,nan,51400.0,-16.3,True,False,False,32,,패턴 미감지,,,,,,,,,
089890,코세스,KOSDAQ,nan,41600.0,62.6,True,False,False,64,,패턴 미감지,,,,,,,,,
001060,JW중외제약,KOSPI,nan,30500.0,-103.4,False,False,False,0,,트렌드 미통과,,,,,,,,,
114090,GKL,KOSPI,nan,12020.0,-136.2,False,False,False,0,,트렌드 미통과,,,,,,,,,
093050,LF,KOSPI,nan,25400.0,-81.8,True,False,False,32,,패턴 미감지,,,,,,,,,
009900,명신산업,KOSPI,nan,12600.0,-79.3,True,True,False,34,,대기중(피벗미돌파),14700.0,46.1,14.3,1.08,383.0,7.0,-14.3,danger,True
017940,E1,KOSPI,nan,100400.0,-94.0,True,False,False,32,,패턴 미감지,,,,,,,,,
327260,RF머트리얼즈,KOSDAQ,nan,113600.0,821.5,True,False,False,64,,패턴 미감지,,,,,,,,,
015750,성우하이텍,KOSDAQ,nan,9100.0,-83.0,True,False,False,32,,패턴 미감지,,,,,,,,,
001820,삼화콘덴서,KOSPI,nan,67900.0,11.4,True,False,False,48,,패턴 미감지,,,,,,,,,
460930,현대힘스,KOSDAQ,nan,19200.0,-117.8,False,False,False,0,,트렌드 미통과,,,,,,,,,
033640,네패스,KOSDAQ,nan,32850.0,41.6,True,False,False,64,,패턴 미감지,,,,,,,,,
041960,코미팜,KOSDAQ,nan,9350.0,-69.3,True,False,False,32,,패턴 미감지,,,,,,,,,
024850,HLB이노베이션,KOSDAQ,nan,20900.0,822.6,True,False,False,64,,패턴 미감지,,,,,,,,,
053800,안랩,KOSDAQ,nan,63700.0,-119.8,False,False,False,0,,트렌드 미통과,,,,,,,,,
001680,대상,KOSPI,nan,20200.0,-132.3,False,False,False,0,,트렌드 미통과,,,,,,,,,
059090,미코,KOSDAQ,nan,24250.0,-49.1,True,False,False,32,,패턴 미감지,,,,,,,,,
031330,에스에이엠티,KOSDAQ,nan,8560.0,19.3,True,False,False,56,,패턴 미감지,,,,,,,,,
293940,신한알파리츠,KOSPI,nan,5720.0,-122.8,False,False,False,0,,트렌드 미통과,,,,,,,,,
002240,고려제강,KOSPI,nan,25400.0,-91.3,True,False,False,32,,패턴 미감지,,,,,,,,,
383800,LX홀딩스,KOSPI,nan,9090.0,-109.3,False,False,False,0,,트렌드 미통과,,,,,,,,,
005420,코스모화학,KOSPI,nan,18330.0,-114.1,False,False,False,0,,트렌드 미통과,,,,,,,,,
002840,미원상사,KOSPI,nan,142400.0,-131.0,False,False,False,0,,트렌드 미통과,,,,,,,,,
272290,이녹스첨단소재,KOSDAQ GLOBAL,nan,37500.0,-89.2,True,False,False,32,,패턴 미감지,,,,,,,,,
058650,세아홀딩스,KOSPI,nan,154000.0,-101.5,False,False,False,0,,트렌드 미통과,,,,,,,,,
001500,현대차증권,KOSPI,nan,12200.0,-71.6,True,False,False,32,,패턴 미감지,,,,,,,,,
025980,아난티,KOSDAQ,nan,7410.0,-123.2,False,False,False,0,,트렌드 미통과,,,,,,,,,
393890,더블유씨피,KOSDAQ GLOBAL,nan,16600.0,-12.9,True,False,False,32,,패턴 미감지,,,,,,,,,
005180,빙그레,KOSPI,nan,72200.0,-114.8,False,False,False,0,,트렌드 미통과,,,,,,,,,
383310,에코프로에이치엔,KOSDAQ,nan,31400.0,-117.4,False,False,False,0,,트렌드 미통과,,,,,,,,,
060280,큐렉소,KOSDAQ,nan,15810.0,-83.5,True,False,False,32,,패턴 미감지,,,,,,,,,
003280,흥아해운,KOSPI,nan,2745.0,-62.6,False,False,False,0,,트렌드 미통과,,,,,,,,,
067160,SOOP,KOSDAQ GLOBAL,nan,55300.0,-146.8,False,False,False,0,,트렌드 미통과,,,,,,,,,
090360,로보스타,KOSDAQ,nan,70700.0,-61.8,False,False,False,0,,트렌드 미통과,,,,,,,,,
104830,원익머트리얼즈,KOSDAQ,nan,50200.0,-48.6,True,False,False,32,,패턴 미감지,,,,,,,,,
094800,맵스리얼티,KOSPI,nan,6100.0,-97.8,False,False,False,0,,트렌드 미통과,,,,,,,,,
336570,원텍,KOSDAQ,nan,8370.0,-129.5,False,False,False,0,,트렌드 미통과,,,,,,,,,
010820,퍼스텍,KOSPI,nan,12840.0,70.5,True,False,False,64,,패턴 미감지,,,,,,,,,
016380,KG스틸,KOSPI,nan,7110.0,-98.0,False,False,False,0,,트렌드 미통과,,,,,,,,,
089010,켐트로닉스,KOSDAQ,nan,41050.0,-78.3,False,False,False,0,,트렌드 미통과,,,,,,,,,
130660,한전산업,KOSPI,nan,19600.0,-64.4,False,False,False,0,,트렌드 미통과,,,,,,,,,
000640,동아쏘시오홀딩스,KOSPI,nan,95000.0,-135.3,False,False,False,0,,트렌드 미통과,,,,,,,,,
187660,페니트리움바이오,KOSDAQ,nan,9600.0,193.3,False,False,False,0,,트렌드 미통과,,,,,,,,,
000400,롯데손해보험,KOSPI,nan,2080.0,-104.2,False,False,False,0,,트렌드 미통과,,,,,,,,,
271940,일진하이솔루스,KOSPI,nan,18210.0,-103.4,False,False,False,0,,트렌드 미통과,,,,,,,,,
033160,엠케이전자,KOSDAQ,nan,28500.0,96.5,True,False,False,64,,패턴 미감지,,,,,,,,,
014830,유니드,KOSPI,nan,85200.0,-116.5,False,False,False,0,,트렌드 미통과,,,,,,,,,
039130,하나투어,KOSPI,nan,42650.0,-136.3,False,False,False,0,,트렌드 미통과,,,,,,,,,
008730,율촌화학,KOSPI,nan,24750.0,-139.8,False,False,False,0,,트렌드 미통과,,,,,,,,,
005810,풍산홀딩스,KOSPI,nan,43650.0,-107.6,False,False,False,0,,트렌드 미통과,,,,,,,,,
001530,DI동일,KOSPI,nan,28250.0,-108.9,False,False,False,0,,트렌드 미통과,,,,,,,,,
002960,한국쉘석유,KOSPI,nan,484000.0,-107.5,False,False,False,0,,트렌드 미통과,,,,,,,,,
005250,녹십자홀딩스,KOSPI,nan,13610.0,-133.9,False,False,False,0,,트렌드 미통과,,,,,,,,,
003000,부광약품,KOSPI,nan,6000.0,-61.8,False,False,False,0,,트렌드 미통과,,,,,,,,,
354320,알멕,KOSDAQ,nan,82800.0,47.8,True,False,False,64,,패턴 미감지,,,,,,,,,
107640,한중엔시에스,KOSDAQ,nan,62600.0,-59.4,True,False,False,32,,패턴 미감지,,,,,,,,,
019210,와이지-원,KOSDAQ,nan,15350.0,15.4,True,False,False,56,,패턴 미감지,,,,,,,,,
042000,카페24,KOSDAQ,nan,25850.0,-158.1,False,False,False,0,,트렌드 미통과,,,,,,,,,
019170,신풍제약,KOSPI,nan,11030.0,-126.9,False,False,False,0,,트렌드 미통과,,,,,,,,,
099190,아이센스,KOSDAQ,nan,20500.0,-97.9,False,False,False,0,,트렌드 미통과,,,,,,,,,
452260,한화갤러리아,KOSPI,nan,2950.0,-4.5,True,False,False,32,,패턴 미감지,,,,,,,,,
017900,광전자,KOSPI,nan,10780.0,339.6,False,False,False,0,,트렌드 미통과,,,,,,,,,
025900,동화기업,KOSDAQ GLOBAL,nan,11340.0,-102.2,True,True,False,47,,대기중(피벗미돌파),12600.0,32.3,10.0,0.83,355.0,12.0,-10.0,caution,True
122640,예스티,KOSDAQ,nan,25900.0,-78.5,True,False,False,32,,패턴 미감지,,,,,,,,,
020000,한섬,KOSPI,nan,24300.0,-76.9,False,False,False,0,,트렌드 미통과,,,,,,,,,
036620,감성코퍼레이션,KOSDAQ,nan,6060.0,-107.3,False,False,False,0,,트렌드 미통과,,,,,,,,,
006910,보성파워텍,KOSDAQ,nan,14310.0,94.0,True,False,False,64,,패턴 미감지,,,,,,,,,
018290,브이티,KOSDAQ,nan,16170.0,-156.4,False,False,False,0,,트렌드 미통과,,,,,,,,,
268280,미원에스씨,KOSPI,nan,118800.0,-140.1,False,False,False,0,,트렌드 미통과,,,,,,,,,
039440,에스티아이,KOSDAQ,nan,37800.0,-70.2,True,False,False,32,,패턴 미감지,,,,,,,,,
003545,대신증권우,KOSPI,nan,23750.0,-105.6,False,False,False,0,,트렌드 미통과,,,,,,,,,
016610,DB증권,KOSPI,nan,15420.0,-60.2,True,False,False,32,,패턴 미감지,,,,,,,,,
119850,지엔씨에너지,KOSDAQ,nan,38000.0,-101.6,False,False,False,0,,트렌드 미통과,,,,,,,,,
045100,한양이엔지,KOSDAQ,nan,35500.0,-55.1,True,False,False,32,,패턴 미감지,,,,,,,,,
006405,삼성SDI우,KOSPI,nan,343500.0,0.1,True,False,False,32,,패턴 미감지,,,,,,,,,
047920,HLB제약,KOSDAQ,nan,16400.0,-121.1,False,False,False,0,,트렌드 미통과,,,,,,,,,
105840,우진,KOSPI,nan,28300.0,-14.1,True,False,False,32,,패턴 미감지,,,,,,,,,
005389,현대차3우B,KOSPI,nan,246000.0,-97.9,False,False,False,0,,트렌드 미통과,,,,,,,,,
001200,유진투자증권,KOSPI,nan,6030.0,-50.2,True,False,False,32,,패턴 미감지,,,,,,,,,
064260,다날,KOSDAQ,nan,7260.0,-102.3,False,False,False,0,,트렌드 미통과,,,,,,,,,
041190,우리기술투자,KOSDAQ,nan,6590.0,-138.5,False,False,False,0,,트렌드 미통과,,,,,,,,,
448730,삼성FN리츠,KOSPI,nan,5790.0,-99.4,True,False,False,32,,패턴 미감지,,,,,,,,,
092790,넥스틸,KOSPI,nan,21050.0,-55.8,False,False,False,0,,트렌드 미통과,,,,,,,,,
025320,시노펙스,KOSDAQ,nan,5650.0,-138.5,False,False,False,0,,트렌드 미통과,,,,,,,,,
002710,TCC스틸,KOSPI,nan,19740.0,-115.4,False,False,False,0,,트렌드 미통과,,,,,,,,,
284740,쿠쿠홈시스,KOSPI,nan,24150.0,-121.8,False,False,False,0,,트렌드 미통과,,,,,,,,,
101160,월덱스,KOSDAQ,nan,31800.0,-85.1,True,False,False,32,,패턴 미감지,,,,,,,,,
002030,아세아,KOSPI,nan,258000.0,-138.7,False,False,False,0,,트렌드 미통과,,,,,,,,,
000070,삼양홀딩스,KOSPI,nan,65900.0,-104.7,False,False,False,0,,트렌드 미통과,,,,,,,,,
950210,프레스티지바이오파마,KOSPI,nan,8010.0,-34.0,False,False,False,0,,트렌드 미통과,,,,,,,,,
381970,케이카,KOSPI,nan,10280.0,-155.5,False,False,False,0,,트렌드 미통과,,,,,,,,,
058430,포스코스틸리온,KOSPI,nan,8110.0,-204.3,False,False,False,0,,트렌드 미통과,,,,,,,,,
003300,한일홀딩스,KOSPI,nan,17100.0,-115.4,False,False,False,0,,트렌드 미통과,,,,,,,,,
211050,인카금융서비스,KOSDAQ,nan,10440.0,-127.1,False,False,False,0,,트렌드 미통과,,,,,,,,,
037460,삼지전자,KOSDAQ,nan,36300.0,41.4,True,False,False,64,,패턴 미감지,,,,,,,,,
004690,삼천리,KOSPI,nan,147200.0,-104.8,False,False,False,0,,트렌드 미통과,,,,,,,,,
031430,신세계인터내셔날,KOSPI,nan,14710.0,-90.7,True,True,False,43,,대기중(피벗미돌파),15320.0,36.5,6.7,1.0,384.0,5.0,-4.0,safe,True
034310,NICE,KOSPI,nan,14310.0,-114.2,True,False,False,32,,패턴 미감지,,,,,,,,,
394280,오픈엣지테크놀로지,KOSDAQ,nan,19790.0,-77.6,True,False,False,32,,패턴 미감지,,,,,,,,,
290550,디케이티,KOSDAQ,nan,31200.0,164.0,True,False,False,64,,패턴 미감지,,,,,,,,,
251970,펌텍코리아,KOSDAQ,nan,41800.0,-147.2,False,False,False,0,,트렌드 미통과,,,,,,,,,
008060,대덕,KOSPI,nan,19100.0,-15.3,True,False,False,32,,패턴 미감지,,,,,,,,,
424870,이뮨온시아,KOSDAQ,nan,6480.0,-82.0,False,False,False,0,,트렌드 미통과,,,,,,,,,
013030,하이록코리아,KOSDAQ,nan,43500.0,-83.8,True,False,False,32,,패턴 미감지,,,,,,,,,
453340,현대그린푸드,KOSPI,nan,18140.0,-106.3,False,False,False,0,,트렌드 미통과,,,,,,,,,
005945,NH투자증권우,KOSPI,nan,28400.0,-63.7,True,False,False,32,,패턴 미감지,,,,,,,,,
377740,바이오노트,KOSPI,nan,4985.0,-130.7,False,False,False,0,,트렌드 미통과,,,,,,,,,
090435,아모레퍼시픽우,KOSPI,nan,45850.0,-119.8,False,False,False,0,,트렌드 미통과,,,,,,,,,
016590,신대양제지,KOSPI,nan,12190.0,-107.2,False,False,False,0,,트렌드 미통과,,,,,,,,,
317330,덕산테코피아,KOSDAQ,nan,30000.0,-69.1,True,False,False,32,,패턴 미감지,,,,,,,,,
101730,위메이드맥스,KOSDAQ,nan,5210.0,-145.3,False,False,False,0,,트렌드 미통과,,,,,,,,,
093320,케이아이엔엑스,KOSDAQ,nan,109300.0,-109.3,False,False,False,0,,트렌드 미통과,,,,,,,,,
306200,세아제강,KOSPI,nan,174000.0,-97.2,False,False,False,0,,트렌드 미통과,,,,,,,,,
340570,티앤엘,KOSDAQ,nan,58400.0,-112.7,False,False,False,0,,트렌드 미통과,,,,,,,,,
015860,일진홀딩스,KOSPI,nan,12890.0,-1.1,True,False,False,32,,패턴 미감지,,,,,,,,,
079370,제우스,KOSDAQ,nan,16780.0,-110.7,True,False,False,32,,패턴 미감지,,,,,,,,,
027410,BGF,KOSPI,nan,5140.0,-90.8,True,False,False,32,,패턴 미감지,,,,,,,,,
170920,엘티씨,KOSDAQ,nan,44950.0,52.3,True,False,False,64,,패턴 미감지,,,,,,,,,
145990,삼양사,KOSPI,nan,46250.0,-129.8,False,False,False,0,,트렌드 미통과,,,,,,,,,
215200,메가스터디교육,KOSDAQ GLOBAL,nan,47250.0,-116.2,False,False,False,0,,트렌드 미통과,,,,,,,,,
030520,한글과컴퓨터,KOSDAQ GLOBAL,nan,20050.0,-138.2,False,False,False,0,,트렌드 미통과,,,,,,,,,
114810,한솔아이원스,KOSDAQ,nan,16740.0,-68.1,True,False,False,32,,패턴 미감지,,,,,,,,,
000157,두산2우B,KOSPI,nan,620000.0,-24.0,True,False,False,32,,패턴 미감지,,,,,,,,,
064820,케이프,KOSDAQ,nan,15180.0,-56.4,True,False,False,32,,패턴 미감지,,,,,,,,,
215600,신라젠,KOSDAQ,nan,3425.0,-119.5,False,False,False,0,,트렌드 미통과,,,,,,,,,
230360,에코마케팅,KOSDAQ,nan,16000.0,-81.0,True,False,False,32,,패턴 미감지,,,,,,,,,
126720,수산인더스트리,KOSPI,nan,34900.0,-67.2,True,False,False,32,,패턴 미감지,,,,,,,,,
095660,네오위즈,KOSDAQ,nan,20950.0,-137.7,False,False,False,0,,트렌드 미통과,,,,,,,,,
029530,신도리코,KOSPI,nan,49650.0,-119.2,False,False,False,0,,트렌드 미통과,,,,,,,,,
110990,디아이티,KOSDAQ,nan,24650.0,-66.9,True,False,False,32,,패턴 미감지,,,,,,,,,
092870,엑시콘,KOSDAQ,nan,37550.0,28.0,True,False,False,64,,패턴 미감지,,,,,,,,,
389650,넥스트바이오메디컬,KOSDAQ,nan,55800.0,-127.0,False,False,False,0,,트렌드 미통과,,,,,,,,,
006220,제주은행,KOSPI,nan,12260.0,-140.3,False,False,False,0,,트렌드 미통과,,,,,,,,,
078350,한양디지텍,KOSDAQ,nan,32200.0,-11.7,True,False,False,32,,패턴 미감지,,,,,,,,,
117730,티로보틱스,KOSDAQ,nan,21300.0,-92.2,True,False,False,32,,패턴 미감지,,,,,,,,,
206650,유바이오로직스,KOSDAQ,nan,12270.0,-123.4,False,False,False,0,,트렌드 미통과,,,,,,,,,
101930,인화정공,KOSDAQ,nan,14130.0,-203.9,False,False,False,0,,트렌드 미통과,,,,,,,,,
308430,셀비온,KOSDAQ,nan,29700.0,-81.1,False,False,False,0,,트렌드 미통과,,,,,,,,,
034950,한국기업평가,KOSDAQ,nan,111200.0,-102.1,True,False,False,32,,패턴 미감지,,,,,,,,,
105630,한세실업,KOSPI,nan,11360.0,-129.2,False,False,False,0,,트렌드 미통과,,,,,,,,,
192650,드림텍,KOSPI,nan,6540.0,-128.0,False,False,False,0,,트렌드 미통과,,,,,,,,,
241520,DSC인베스트먼트,KOSDAQ,nan,15720.0,-12.5,True,False,False,32,,패턴 미감지,,,,,,,,,
138080,오이솔루션,KOSDAQ,nan,53300.0,211.8,True,False,False,64,,패턴 미감지,,,,,,,,,
025860,남해화학,KOSPI,nan,9520.0,-83.5,True,False,False,32,,패턴 미감지,,,,,,,,,
344820,KCC글라스,KOSPI,nan,29000.0,-122.2,False,False,False,0,,트렌드 미통과,,,,,,,,,
017810,풀무원,KOSPI,nan,11300.0,-140.8,False,False,False,0,,트렌드 미통과,,,,,,,,,
145720,덴티움,KOSPI,nan,51100.0,-133.2,False,False,False,0,,트렌드 미통과,,,,,,,,,
084010,대한제강,KOSPI,nan,12130.0,-133.0,False,False,False,0,,트렌드 미통과,,,,,,,,,
419530,SAMG엔터,KOSDAQ,nan,35950.0,-138.8,False,False,False,0,,트렌드 미통과,,,,,,,,,
004700,조광피혁,KOSPI,nan,66600.0,-121.6,False,False,False,0,,트렌드 미통과,,,,,,,,,
455900,엔젤로보틱스,KOSDAQ,nan,29000.0,-121.3,False,False,False,0,,트렌드 미통과,,,,,,,,,
091700,파트론,KOSDAQ GLOBAL,nan,7460.0,-111.3,False,False,False,0,,트렌드 미통과,,,,,,,,,
304360,에스바이오메딕스,KOSDAQ,nan,33550.0,-87.2,True,False,False,32,,패턴 미감지,,,,,,,,,
042370,비츠로테크,KOSDAQ,nan,19050.0,-11.1,True,False,False,32,,패턴 미감지,,,,,,,,,
089980,상아프론테크,KOSDAQ,nan,26550.0,-63.6,True,False,False,32,,패턴 미감지,,,,,,,,,
072710,농심홀딩스,KOSPI,nan,95800.0,-107.2,True,False,False,32,,패턴 미감지,,,,,,,,,
357120,코람코라이프인프라리츠,KOSPI,nan,4395.0,-125.8,False,False,False,0,,트렌드 미통과,,,,,,,,,
403550,쏘카,KOSPI,nan,13810.0,-113.8,False,False,False,0,,트렌드 미통과,,,,,,,,,
078020,LS증권,KOSDAQ,nan,8190.0,-55.3,True,False,False,32,,패턴 미감지,,,,,,,,,
389260,대명에너지,KOSDAQ,nan,21800.0,-104.3,False,False,False,0,,트렌드 미통과,,,,,,,,,
010690,화신,KOSPI,nan,12230.0,-83.8,True,False,False,32,,패턴 미감지,,,,,,,,,
001250,GS글로벌,KOSPI,nan,4700.0,-32.5,True,False,False,32,,패턴 미감지,,,,,,,,,
234340,헥토파이낸셜,KOSDAQ,nan,34700.0,-31.9,True,False,False,32,,패턴 미감지,,,,,,,,,
015360,INVENI,KOSPI,nan,16180.0,-199.2,False,False,False,0,,트렌드 미통과,,,,,,,,,
042520,한스바이오메드,KOSDAQ,nan,25200.0,-43.7,False,False,False,0,,트렌드 미통과,,,,,,,,,
389500,에스비비테크,KOSDAQ,nan,71600.0,5.2,True,False,False,40,,패턴 미감지,,,,,,,,,
183190,아세아시멘트,KOSPI,nan,11550.0,-128.5,False,False,False,0,,트렌드 미통과,,,,,,,,,
080580,오킨스전자,KOSDAQ,nan,26900.0,104.4,True,False,False,64,,패턴 미감지,,,,,,,,,
228760,지노믹트리,KOSDAQ,nan,15660.0,-136.3,False,False,False,0,,트렌드 미통과,,,,,,,,,
394800,쓰리빌리언,KOSDAQ,nan,11620.0,-98.5,False,False,False,0,,트렌드 미통과,,,,,,,,,
170900,동아에스티,KOSPI,nan,43350.0,-137.0,False,False,False,0,,트렌드 미통과,,,,,,,,,
441270,파인엠텍,KOSDAQ,nan,10510.0,-95.8,False,False,False,0,,트렌드 미통과,,,,,,,,,
378340,필에너지,KOSDAQ,nan,19950.0,-86.5,True,False,False,32,,패턴 미감지,,,,,,,,,
089590,제주항공,KOSPI,nan,5420.0,-132.4,False,False,False,0,,트렌드 미통과,,,,,,,,,
029460,케이씨,KOSPI,nan,40000.0,-65.0,True,False,False,32,,패턴 미감지,,,,,,,,,
160980,싸이맥스,KOSDAQ,nan,37050.0,25.6,True,False,False,64,,패턴 미감지,,,,,,,,,
194370,제이에스코퍼레이션,KOSPI,nan,14940.0,-81.6,True,True,False,47,,대기중(피벗미돌파),15370.0,33.1,6.0,1.39,196.0,7.0,-2.8,safe,True
330860,네패스아크,KOSDAQ,nan,39900.0,32.8,True,False,False,64,,패턴 미감지,,,,,,,,,
017860,DS단석,KOSPI,nan,23050.0,-117.9,False,False,False,0,,트렌드 미통과,,,,,,,,,
011760,현대코퍼레이션,KOSPI,nan,30350.0,-89.8,True,True,False,47,,대기중(피벗미돌파),32550.0,30.2,9.4,1.3,219.0,5.0,-6.8,safe,True
005610,삼립,KOSPI,nan,47450.0,-136.2,False,False,False,0,,트렌드 미통과,,,,,,,,,
001390,KG케미칼,KOSPI,nan,6140.0,-98.2,True,False,False,32,,패턴 미감지,,,,,,,,,
069080,웹젠,KOSDAQ GLOBAL,nan,11790.0,-134.1,False,False,False,0,,트렌드 미통과,,,,,,,,,
482630,삼양엔씨켐,KOSDAQ,nan,18510.0,-134.1,False,False,False,0,,트렌드 미통과,,,,,,,,,
220100,퓨쳐켐,KOSDAQ,nan,18460.0,-130.3,False,False,False,0,,트렌드 미통과,,,,,,,,,
025770,한국정보통신,KOSDAQ,nan,11220.0,-80.5,False,False,False,0,,트렌드 미통과,,,,,,,,,
009290,광동제약,KOSPI,nan,8010.0,-86.3,False,False,False,0,,트렌드 미통과,,,,,,,,,
036170,에이치엠넥스,KOSDAQ,nan,8770.0,590.1,True,False,False,64,,패턴 미감지,,,,,,,,,
114190,강원에너지,KOSDAQ,nan,15150.0,-95.6,False,False,False,0,,트렌드 미통과,,,,,,,,,
243840,신흥에스이씨,KOSDAQ,nan,10010.0,-21.0,True,False,False,32,,패턴 미감지,,,,,,,,,
204620,글로벌텍스프리,KOSDAQ,nan,6000.0,-108.5,False,False,False,0,,트렌드 미통과,,,,,,,,,
352480,씨앤씨인터내셔널,KOSDAQ,nan,27150.0,-144.0,False,False,False,0,,트렌드 미통과,,,,,,,,,
016800,퍼시스,KOSPI,nan,34950.0,-145.2,False,False,False,0,,트렌드 미통과,,,,,,,,,
417310,코람코더원리츠,KOSPI,nan,10180.0,-70.9,True,False,False,32,,패턴 미감지,,,,,,,,,
097520,엠씨넥스,KOSPI,nan,22400.0,-144.5,False,False,False,0,,트렌드 미통과,,,,,,,,,
200670,휴메딕스,KOSDAQ,nan,34500.0,-145.6,False,False,False,0,,트렌드 미통과,,,,,,,,,
012030,DB,KOSPI,nan,1969.0,-91.6,True,False,False,32,,패턴 미감지,,,,,,,,,
084990,헬릭스미스,KOSDAQ,nan,7920.0,-26.6,True,False,False,32,,패턴 미감지,,,,,,,,,
034830,한국토지신탁,KOSPI,nan,1544.0,-94.0,False,False,False,0,,트렌드 미통과,,,,,,,,,
007690,국도화학,KOSPI,nan,39300.0,-111.5,False,False,False,0,,트렌드 미통과,,,,,,,,,
452280,한선엔지니어링,KOSDAQ,nan,20150.0,2.4,True,False,False,32,,패턴 미감지,,,,,,,,,
026890,스틱인베스트먼트,KOSPI,nan,9740.0,-132.0,False,False,False,0,,트렌드 미통과,,,,,,,,,
018250,애경산업,KOSPI,nan,14420.0,-119.6,False,False,False,0,,트렌드 미통과,,,,,,,,,
041830,인바디,KOSDAQ,nan,38500.0,-79.1,False,False,False,0,,트렌드 미통과,,,,,,,,,
036890,진성티이씨,KOSDAQ,nan,20000.0,-60.6,True,False,False,32,,패턴 미감지,,,,,,,,,
078340,컴투스,KOSDAQ GLOBAL,nan,31200.0,-133.6,False,False,False,0,,트렌드 미통과,,,,,,,,,
046120,오르비텍,KOSDAQ,nan,11000.0,76.0,True,False,False,64,,패턴 미감지,,,,,,,,,
079940,가비아,KOSDAQ,nan,32150.0,-102.3,False,False,False,0,,트렌드 미통과,,,,,,,,,
041920,메디아나,KOSDAQ,nan,19540.0,18.0,False,False,False,0,,트렌드 미통과,,,,,,,,,
060980,HL홀딩스,KOSPI,nan,43050.0,-118.8,False,False,False,0,,트렌드 미통과,,,,,,,,,
078520,에이블씨엔씨,KOSPI,nan,14090.0,-72.4,False,False,False,0,,트렌드 미통과,,,,,,,,,
365270,큐라클,KOSDAQ,nan,14590.0,-14.7,False,False,False,0,,트렌드 미통과,,,,,,,,,
009160,SIMPAC,KOSPI,nan,6280.0,2.8,True,False,False,32,,패턴 미감지,,,,,,,,,
005010,휴스틸,KOSPI,nan,6350.0,-79.9,True,True,False,37,,대기중(피벗미돌파),7120.0,42.0,10.8,1.56,281.0,5.0,-10.8,danger,True
003720,삼영,KOSPI,nan,12840.0,40.8,True,False,False,64,,패턴 미감지,,,,,,,,,
179900,유티아이,KOSDAQ,nan,20400.0,-131.3,False,False,False,0,,트렌드 미통과,,,,,,,,,
241770,메카로,KOSDAQ,nan,37100.0,-9.8,True,False,False,32,,패턴 미감지,,,,,,,,,
265520,AP시스템,KOSDAQ,nan,30200.0,-63.2,True,False,False,32,,패턴 미감지,,,,,,,,,
200880,서연이화,KOSPI,nan,14090.0,-118.7,True,False,False,32,,패턴 미감지,,,,,,,,,
086390,유니테스트,KOSDAQ,nan,18430.0,-81.1,True,False,False,32,,패턴 미감지,,,,,,,,,
104700,한국철강,KOSPI,nan,10080.0,-115.5,False,False,False,0,,트렌드 미통과,,,,,,,,,
094360,칩스앤미디어,KOSDAQ,nan,19050.0,-111.8,False,False,False,0,,트렌드 미통과,,,,,,,,,
091810,트리니티항공,KOSPI,nan,918.0,-177.3,False,False,False,0,,트렌드 미통과,,,,,,,,,
064290,인텍플러스,KOSDAQ,nan,30700.0,23.4,True,False,False,56,,패턴 미감지,,,,,,,,,
230240,에치에프알,KOSDAQ,nan,38050.0,22.6,True,False,False,56,,패턴 미감지,,,,,,,,,
073490,LIG아큐버,KOSDAQ,nan,51200.0,-4.8,True,False,False,32,,패턴 미감지,,,,,,,,,
236200,슈프리마,KOSDAQ,nan,52100.0,-74.8,True,False,False,32,,패턴 미감지,,,,,,,,,
475400,씨메스로보틱스,KOSDAQ,nan,37550.0,-98.7,False,False,False,0,,트렌드 미통과,,,,,,,,,
011500,한농화성,KOSPI,nan,23550.0,-94.4,True,False,False,32,,패턴 미감지,,,,,,,,,
005720,넥센,KOSPI,nan,7040.0,-98.1,True,False,False,32,,패턴 미감지,,,,,,,,,
144510,지씨셀,KOSDAQ,nan,22350.0,-123.9,False,False,False,0,,트렌드 미통과,,,,,,,,,
084850,아이티엠반도체,KOSDAQ GLOBAL,nan,17210.0,-66.3,False,False,False,0,,트렌드 미통과,,,,,,,,,
001940,KISCO홀딩스,KOSPI,nan,25200.0,-116.8,False,False,False,0,,트렌드 미통과,,,,,,,,,
003800,에이스침대,KOSDAQ,nan,35000.0,-101.1,True,False,False,32,,패턴 미감지,,,,,,,,,
418550,제이오,KOSDAQ,nan,11680.0,-87.9,False,False,False,0,,트렌드 미통과,,,,,,,,,
002810,삼영무역,KOSPI,nan,20900.0,-93.0,True,False,False,32,,패턴 미감지,,,,,,,,,
093520,매커스,KOSDAQ,nan,26000.0,-84.9,True,False,False,32,,패턴 미감지,,,,,,,,,
092230,KPX홀딩스,KOSPI,nan,90500.0,-91.1,True,False,False,32,,패턴 미감지,,,,,,,,,
217730,강스템바이오텍,KOSDAQ,nan,3690.0,-13.9,True,False,False,32,,패턴 미감지,,,,,,,,,
332570,PS일렉트로닉스,KOSDAQ,nan,11050.0,25.3,True,False,False,64,,패턴 미감지,,,,,,,,,
126560,현대퓨처넷,KOSPI,nan,3250.0,-121.3,False,False,False,0,,트렌드 미통과,,,,,,,,,
065660,안트로젠,KOSDAQ,nan,32750.0,-96.3,False,False,False,0,,트렌드 미통과,,,,,,,,,
091580,상신이디피,KOSDAQ,nan,26500.0,25.4,True,False,False,64,,패턴 미감지,,,,,,,,,
053030,바이넥스,KOSDAQ,nan,10560.0,-153.2,False,False,False,0,,트렌드 미통과,,,,,,,,,
099430,바이오플러스,KOSDAQ,nan,5700.0,-127.9,False,False,False,0,,트렌드 미통과,,,,,,,,,
001750,한양증권,KOSPI,nan,28900.0,-57.2,True,False,False,32,,패턴 미감지,,,,,,,,,
014940,오리엔탈정공,KOSDAQ,nan,7520.0,-114.8,False,False,False,0,,트렌드 미통과,,,,,,,,,
402490,그린리소스,KOSDAQ,nan,22650.0,4.8,False,False,False,0,,트렌드 미통과,,,,,,,,,
199820,제일일렉트릭,KOSDAQ,nan,17260.0,-55.0,False,False,False,0,,트렌드 미통과,,,,,,,,,
065680,우주일렉트로,KOSDAQ,nan,41000.0,-105.2,False,False,False,0,,트렌드 미통과,,,,,,,,,
092220,KEC,KOSPI,nan,1838.0,17.4,True,False,False,56,,패턴 미감지,,,,,,,,,
200470,에이팩트,KOSDAQ,nan,9980.0,43.0,True,False,False,64,,패턴 미감지,,,,,,,,,
000680,LS네트웍스,KOSPI,nan,4155.0,-105.6,False,False,False,0,,트렌드 미통과,,,,,,,,,
036200,유니셈,KOSDAQ,nan,12670.0,-69.3,True,False,False,32,,패턴 미감지,,,,,,,,,
108860,셀바스AI,KOSDAQ,nan,13250.0,-120.4,False,False,False,0,,트렌드 미통과,,,,,,,,,
001230,동국홀딩스,KOSPI,nan,39229.0,1549.3,True,False,False,64,,패턴 미감지,,,,,,,,,
448280,에코아이,KOSDAQ,nan,11720.0,-128.6,False,False,False,0,,트렌드 미통과,,,,,,,,,
002310,아세아제지,KOSPI,nan,8610.0,-109.7,False,False,False,0,,트렌드 미통과,,,,,,,,,
451760,컨텍,KOSDAQ,nan,22850.0,-27.0,True,False,False,32,,패턴 미감지,,,,,,,,,
321550,티움바이오,KOSDAQ,nan,10420.0,-29.6,True,False,False,32,,패턴 미감지,,,,,,,,,
085910,네오티스,KOSDAQ,nan,29100.0,373.1,True,False,False,64,,패턴 미감지,,,,,,,,,
101360,에코앤드림,KOSDAQ,nan,18560.0,-137.5,False,False,False,0,,트렌드 미통과,,,,,,,,,
425040,티이엠씨,KOSDAQ,nan,22100.0,46.0,True,False,False,64,,패턴 미감지,,,,,,,,,
088800,에이스테크,KOSDAQ,nan,4790.0,53.7,True,False,False,64,,패턴 미감지,,,,,,,,,
004430,송원산업,KOSPI,nan,14170.0,-80.5,False,False,False,0,,트렌드 미통과,,,,,,,,,
092730,네오팜,KOSDAQ,nan,20150.0,-102.7,False,False,False,0,,트렌드 미통과,,,,,,,,,
035810,이지홀딩스,KOSDAQ,nan,5540.0,-82.9,False,False,False,0,,트렌드 미통과,,,,,,,,,
314930,바이오다인,KOSDAQ,nan,11480.0,-138.1,False,False,False,0,,트렌드 미통과,,,,,,,,,
452430,사피엔반도체,KOSDAQ,nan,44950.0,-60.6,True,False,False,32,,패턴 미감지,,,,,,,,,
058970,엠로,KOSDAQ,nan,26700.0,-159.7,False,False,False,0,,트렌드 미통과,,,,,,,,,
416180,신성에스티,KOSDAQ,nan,37150.0,-125.3,False,False,False,0,,트렌드 미통과,,,,,,,,,
286940,롯데이노베이트,KOSPI,nan,22300.0,-117.2,False,False,False,0,,트렌드 미통과,,,,,,,,,
092460,한라IMS,KOSDAQ,nan,18800.0,-75.3,True,False,False,32,,패턴 미감지,,,,,,,,,
084690,대상홀딩스,KOSPI,nan,9360.0,-131.8,False,False,False,0,,트렌드 미통과,,,,,,,,,
136480,하림,KOSDAQ,nan,3170.0,-114.2,False,False,False,0,,트렌드 미통과,,,,,,,,,
151860,KG에코솔루션,KOSDAQ,nan,6830.0,-104.4,False,False,False,0,,트렌드 미통과,,,,,,,,,
200130,콜마비앤에이치,KOSDAQ GLOBAL,nan,11450.0,-137.3,False,False,False,0,,트렌드 미통과,,,,,,,,,
043150,바텍,KOSDAQ,nan,23050.0,-109.8,False,False,False,0,,트렌드 미통과,,,,,,,,,
338840,와이바이오로직스,KOSDAQ,nan,21200.0,-74.1,False,False,False,0,,트렌드 미통과,,,,,,,,,
052710,아모텍,KOSDAQ,nan,20850.0,-2.3,True,False,False,32,,패턴 미감지,,,,,,,,,
051500,CJ프레시웨이,KOSDAQ,nan,27450.0,-119.3,False,False,False,0,,트렌드 미통과,,,,,,,,,
024720,콜마홀딩스,KOSPI,nan,9430.0,-134.1,False,False,False,0,,트렌드 미통과,,,,,,,,,
094480,갤럭시아머니트리,KOSDAQ,nan,8150.0,-137.1,False,False,False,0,,트렌드 미통과,,,,,,,,,
049630,재영솔루텍,KOSDAQ,nan,13090.0,884.4,True,False,False,64,,패턴 미감지,,,,,,,,,
018000,유니슨,KOSDAQ,nan,1203.0,-115.2,False,False,False,0,,트렌드 미통과,,,,,,,,,
462350,이노스페이스,KOSDAQ,nan,17130.0,-127.4,True,False,False,32,,패턴 미감지,,,,,,,,,
322310,오로스테크놀로지,KOSDAQ,nan,35450.0,-67.7,True,False,False,32,,패턴 미감지,,,,,,,,,
472850,폰드그룹,KOSDAQ,nan,5400.0,-140.1,False,False,False,0,,트렌드 미통과,,,,,,,,,
001340,PKC,KOSPI,nan,7130.0,-106.5,True,True,False,41,,대기중(피벗미돌파),7970.0,37.8,10.5,0.93,335.0,13.0,-10.5,danger,True
060720,KH바텍,KOSDAQ,nan,14030.0,-114.2,False,False,False,0,,트렌드 미통과,,,,,,,,,
123890,한국자산신탁,KOSPI,nan,2535.0,-120.0,False,False,False,0,,트렌드 미통과,,,,,,,,,
054210,이랜텍,KOSDAQ,nan,12640.0,-58.9,True,False,False,32,,패턴 미감지,,,,,,,,,
272450,진에어,KOSPI,nan,6580.0,-136.7,False,False,False,0,,트렌드 미통과,,,,,,,,,
095500,미래나노텍,KOSDAQ,nan,10670.0,-119.5,False,False,False,0,,트렌드 미통과,,,,,,,,,
900140,엘브이엠씨홀딩스,KOSPI,nan,1711.0,-118.8,False,False,False,0,,트렌드 미통과,,,,,,,,,
045390,대아티아이,KOSDAQ,nan,4780.0,-104.4,False,False,False,0,,트렌드 미통과,,,,,,,,,
037270,YG PLUS,KOSPI,nan,4775.0,-153.0,False,False,False,0,,트렌드 미통과,,,,,,,,,
061970,LB세미콘,KOSDAQ,nan,5490.0,-86.9,True,False,False,32,,패턴 미감지,,,,,,,,,
272110,케이엔제이,KOSDAQ,nan,38250.0,-50.5,True,False,False,32,,패턴 미감지,,,,,,,,,
002900,TYM,KOSPI,nan,8150.0,-81.1,True,False,False,32,,패턴 미감지,,,,,,,,,
003520,영진약품,KOSPI,nan,1695.0,-139.1,False,False,False,0,,트렌드 미통과,,,,,,,,,
033270,유나이티드제약,KOSPI,nan,19850.0,-122.2,False,False,False,0,,트렌드 미통과,,,,,,,,,
445090,에이직랜드,KOSDAQ,nan,31000.0,-122.3,False,False,False,0,,트렌드 미통과,,,,,,,,,
128820,대성산업,KOSPI,nan,6660.0,79.5,False,False,False,0,,트렌드 미통과,,,,,,,,,
051370,인터플렉스,KOSDAQ,nan,13340.0,-84.5,True,False,False,32,,패턴 미감지,,,,,,,,,
067390,아스트,KOSDAQ,nan,749.0,-90.6,False,False,False,0,,트렌드 미통과,,,,,,,,,
009470,삼화전기,KOSPI,nan,44400.0,-99.6,True,False,False,32,,패턴 미감지,,,,,,,,,
049070,인탑스,KOSDAQ,nan,19100.0,-113.2,True,False,False,32,,패턴 미감지,,,,,,,,,
096760,JW홀딩스,KOSPI,nan,4120.0,-106.9,False,False,False,0,,트렌드 미통과,,,,,,,,,
005680,삼영전자,KOSPI,nan,15300.0,-83.8,True,False,False,32,,패턴 미감지,,,,,,,,,
215000,골프존,KOSDAQ GLOBAL,nan,49900.0,-138.0,False,False,False,0,,트렌드 미통과,,,,,,,,,
023410,유진기업,KOSDAQ,nan,3850.0,-112.9,False,False,False,0,,트렌드 미통과,,,,,,,,,
017390,서울가스,KOSPI,nan,63200.0,-120.2,False,False,False,0,,트렌드 미통과,,,,,,,,,
357550,석경에이티,KOSDAQ,nan,58500.0,-106.8,False,False,False,0,,트렌드 미통과,,,,,,,,,
243070,휴온스,KOSDAQ,nan,30250.0,-109.2,False,False,False,0,,트렌드 미통과,,,,,,,,,
003920,남양유업,KOSPI,nan,49600.0,-133.8,False,False,False,0,,트렌드 미통과,,,,,,,,,
001780,알루코,KOSPI,nan,2890.0,-93.7,False,False,False,0,,트렌드 미통과,,,,,,,,,
035600,KG이니시스,KOSDAQ,nan,11120.0,-113.1,True,False,False,32,,패턴 미감지,,,,,,,,,
053690,한미글로벌,KOSPI,nan,28500.0,-69.4,True,False,False,32,,패턴 미감지,,,,,,,,,
099440,스맥,KOSDAQ,nan,4095.0,-121.6,False,False,False,0,,트렌드 미통과,,,,,,,,,
251370,와이엠티,KOSDAQ,nan,19780.0,-37.8,True,False,False,32,,패턴 미감지,,,,,,,,,
001460,BYC,KOSPI,nan,49100.0,-90.6,True,False,False,32,,패턴 미감지,,,,,,,,,
035510,신세계 I&C,KOSPI,nan,19990.0,-95.9,True,False,False,32,,패턴 미감지,,,,,,,,,
475560,더본코리아,KOSPI,nan,20250.0,-144.6,False,False,False,0,,트렌드 미통과,,,,,,,,,
064850,에프앤가이드,KOSDAQ,nan,30750.0,114.4,True,False,False,64,,패턴 미감지,,,,,,,,,
004360,세방,KOSPI,nan,15920.0,-105.7,True,False,False,32,,패턴 미감지,,,,,,,,,
005950,이수화학,KOSPI,nan,10750.0,-84.5,False,False,False,0,,트렌드 미통과,,,,,,,,,
274090,켄코아에어로스페이스,KOSDAQ,nan,21850.0,-80.1,True,False,False,32,,패턴 미감지,,,,,,,,,
456010,아이씨티케이,KOSDAQ,nan,22800.0,-78.3,True,False,False,32,,패턴 미감지,,,,,,,,,
092200,디아이씨,KOSPI,nan,7720.0,-94.8,False,False,False,0,,트렌드 미통과,,,,,,,,,
023760,한국캐피탈,KOSDAQ,nan,944.0,-90.2,False,False,False,0,,트렌드 미통과,,,,,,,,,
432720,퀄리타스반도체,KOSDAQ,nan,25550.0,-47.2,True,False,False,32,,패턴 미감지,,,,,,,,,
006805,미래에셋증권우,KOSPI,nan,24150.0,16.3,True,False,False,56,,패턴 미감지,,,,,,,,,
115450,HLB테라퓨틱스,KOSDAQ,nan,3330.0,-127.3,False,False,False,0,,트렌드 미통과,,,,,,,,,
112290,와이씨켐,KOSDAQ,nan,14880.0,-201.9,False,False,False,0,,트렌드 미통과,,,,,,,,,
088260,이리츠코크렙,KOSPI,nan,4520.0,-127.1,False,False,False,0,,트렌드 미통과,,,,,,,,,
003120,일성아이에스,KOSPI,nan,22000.0,-123.6,False,False,False,0,,트렌드 미통과,,,,,,,,,
037710,광주신세계,KOSPI,nan,37450.0,-101.7,False,False,False,0,,트렌드 미통과,,,,,,,,,
382900,범한퓨얼셀,KOSDAQ,nan,35500.0,-69.3,True,False,False,32,,패턴 미감지,,,,,,,,,
294570,쿠콘,KOSDAQ,nan,28750.0,-126.2,False,False,False,0,,트렌드 미통과,,,,,,,,,
054950,제이브이엠,KOSDAQ,nan,24500.0,-122.2,False,False,False,0,,트렌드 미통과,,,,,,,,,
138610,나이벡,KOSDAQ,nan,23950.0,-136.7,False,False,False,0,,트렌드 미통과,,,,,,,,,
092190,서울바이오시스,KOSDAQ,nan,13610.0,270.1,True,False,False,64,,패턴 미감지,,,,,,,,,
459510,나우로보틱스,KOSDAQ,nan,31500.0,-47.5,False,False,False,0,,트렌드 미통과,,,,,,,,,
002320,한진,KOSPI,nan,18990.0,-128.3,False,False,False,0,,트렌드 미통과,,,,,,,,,
108670,LX하우시스,KOSPI,nan,39950.0,-87.3,False,False,False,0,,트렌드 미통과,,,,,,,,,
304100,솔트룩스,KOSDAQ,nan,22100.0,-150.9,False,False,False,0,,트렌드 미통과,,,,,,,,,
219130,타이거일렉,KOSDAQ,nan,60900.0,54.2,True,False,False,64,,패턴 미감지,,,,,,,,,
003960,사조대림,KOSPI,nan,31450.0,-140.6,False,False,False,0,,트렌드 미통과,,,,,,,,,
017890,한국알콜,KOSDAQ,nan,13410.0,-84.3,True,False,False,32,,패턴 미감지,,,,,,,,,
003200,일신방직,KOSPI,nan,12640.0,-110.2,False,False,False,0,,트렌드 미통과,,,,,,,,,
003070,코오롱글로벌,KOSPI,nan,11070.0,-100.7,True,False,False,32,,패턴 미감지,,,,,,,,,
108380,대양전기공업,KOSDAQ,nan,31100.0,-100.5,False,False,False,0,,트렌드 미통과,,,,,,,,,
000320,노루홀딩스,KOSPI,nan,22200.0,-111.3,False,False,False,0,,트렌드 미통과,,,,,,,,,
372170,윤성에프앤씨,KOSDAQ,nan,33800.0,-121.2,False,False,False,0,,트렌드 미통과,,,,,,,,,
044450,KSS해운,KOSPI,nan,11880.0,-99.3,True,False,False,32,,패턴 미감지,,,,,,,,,
098120,마이크로컨텍솔,KOSDAQ,nan,37200.0,-26.7,True,False,False,32,,패턴 미감지,,,,,,,,,
000490,대동,KOSPI,nan,10410.0,-118.7,False,False,False,0,,트렌드 미통과,,,,,,,,,
464080,에스오에스랩,KOSDAQ,nan,17270.0,-91.6,False,False,False,0,,트렌드 미통과,,,,,,,,,
361390,제노코,KOSDAQ,nan,28850.0,-76.7,False,False,False,0,,트렌드 미통과,,,,,,,,,
241590,화승엔터프라이즈,KOSPI,nan,4660.0,-144.7,False,False,False,0,,트렌드 미통과,,,,,,,,,
034120,SBS,KOSPI,nan,15700.0,-142.7,False,False,False,0,,트렌드 미통과,,,,,,,,,
221800,지구홀딩스,KOSDAQ,nan,16060.0,209.7,False,False,False,0,,트렌드 미통과,,,,,,,,,
474170,루미르,KOSDAQ,nan,15200.0,-79.6,True,False,False,32,,패턴 미감지,,,,,,,,,
004980,성신양회,KOSPI,nan,11320.0,-108.7,False,False,False,0,,트렌드 미통과,,,,,,,,,
036800,나이스정보통신,KOSDAQ,nan,28900.0,-90.7,True,False,False,32,,패턴 미감지,,,,,,,,,
334890,이지스밸류플러스리츠,KOSPI,nan,4080.0,-130.8,False,False,False,0,,트렌드 미통과,,,,,,,,,
000650,천일고속,KOSPI,nan,188300.0,85.7,False,False,False,0,,트렌드 미통과,,,,,,,,,
012860,모베이스전자,KOSDAQ,nan,4365.0,2.0,True,False,False,32,,패턴 미감지,,,,,,,,,
226590,엠디바이스,KOSDAQ,nan,25800.0,-38.2,False,False,False,0,,트렌드 미통과,,,,,,,,,
226320,잇츠한불,KOSPI,nan,12060.0,-122.8,False,False,False,0,,트렌드 미통과,,,,,,,,,
000540,흥국화재,KOSPI,nan,4320.0,-108.1,False,False,False,0,,트렌드 미통과,,,,,,,,,
144960,뉴파워프라즈마,KOSDAQ,nan,7350.0,-89.6,True,False,False,32,,패턴 미감지,,,,,,,,,
086820,바이오솔루션,KOSDAQ,nan,10700.0,-100.4,False,False,False,0,,트렌드 미통과,,,,,,,,,
199430,케이엔알시스템,KOSDAQ,nan,25900.0,-57.2,False,False,False,0,,트렌드 미통과,,,,,,,,,
126700,하이비젼시스템,KOSDAQ,nan,18630.0,-106.0,True,False,False,32,,패턴 미감지,,,,,,,,,
013890,지누스,KOSPI,nan,12240.0,-140.9,False,False,False,0,,트렌드 미통과,,,,,,,,,
008350,남선알미늄,KOSPI,nan,2030.0,-62.4,False,False,False,0,,트렌드 미통과,,,,,,,,,
004310,현대약품,KOSPI,nan,8000.0,-66.2,False,False,False,0,,트렌드 미통과,,,,,,,,,
092070,디엔에프,KOSDAQ,nan,24500.0,-51.7,True,False,False,32,,패턴 미감지,,,,,,,,,
083310,엘오티베큠,KOSDAQ,nan,16050.0,-80.5,True,False,False,32,,패턴 미감지,,,,,,,,,
255220,SG,KOSDAQ,nan,2505.0,-119.3,False,False,False,0,,트렌드 미통과,,,,,,,,,
194480,데브시스터즈,KOSDAQ,nan,20700.0,-166.0,False,False,False,0,,트렌드 미통과,,,,,,,,,
043370,피에이치에이,KOSDAQ,nan,13250.0,-101.1,True,False,False,32,,패턴 미감지,,,,,,,,,
382800,지앤비에스 에코,KOSDAQ,nan,8390.0,34.6,True,False,False,64,,패턴 미감지,,,,,,,,,
289930,웨이비스,KOSDAQ,nan,19040.0,-35.0,True,False,False,32,,패턴 미감지,,,,,,,,,
064550,바이오니아,KOSDAQ,nan,9940.0,-149.5,False,False,False,0,,트렌드 미통과,,,,,,,,,
388050,지투파워,KOSDAQ,nan,15290.0,-45.2,True,False,False,32,,패턴 미감지,,,,,,,,,
377190,디앤디플랫폼리츠,KOSPI,nan,2965.0,-134.2,False,False,False,0,,트렌드 미통과,,,,,,,,,
134380,미원화학,KOSPI,nan,12300.0,-210.6,False,False,False,0,,트렌드 미통과,,,,,,,,,
000050,경방,KOSPI,nan,9910.0,-95.8,True,False,False,32,,패턴 미감지,,,,,,,,,
005710,대원산업,KOSDAQ,nan,13950.0,-88.4,True,False,False,32,,패턴 미감지,,,,,,,,,
039860,나노엔텍,KOSDAQ,nan,5930.0,-66.5,True,False,False,32,,패턴 미감지,,,,,,,,,
256840,한국비엔씨,KOSDAQ,nan,3765.0,-140.8,False,False,False,0,,트렌드 미통과,,,,,,,,,
067080,대화제약,KOSDAQ,nan,14230.0,-130.9,False,False,False,0,,트렌드 미통과,,,,,,,,,
078070,유비쿼스홀딩스,KOSDAQ,nan,15460.0,-68.8,True,False,False,32,,패턴 미감지,,,,,,,,,
194700,노바렉스,KOSDAQ,nan,15860.0,-107.4,False,False,False,0,,트렌드 미통과,,,,,,,,,
084680,이월드,KOSPI,nan,1889.0,-98.6,False,False,False,0,,트렌드 미통과,,,,,,,,,
203650,드림시큐리티,KOSDAQ,nan,3655.0,-68.2,False,False,False,0,,트렌드 미통과,,,,,,,,,
404990,신한서부티엔디리츠,KOSPI,nan,4270.0,-106.2,False,False,False,0,,트렌드 미통과,,,,,,,,,
267980,매일유업,KOSDAQ,nan,35650.0,-119.2,False,False,False,0,,트렌드 미통과,,,,,,,,,
004560,현대비앤지스틸,KOSPI,nan,17100.0,-102.2,True,False,False,32,,패턴 미감지,,,,,,,,,
439090,마녀공장,KOSDAQ,nan,16100.0,-118.1,False,False,False,0,,트렌드 미통과,,,,,,,,,
018310,삼목에스폼,KOSDAQ,nan,18030.0,-128.2,False,False,False,0,,트렌드 미통과,,,,,,,,,
030210,다올투자증권,KOSPI,nan,4645.0,-95.7,True,False,False,32,,패턴 미감지,,,,,,,,,
338220,뷰노,KOSDAQ,nan,12730.0,-156.7,False,False,False,0,,트렌드 미통과,,,,,,,,,
357580,아모센스,KOSDAQ,nan,19520.0,-0.2,True,False,False,32,,패턴 미감지,,,,,,,,,
053300,한국정보인증,KOSDAQ,nan,6250.0,-116.0,False,False,False,0,,트렌드 미통과,,,,,,,,,
293580,나우IB,KOSDAQ,nan,2580.0,-48.1,True,False,False,32,,패턴 미감지,,,,,,,,,
214180,헥토이노베이션,KOSDAQ,nan,19970.0,-96.1,True,False,False,32,,패턴 미감지,,,,,,,,,
079960,동양이엔피,KOSDAQ,nan,36550.0,-72.7,True,False,False,32,,패턴 미감지,,,,,,,,,
000390,삼화페인트,KOSPI,nan,8670.0,-86.4,False,False,False,0,,트렌드 미통과,,,,,,,,,
042600,새로닉스,KOSDAQ,nan,19900.0,-40.7,True,False,False,32,,패턴 미감지,,,,,,,,,
004710,한솔테크닉스,KOSPI,nan,9150.0,-59.0,False,False,False,0,,트렌드 미통과,,,,,,,,,
078150,HB테크놀러지,KOSDAQ,nan,4830.0,17.9,True,False,False,56,,패턴 미감지,,,,,,,,,
314130,지놈앤컴퍼니,KOSDAQ,nan,6800.0,-54.4,False,False,False,0,,트렌드 미통과,,,,,,,,,
000430,대원강업,KOSPI,nan,4250.0,-117.8,False,False,False,0,,트렌드 미통과,,,,,,,,,
190510,나무가,KOSDAQ,nan,19070.0,-111.3,False,False,False,0,,트렌드 미통과,,,,,,,,,
001790,대한제당,KOSPI,nan,2745.0,-132.0,False,False,False,0,,트렌드 미통과,,,,,,,,,
058820,CMG제약,KOSDAQ,nan,1586.0,-141.1,False,False,False,0,,트렌드 미통과,,,,,,,,,
007160,사조산업,KOSPI,nan,52000.0,-118.0,False,False,False,0,,트렌드 미통과,,,,,,,,,
034810,해성산업,KOSDAQ,nan,7970.0,-112.2,False,False,False,0,,트렌드 미통과,,,,,,,,,
402030,코난테크놀로지,KOSDAQ,nan,20000.0,-143.2,False,False,False,0,,트렌드 미통과,,,,,,,,,
126600,BGF에코머티리얼즈,KOSDAQ,nan,4010.0,-96.6,True,False,False,32,,패턴 미감지,,,,,,,,,
001130,대한제분,KOSPI,nan,156500.0,-108.6,False,False,False,0,,트렌드 미통과,,,,,,,,,
013580,계룡건설,KOSPI,nan,29000.0,-83.1,True,True,False,40,,대기중(피벗미돌파),30150.0,46.8,6.6,0.55,237.0,16.0,-3.8,safe,True
051360,토비스,KOSDAQ,nan,19410.0,-94.5,False,False,False,0,,트렌드 미통과,,,,,,,,,
013120,동원개발,KOSDAQ,nan,2825.0,-115.7,False,False,False,0,,트렌드 미통과,,,,,,,,,
299030,하나기술,KOSDAQ,nan,27850.0,-111.6,False,False,False,0,,트렌드 미통과,,,,,,,,,
403850,더핑크퐁컴퍼니,KOSDAQ,nan,16160.0,-30.6,False,False,False,0,,트렌드 미통과,,,,,,,,,
353810,이지바이오,KOSDAQ,nan,7660.0,-93.8,True,False,False,32,,패턴 미감지,,,,,,,,,
216080,제테마,KOSDAQ,nan,6470.0,-134.8,False,False,False,0,,트렌드 미통과,,,,,,,,,
457550,우진엔텍,KOSDAQ,nan,28950.0,-99.0,False,False,False,0,,트렌드 미통과,,,,,,,,,
136490,선진,KOSPI,nan,11070.0,-107.5,False,False,False,0,,트렌드 미통과,,,,,,,,,
206640,바디텍메드,KOSDAQ,nan,11560.0,-135.3,False,False,False,0,,트렌드 미통과,,,,,,,,,
125210,아모그린텍,KOSDAQ,nan,14490.0,-4.8,True,False,False,32,,패턴 미감지,,,,,,,,,
122900,아이마켓코리아,KOSPI,nan,7660.0,-128.4,False,False,False,0,,트렌드 미통과,,,,,,,,,
041020,폴라리스오피스,KOSDAQ,nan,4575.0,-129.6,False,False,False,0,,트렌드 미통과,,,,,,,,,
211270,AP위성,KOSDAQ,nan,17100.0,-103.2,True,False,False,32,,패턴 미감지,,,,,,,,,
033920,무학,KOSPI,nan,8760.0,-116.6,False,False,False,0,,트렌드 미통과,,,,,,,,,
095700,제넥신,KOSDAQ,nan,5300.0,-111.1,False,False,False,0,,트렌드 미통과,,,,,,,,,
024060,흥구석유,KOSDAQ,nan,15220.0,-95.2,False,False,False,0,,트렌드 미통과,,,,,,,,,
297090,씨에스베어링,KOSDAQ,nan,7620.0,-97.9,False,False,False,0,,트렌드 미통과,,,,,,,,,
005500,삼진제약,KOSPI,nan,18400.0,-128.0,False,False,False,0,,트렌드 미통과,,,,,,,,,
461300,아이스크림미디어,KOSDAQ,nan,17530.0,-117.7,False,False,False,0,,트렌드 미통과,,,,,,,,,
035150,백산,KOSPI,nan,11670.0,-138.9,False,False,False,0,,트렌드 미통과,,,,,,,,,
036030,케이티알파,KOSDAQ,nan,4945.0,-111.9,False,False,False,0,,트렌드 미통과,,,,,,,,,
100120,뷰웍스,KOSDAQ,nan,31750.0,-81.7,True,False,False,32,,패턴 미감지,,,,,,,,,
117580,대성에너지,KOSPI,nan,8500.0,-119.0,False,False,False,0,,트렌드 미통과,,,,,,,,,
001630,종근당홀딩스,KOSPI,nan,48300.0,-123.8,False,False,False,0,,트렌드 미통과,,,,,,,,,
010955,S-Oil우,KOSPI,nan,56000.0,-99.6,False,False,False,0,,트렌드 미통과,,,,,,,,,
285490,노바텍,KOSDAQ,nan,22550.0,-119.5,True,False,False,32,,패턴 미감지,,,,,,,,,
237880,클리오,KOSDAQ,nan,13070.0,-129.8,False,False,False,0,,트렌드 미통과,,,,,,,,,
102120,어보브반도체,KOSDAQ,nan,14420.0,-97.2,True,False,False,32,,패턴 미감지,,,,,,,,,
950140,잉글우드랩,KOSDAQ,nan,11960.0,-122.0,False,False,False,0,,트렌드 미통과,,,,,,,,,
065710,서호전기,KOSDAQ,nan,45400.0,-101.8,False,False,False,0,,트렌드 미통과,,,,,,,,,
011560,세보엠이씨,KOSDAQ,nan,22100.0,-46.9,True,False,False,32,,패턴 미감지,,,,,,,,,
487570,HS효성,KOSPI,nan,67600.0,-101.8,False,False,False,0,,트렌드 미통과,,,,,,,,,
209640,와이제이링크,KOSDAQ,nan,9690.0,-14.3,False,False,False,0,,트렌드 미통과,,,,,,,,,
244920,에이플러스에셋,KOSPI,nan,10350.0,-76.7,False,False,False,0,,트렌드 미통과,,,,,,,,,
028100,동아지질,KOSPI,nan,17930.0,-113.3,True,False,False,32,,패턴 미감지,,,,,,,,,
009680,모토닉,KOSPI,nan,10900.0,-118.5,False,False,False,0,,트렌드 미통과,,,,,,,,,
036190,금화피에스시,KOSDAQ,nan,39000.0,-91.7,True,False,False,32,,패턴 미감지,,,,,,,,,
073010,케이에스피,KOSDAQ,nan,5790.0,-94.4,False,False,False,0,,트렌드 미통과,,,,,,,,,
095570,AJ네트웍스,KOSPI,nan,4895.0,-115.4,False,False,False,0,,트렌드 미통과,,,,,,,,,
003220,대원제약,KOSPI,nan,10200.0,-142.3,False,False,False,0,,트렌드 미통과,,,,,,,,,
234690,녹십자웰빙,KOSDAQ,nan,11400.0,-93.0,False,False,False,0,,트렌드 미통과,,,,,,,,,
371950,풍원정밀,KOSDAQ,nan,9710.0,-136.2,False,False,False,0,,트렌드 미통과,,,,,,,,,
051905,LG생활건강우,KOSPI,nan,117600.0,-123.5,False,False,False,0,,트렌드 미통과,,,,,,,,,
210980,SK디앤디,KOSPI,nan,12700.0,-109.7,False,False,False,0,,트렌드 미통과,,,,,,,,,
270660,에브리봇,KOSDAQ,nan,18650.0,-125.6,False,False,False,0,,트렌드 미통과,,,,,,,,,
000480,CR홀딩스,KOSPI,nan,4970.0,-124.0,False,False,False,0,,트렌드 미통과,,,,,,,,,
002150,도화엔지니어링,KOSPI,nan,7180.0,-110.2,False,False,False,0,,트렌드 미통과,,,,,,,,,
019010,베뉴지,KOSDAQ,nan,6160.0,6.9,True,False,False,40,,패턴 미감지,,,,,,,,,
083930,아바코,KOSDAQ,nan,14990.0,-116.0,False,False,False,0,,트렌드 미통과,,,,,,,,,
298690,에어부산,KOSPI,nan,2000.0,-118.7,False,False,False,0,,트렌드 미통과,,,,,,,,,
025000,KPX케미칼,KOSPI,nan,54400.0,-105.2,True,False,False,32,,패턴 미감지,,,,,,,,,
053210,스카이라이프,KOSPI,nan,4785.0,-124.3,False,False,False,0,,트렌드 미통과,,,,,,,,,
008490,서흥,KOSPI,nan,19240.0,-125.4,False,False,False,0,,트렌드 미통과,,,,,,,,,
123330,제닉,KOSDAQ,nan,24150.0,-120.6,False,False,False,0,,트렌드 미통과,,,,,,,,,
039840,디오,KOSDAQ,nan,16680.0,-120.3,False,False,False,0,,트렌드 미통과,,,,,,,,,
003610,방림,KOSPI,nan,5690.0,-104.4,False,False,False,0,,트렌드 미통과,,,,,,,,,
036560,KZ정밀,KOSDAQ,nan,14110.0,-115.4,False,False,False,0,,트렌드 미통과,,,,,,,,,
293780,압타바이오,KOSDAQ,nan,8000.0,-117.1,False,False,False,0,,트렌드 미통과,,,,,,,,,
348950,제이알글로벌리츠,KOSPI,nan,1182.0,-171.7,False,False,False,0,,트렌드 미통과,,,,,,,,,
018470,조일알미늄,KOSPI,nan,1640.0,-106.5,False,False,False,0,,트렌드 미통과,,,,,,,,,
104480,티케이케미칼,KOSDAQ,nan,2440.0,-78.2,True,False,False,32,,패턴 미감지,,,,,,,,,
203400,에이비온,KOSDAQ,nan,2345.0,-168.2,False,False,False,0,,트렌드 미통과,,,,,,,,,
146320,비씨엔씨,KOSDAQ,nan,17940.0,-68.0,True,False,False,32,,패턴 미감지,,,,,,,,,
068930,디지털대성,KOSDAQ,nan,8440.0,-110.0,False,False,False,0,,트렌드 미통과,,,,,,,,,
102260,동성케미컬,KOSPI,nan,4285.0,-121.2,False,False,False,0,,트렌드 미통과,,,,,,,,,
033530,SJG세종,KOSPI,nan,7930.0,-102.6,False,False,False,0,,트렌드 미통과,,,,,,,,,
007860,서연,KOSPI,nan,9320.0,-126.7,False,False,False,0,,트렌드 미통과,,,,,,,,,
003350,한국화장품제조,KOSPI,nan,9630.0,-210.9,False,False,False,0,,트렌드 미통과,,,,,,,,,
339770,교촌에프앤비,KOSPI,nan,4340.0,-130.2,False,False,False,0,,트렌드 미통과,,,,,,,,,
000860,강남제비스코,KOSPI,nan,15260.0,-127.8,False,False,False,0,,트렌드 미통과,,,,,,,,,
121440,골프존홀딩스,KOSDAQ,nan,4900.0,-118.4,False,False,False,0,,트렌드 미통과,,,,,,,,,
016880,웅진,KOSPI,nan,2820.0,-88.4,False,False,False,0,,트렌드 미통과,,,,,,,,,
118990,모트렉스,KOSDAQ,nan,9250.0,-118.2,False,False,False,0,,트렌드 미통과,,,,,,,,,
003547,대신증권2우B,KOSPI,nan,22700.0,-105.7,False,False,False,0,,트렌드 미통과,,,,,,,,,
445180,퓨릿,KOSDAQ,nan,11550.0,-64.4,True,False,False,32,,패턴 미감지,,,,,,,,,
289080,SV인베스트먼트,KOSDAQ,nan,4010.0,-8.7,True,False,False,32,,패턴 미감지,,,,,,,,,
147830,제룡산업,KOSDAQ,nan,13730.0,-13.0,True,False,False,32,,패턴 미감지,,,,,,,,,
264660,씨앤지하이테크,KOSDAQ,nan,22800.0,-70.8,True,False,False,32,,패턴 미감지,,,,,,,,,
051980,중앙첨단소재,KOSDAQ,nan,1965.0,-154.4,False,False,False,0,,트렌드 미통과,,,,,,,,,
005960,동부건설,KOSPI,nan,9390.0,-36.9,True,False,False,32,,패턴 미감지,,,,,,,,,
001080,만호제강,KOSPI,nan,5050.0,-222.0,False,False,False,0,,트렌드 미통과,,,,,,,,,
016580,환인제약,KOSPI,nan,11480.0,-121.6,False,False,False,0,,트렌드 미통과,,,,,,,,,
060150,인선이엔티,KOSDAQ,nan,4400.0,-120.8,False,False,False,0,,트렌드 미통과,,,,,,,,,
080160,모두투어,KOSDAQ,nan,11160.0,-120.8,False,False,False,0,,트렌드 미통과,,,,,,,,,
140670,알에스오토메이션,KOSDAQ,nan,17140.0,-119.5,False,False,False,0,,트렌드 미통과,,,,,,,,,
054450,텔레칩스,KOSDAQ,nan,16680.0,-102.8,False,False,False,0,,트렌드 미통과,,,,,,,,,
264450,유비쿼스,KOSDAQ,nan,15970.0,-48.6,True,False,False,32,,패턴 미감지,,,,,,,,,
039570,HDC랩스,KOSPI,nan,8180.0,-128.7,False,False,False,0,,트렌드 미통과,,,,,,,,,
259630,엠플러스,KOSDAQ,nan,17150.0,-62.9,True,False,False,32,,패턴 미감지,,,,,,,,,
432320,KB스타리츠,KOSPI,nan,1909.0,-173.4,False,False,False,0,,트렌드 미통과,,,,,,,,,
032620,GC메디아이,KOSDAQ,nan,3925.0,-116.0,False,False,False,0,,트렌드 미통과,,,,,,,,,
307750,국전,KOSDAQ,nan,3740.0,-108.4,False,False,False,0,,트렌드 미통과,,,,,,,,,
003555,LG우,KOSPI,nan,72600.0,-110.2,True,False,False,32,,패턴 미감지,,,,,,,,,
012610,경인양행,KOSPI,nan,5050.0,-86.1,True,False,False,32,,패턴 미감지,,,,,,,,,
377450,리파인,KOSDAQ,nan,11900.0,-127.3,False,False,False,0,,트렌드 미통과,,,,,,,,,
460850,동국씨엠,KOSPI,nan,6410.0,-109.5,False,False,False,0,,트렌드 미통과,,,,,,,,,
017510,세명전기,KOSDAQ,nan,16570.0,-33.9,True,False,False,32,,패턴 미감지,,,,,,,,,
179290,엠아이텍,KOSDAQ,nan,6460.0,-130.3,False,False,False,0,,트렌드 미통과,,,,,,,,,
950170,JTC,KOSDAQ,nan,5090.0,-129.1,False,False,False,0,,트렌드 미통과,,,,,,,,,
489500,엘케이켐,KOSDAQ,nan,32150.0,-87.4,False,False,False,0,,트렌드 미통과,,,,,,,,,
003650,미창석유,KOSPI,nan,120500.0,-117.7,False,False,False,0,,트렌드 미통과,,,,,,,,,
081000,일진다이아,KOSPI,nan,14070.0,-116.2,True,False,False,32,,패턴 미감지,,,,,,,,,
039560,다산네트웍스,KOSDAQ,nan,5160.0,-59.4,True,False,False,32,,패턴 미감지,,,,,,,,,
123860,아나패스,KOSDAQ,nan,17870.0,-119.1,False,False,False,0,,트렌드 미통과,,,,,,,,,
307180,아이엘,KOSDAQ,nan,8000.0,35.1,True,False,False,64,,패턴 미감지,,,,,,,,,
002780,진흥기업,KOSPI,nan,1449.0,-18.5,True,False,False,32,,패턴 미감지,,,,,,,,,
000140,하이트진로홀딩스,KOSPI,nan,9040.0,-128.0,False,False,False,0,,트렌드 미통과,,,,,,,,,
002990,금호건설,KOSPI,nan,5250.0,-75.8,True,False,False,32,,패턴 미감지,,,,,,,,,
453450,그리드위즈,KOSDAQ,nan,24300.0,-80.7,False,False,False,0,,트렌드 미통과,,,,,,,,,
271980,제일약품,KOSPI,nan,13600.0,-126.7,False,False,False,0,,트렌드 미통과,,,,,,,,,
005160,동국산업,KOSDAQ,nan,3550.0,-106.7,False,False,False,0,,트렌드 미통과,,,,,,,,,
054920,한컴위드,KOSDAQ,nan,7660.0,-44.6,True,False,False,32,,패턴 미감지,,,,,,,,,
267320,나인테크,KOSDAQ,nan,3480.0,-117.9,False,False,False,0,,트렌드 미통과,,,,,,,,,
037350,성도이엔지,KOSDAQ,nan,12260.0,10.5,True,False,False,48,,패턴 미감지,,,,,,,,,
088130,동아엘텍,KOSDAQ,nan,10430.0,35.7,True,False,False,64,,패턴 미감지,,,,,,,,,
102460,이연제약,KOSPI,nan,11240.0,-124.1,False,False,False,0,,트렌드 미통과,,,,,,,,,
234080,JW생명과학,KOSPI,nan,12630.0,-122.5,False,False,False,0,,트렌드 미통과,,,,,,,,,
040160,누리플렉스,KOSDAQ,nan,18140.0,282.2,True,False,False,64,,패턴 미감지,,,,,,,,,
106190,하이텍팜,KOSDAQ,nan,16020.0,-93.1,False,False,False,0,,트렌드 미통과,,,,,,,,,
001045,CJ우,KOSPI,nan,89500.0,-120.5,False,False,False,0,,트렌드 미통과,,,,,,,,,
052330,코텍,KOSDAQ,nan,13730.0,-72.2,True,False,False,32,,패턴 미감지,,,,,,,,,
031440,신세계푸드,KOSPI,nan,52800.0,-88.6,True,False,False,32,,패턴 미감지,,,,,,,,,
008970,KBI동양철관,KOSPI,nan,1831.0,-113.1,False,False,False,0,,트렌드 미통과,,,,,,,,,
003460,유화증권,KOSPI,nan,3620.0,-90.7,True,False,False,32,,패턴 미감지,,,,,,,,,
122990,와이솔,KOSDAQ,nan,7510.0,-97.5,True,True,False,47,,대기중(피벗미돌파),7740.0,20.8,5.8,0.76,245.0,9.0,-3.0,safe,True
119830,아이텍,KOSDAQ,nan,7400.0,-108.5,True,False,False,32,,패턴 미감지,,,,,,,,,
308080,바이젠셀,KOSDAQ,nan,11070.0,26.7,False,False,False,0,,트렌드 미통과,,,,,,,,,
115310,인포바인,KOSDAQ,nan,13010.0,-211.4,False,False,False,0,,트렌드 미통과,,,,,,,,,
046440,KG파이낸셜,KOSDAQ,nan,4975.0,-119.8,False,False,False,0,,트렌드 미통과,,,,,,,,,
213500,한솔제지,KOSPI,nan,8020.0,-128.2,False,False,False,0,,트렌드 미통과,,,,,,,,,
004090,한국석유,KOSPI,nan,14790.0,-116.5,False,False,False,0,,트렌드 미통과,,,,,,,,,
002230,피에스텍,KOSDAQ,nan,10270.0,-47.1,False,False,False,0,,트렌드 미통과,,,,,,,,,
032940,원익,KOSDAQ,nan,10790.0,-70.4,True,False,False,32,,패턴 미감지,,,,,,,,,
101170,우림피티에스,KOSDAQ,nan,16040.0,-16.0,True,False,False,32,,패턴 미감지,,,,,,,,,
082800,비보존 제약,KOSDAQ,nan,3075.0,-162.2,False,False,False,0,,트렌드 미통과,,,,,,,,,
036710,심텍홀딩스,KOSDAQ,nan,5060.0,21.9,False,False,False,0,,트렌드 미통과,,,,,,,,,
317400,자이에스앤디,KOSPI,nan,4580.0,-98.0,True,False,False,32,,패턴 미감지,,,,,,,,,
473980,노머스,KOSDAQ,nan,17700.0,-149.6,False,False,False,0,,트렌드 미통과,,,,,,,,,
002100,경농,KOSPI,nan,10110.0,-115.5,False,False,False,0,,트렌드 미통과,,,,,,,,,
123410,코리아에프티,KOSDAQ,nan,7020.0,-100.0,False,False,False,0,,트렌드 미통과,,,,,,,,,
001360,삼성제약,KOSPI,nan,1839.0,-112.6,False,False,False,0,,트렌드 미통과,,,,,,,,,
086890,이수앱지스,KOSDAQ,nan,4335.0,-137.2,False,False,False,0,,트렌드 미통과,,,,,,,,,
100250,진양홀딩스,KOSPI,nan,3065.0,-124.7,False,False,False,0,,트렌드 미통과,,,,,,,,,
000520,삼일제약,KOSPI,nan,9110.0,-140.3,False,False,False,0,,트렌드 미통과,,,,,,,,,
220260,켐트로스,KOSDAQ,nan,5870.0,-102.3,False,False,False,0,,트렌드 미통과,,,,,,,,,
017550,수산세보틱스,KOSPI,nan,3860.0,-4.6,True,False,False,32,,패턴 미감지,,,,,,,,,
322180,LS티라유텍,KOSDAQ,nan,9870.0,-75.4,True,False,False,32,,패턴 미감지,,,,,,,,,
158430,아톤,KOSDAQ,nan,7960.0,-106.4,False,False,False,0,,트렌드 미통과,,,,,,,,,
365330,에스와이스틸텍,KOSDAQ,nan,3725.0,-127.0,False,False,False,0,,트렌드 미통과,,,,,,,,,
025820,이구산업,KOSPI,nan,6020.0,-105.6,True,False,False,32,,패턴 미감지,,,,,,,,,
012200,계양전기,KOSPI,nan,6530.0,77.1,False,False,False,0,,트렌드 미통과,,,,,,,,,
300080,플리토,KOSDAQ,nan,11500.0,-142.5,False,False,False,0,,트렌드 미통과,,,,,,,,,
037070,파세코,KOSDAQ,nan,9120.0,-91.8,True,True,False,40,,대기중(피벗미돌파),9810.0,43.5,7.0,1.04,196.0,8.0,-7.0,caution,True
114840,아이패밀리에스씨,KOSDAQ,nan,10110.0,-159.4,False,False,False,0,,트렌드 미통과,,,,,,,,,
001520,동양,KOSPI,nan,769.0,-121.3,False,False,False,0,,트렌드 미통과,,,,,,,,,
006060,화승인더,KOSPI,nan,3390.0,-136.0,False,False,False,0,,트렌드 미통과,,,,,,,,,
322510,제이엘케이,KOSDAQ,nan,6410.0,-123.3,False,False,False,0,,트렌드 미통과,,,,,,,,,
047310,파워로직스,KOSDAQ,nan,5240.0,-113.7,True,False,False,32,,패턴 미감지,,,,,,,,,
011785,금호석유화학우,KOSPI,nan,58100.0,-129.6,False,False,False,0,,트렌드 미통과,,,,,,,,,
217820,원익피앤이,KOSDAQ,nan,3790.0,-105.3,False,False,False,0,,트렌드 미통과,,,,,,,,,
143160,아이디스,KOSDAQ,nan,17360.0,-118.3,False,False,False,0,,트렌드 미통과,,,,,,,,,
282880,코윈테크,KOSDAQ,nan,16440.0,-112.1,False,False,False,0,,트렌드 미통과,,,,,,,,,
071840,롯데하이마트,KOSPI,nan,7420.0,-127.0,False,False,False,0,,트렌드 미통과,,,,,,,,,
038390,레드캡투어,KOSDAQ,nan,11120.0,-122.5,False,False,False,0,,트렌드 미통과,,,,,,,,,
015230,대창단조,KOSPI,nan,7320.0,-105.5,True,False,False,32,,패턴 미감지,,,,,,,,,
009580,무림P&P,KOSPI,nan,2845.0,-114.4,False,False,False,0,,트렌드 미통과,,,,,,,,,
217270,넵튠,KOSDAQ,nan,3710.0,-157.1,False,False,False,0,,트렌드 미통과,,,,,,,,,
115500,케이씨에스,KOSDAQ,nan,16700.0,-53.7,True,False,False,32,,패턴 미감지,,,,,,,,,
290690,소룩스,KOSDAQ,nan,3275.0,-143.9,False,False,False,0,,트렌드 미통과,,,,,,,,,
101530,해태제과식품,KOSPI,nan,6360.0,-130.6,False,False,False,0,,트렌드 미통과,,,,,,,,,
446540,메가터치,KOSDAQ,nan,7080.0,-44.4,True,False,False,32,,패턴 미감지,,,,,,,,,
049080,기가레인,KOSDAQ,nan,1799.0,123.6,False,False,False,0,,트렌드 미통과,,,,,,,,,
163730,핑거,KOSDAQ,nan,21950.0,-37.4,False,False,False,0,,트렌드 미통과,,,,,,,,,
048870,시너지이노베이션,KOSDAQ,nan,2020.0,-139.3,False,False,False,0,,트렌드 미통과,,,,,,,,,
005430,한국공항,KOSPI,nan,63900.0,-117.6,False,False,False,0,,트렌드 미통과,,,,,,,,,
214420,토니모리,KOSPI,nan,7250.0,-145.6,False,False,False,0,,트렌드 미통과,,,,,,,,,
334970,프레스티지바이오로직스,KOSDAQ,nan,2150.0,-153.5,False,False,False,0,,트렌드 미통과,,,,,,,,,
097955,CJ제일제당 우,KOSPI,nan,136300.0,-126.1,False,False,False,0,,트렌드 미통과,,,,,,,,,
003480,한진중공업홀딩스,KOSPI,nan,6540.0,-85.9,False,False,False,0,,트렌드 미통과,,,,,,,,,
143240,사람인,KOSDAQ,nan,16770.0,-96.9,False,False,False,0,,트렌드 미통과,,,,,,,,,
400760,NH올원리츠,KOSPI,nan,3195.0,-128.8,False,False,False,0,,트렌드 미통과,,,,,,,,,
037560,LG헬로비전,KOSPI,nan,2265.0,-131.7,False,False,False,0,,트렌드 미통과,,,,,,,,,
086980,쇼박스,KOSDAQ,nan,2940.0,-107.0,False,False,False,0,,트렌드 미통과,,,,,,,,,
149950,아바텍,KOSDAQ,nan,12950.0,-71.7,True,False,False,32,,패턴 미감지,,,,,,,,,
008830,대동기어,KOSDAQ,nan,20250.0,-112.3,False,False,False,0,,트렌드 미통과,,,,,,,,,
049430,코메론,KOSDAQ,nan,19630.0,-53.3,True,False,False,32,,패턴 미감지,,,,,,,,,
092130,이크레더블,KOSDAQ,nan,14970.0,-123.2,False,False,False,0,,트렌드 미통과,,,,,,,,,
452190,한빛레이저,KOSDAQ,nan,9130.0,-39.3,True,False,False,32,,패턴 미감지,,,,,,,,,
290740,액트로,KOSDAQ,nan,18910.0,22.2,False,False,False,0,,트렌드 미통과,,,,,,,,,
016450,한세예스24홀딩스,KOSPI,nan,4505.0,-113.4,False,False,False,0,,트렌드 미통과,,,,,,,,,
107600,새빗켐,KOSDAQ,nan,29850.0,-104.7,False,False,False,0,,트렌드 미통과,,,,,,,,,
047770,코데즈컴바인,KOSDAQ,nan,5470.0,26.3,True,False,False,64,,패턴 미감지,,,,,,,,,
009070,KCTC,KOSPI,nan,5770.0,-117.0,False,False,False,0,,트렌드 미통과,,,,,,,,,
235980,메드팩토,KOSDAQ,nan,4890.0,-114.6,False,False,False,0,,트렌드 미통과,,,,,,,,,
002170,SYTS,KOSPI,nan,58100.0,-115.5,False,False,False,0,,트렌드 미통과,,,,,,,,,
053080,케이엔솔,KOSDAQ,nan,16080.0,-88.3,True,False,False,32,,패턴 미감지,,,,,,,,,
054540,삼영엠텍,KOSDAQ,nan,12410.0,-76.6,False,False,False,0,,트렌드 미통과,,,,,,,,,
066620,국보디자인,KOSDAQ,nan,24550.0,-97.9,True,False,False,32,,패턴 미감지,,,,,,,,,
272550,삼양패키징,KOSPI,nan,11100.0,-140.0,False,False,False,0,,트렌드 미통과,,,,,,,,,
042420,네오위즈홀딩스,KOSDAQ,nan,20000.0,-137.3,False,False,False,0,,트렌드 미통과,,,,,,,,,
456070,이엔셀,KOSDAQ,nan,14030.0,-120.7,False,False,False,0,,트렌드 미통과,,,,,,,,,
090350,노루페인트,KOSPI,nan,8500.0,-122.6,False,False,False,0,,트렌드 미통과,,,,,,,,,
242040,나무기술,KOSDAQ,nan,4485.0,29.9,False,False,False,0,,트렌드 미통과,,,,,,,,,
089470,HDC현대EP,KOSPI,nan,5430.0,-89.6,True,False,False,32,,패턴 미감지,,,,,,,,,
038290,마크로젠,KOSDAQ,nan,15630.0,-124.8,False,False,False,0,,트렌드 미통과,,,,,,,,,
323990,박셀바이오,KOSDAQ,nan,6910.0,-147.5,False,False,False,0,,트렌드 미통과,,,,,,,,,
108230,톱텍,KOSDAQ,nan,4235.0,-128.3,False,False,False,0,,트렌드 미통과,,,,,,,,,
013990,아가방컴퍼니,KOSDAQ,nan,4860.0,-122.9,False,False,False,0,,트렌드 미통과,,,,,,,,,
357880,SKAI,KOSDAQ,nan,3555.0,-34.0,False,False,False,0,,트렌드 미통과,,,,,,,,,
293480,하나제약,KOSPI,nan,9770.0,-135.4,False,False,False,0,,트렌드 미통과,,,,,,,,,
126730,코칩,KOSDAQ,nan,20550.0,-73.2,True,False,False,32,,패턴 미감지,,,,,,,,,
047560,이스트소프트,KOSDAQ,nan,13730.0,-149.6,False,False,False,0,,트렌드 미통과,,,,,,,,,
462520,조선내화,KOSPI,nan,14440.0,-121.6,False,False,False,0,,트렌드 미통과,,,,,,,,,
067280,멀티캠퍼스,KOSDAQ,nan,27300.0,-130.0,False,False,False,0,,트렌드 미통과,,,,,,,,,
039830,오로라,KOSDAQ,nan,17390.0,-78.2,False,False,False,0,,트렌드 미통과,,,,,,,,,
069510,에스텍,KOSDAQ,nan,15960.0,-106.2,False,False,False,0,,트렌드 미통과,,,,,,,,,
086670,비엠티,KOSDAQ,nan,17850.0,-57.3,True,False,False,32,,패턴 미감지,,,,,,,,,
023910,대한약품,KOSDAQ,nan,28400.0,-120.8,False,False,False,0,,트렌드 미통과,,,,,,,,,
396270,넥스트칩,KOSDAQ,nan,5950.0,-82.3,False,False,False,0,,트렌드 미통과,,,,,,,,,
210540,디와이파워,KOSPI,nan,15880.0,-100.2,True,False,False,32,,패턴 미감지,,,,,,,,,
011040,경동제약,KOSDAQ,nan,5540.0,-121.8,False,False,False,0,,트렌드 미통과,,,,,,,,,
166480,코아스템켐온,KOSDAQ,nan,4480.0,-39.4,False,False,False,0,,트렌드 미통과,,,,,,,,,
067000,조이시티,KOSDAQ,nan,2015.0,-123.5,False,False,False,0,,트렌드 미통과,,,,,,,,,
360070,탑머티리얼,KOSDAQ,nan,18460.0,-142.8,False,False,False,0,,트렌드 미통과,,,,,,,,,
148150,세경하이테크,KOSDAQ,nan,4635.0,-139.1,False,False,False,0,,트렌드 미통과,,,,,,,,,
044820,코스맥스비티아이,KOSPI,nan,18250.0,-89.7,False,False,False,0,,트렌드 미통과,,,,,,,,,
256940,킵스파마,KOSDAQ,nan,7080.0,-149.6,False,False,False,0,,트렌드 미통과,,,,,,,,,
004960,한신공영,KOSPI,nan,16190.0,-31.0,True,False,False,32,,패턴 미감지,,,,,,,,,
000020,동화약품,KOSPI,nan,5900.0,-129.4,False,False,False,0,,트렌드 미통과,,,,,,,,,
095190,신화프리텍,KOSDAQ,nan,2345.0,-114.0,False,False,False,0,,트렌드 미통과,,,,,,,,,
297890,HB솔루션,KOSDAQ,nan,2615.0,-108.6,False,False,False,0,,트렌드 미통과,,,,,,,,,
041440,현대에버다임,KOSDAQ,nan,10130.0,-99.5,True,False,False,32,,패턴 미감지,,,,,,,,,
065450,빅텍,KOSDAQ,nan,5080.0,-88.7,False,False,False,0,,트렌드 미통과,,,,,,,,,
085670,뉴프렉스,KOSDAQ,nan,6520.0,-98.4,True,True,False,40,,대기중(피벗미돌파),7150.0,43.4,9.7,0.66,380.0,10.0,-8.8,caution,True
000970,한국주철관,KOSPI,nan,7170.0,-120.6,False,False,False,0,,트렌드 미통과,,,,,,,,,
131030,옵투스제약,KOSDAQ,nan,8550.0,-100.3,False,False,False,0,,트렌드 미통과,,,,,,,,,
389030,지니너스,KOSDAQ,nan,4425.0,-25.5,False,False,False,0,,트렌드 미통과,,,,,,,,,
172670,에이엘티,KOSDAQ,nan,18320.0,-44.1,True,False,False,32,,패턴 미감지,,,,,,,,,
090470,제이스로보틱스,KOSDAQ,nan,8100.0,-20.9,False,False,False,0,,트렌드 미통과,,,,,,,,,
192440,슈피겐코리아,KOSDAQ,nan,26400.0,-107.8,False,False,False,0,,트렌드 미통과,,,,,,,,,
012320,경동인베스트,KOSPI,nan,65300.0,-113.6,False,False,False,0,,트렌드 미통과,,,,,,,,,
040300,YTN,KOSDAQ,nan,3295.0,-114.0,False,False,False,0,,트렌드 미통과,,,,,,,,,
000700,유수홀딩스,KOSPI,nan,6060.0,-118.9,False,False,False,0,,트렌드 미통과,,,,,,,,,
024800,유성티엔에스,KOSDAQ,nan,4640.0,-50.2,True,False,False,32,,패턴 미감지,,,,,,,,,
105330,케이엔더블유,KOSDAQ,nan,10210.0,-19.3,True,False,False,32,,패턴 미감지,,,,,,,,,
021080,에이티넘인베스트,KOSDAQ,nan,3450.0,-91.2,True,False,False,32,,패턴 미감지,,,,,,,,,
182360,큐브엔터,KOSDAQ,nan,9590.0,-152.4,False,False,False,0,,트렌드 미통과,,,,,,,,,
003830,대한화섬,KOSPI,nan,118900.0,-123.0,False,False,False,0,,트렌드 미통과,,,,,,,,,
214390,경보제약,KOSPI,nan,6460.0,-110.1,False,False,False,0,,트렌드 미통과,,,,,,,,,
067990,도이치모터스,KOSDAQ,nan,5370.0,-97.9,False,False,False,0,,트렌드 미통과,,,,,,,,,
260970,에스앤디,KOSDAQ,nan,56400.0,-144.6,False,False,False,0,,트렌드 미통과,,,,,,,,,
025620,차AI헬스케어,KOSPI,nan,7870.0,-146.3,False,False,False,0,,트렌드 미통과,,,,,,,,,
079430,현대리바트,KOSPI,nan,7890.0,-109.6,False,False,False,0,,트렌드 미통과,,,,,,,,,
104460,디와이피엔에프,KOSDAQ,nan,14000.0,-126.2,False,False,False,0,,트렌드 미통과,,,,,,,,,
093640,케이알엠,KOSDAQ,nan,5200.0,-77.8,False,False,False,0,,트렌드 미통과,,,,,,,,,
054800,아이디스홀딩스,KOSDAQ,nan,16400.0,-69.7,True,False,False,32,,패턴 미감지,,,,,,,,,
014280,금강공업,KOSPI,nan,5810.0,-117.0,False,False,False,0,,트렌드 미통과,,,,,,,,,
136540,윈스테크넷,KOSDAQ,nan,12750.0,-109.4,False,False,False,0,,트렌드 미통과,,,,,,,,,
023600,삼보판지,KOSDAQ,nan,9850.0,-111.5,False,False,False,0,,트렌드 미통과,,,,,,,,,
062970,한국첨단소재,KOSDAQ,nan,3270.0,-130.4,False,False,False,0,,트렌드 미통과,,,,,,,,,
077500,유니퀘스트,KOSPI,nan,7810.0,-99.2,False,False,False,0,,트렌드 미통과,,,,,,,,,
063570,NICE인프라,KOSDAQ,nan,4385.0,-118.5,False,False,False,0,,트렌드 미통과,,,,,,,,,
072870,메가스터디,KOSDAQ,nan,13110.0,-99.8,False,False,False,0,,트렌드 미통과,,,,,,,,,
093190,빅솔론,KOSDAQ,nan,8180.0,-78.2,True,False,False,32,,패턴 미감지,,,,,,,,,
080420,모다이노칩,KOSDAQ,nan,1934.0,-123.3,False,False,False,0,,트렌드 미통과,,,,,,,,,
136150,원일티엔아이,KOSDAQ,nan,17750.0,-85.1,False,False,False,0,,트렌드 미통과,,,,,,,,,
021320,KCC건설,KOSDAQ,nan,7020.0,-78.5,True,False,False,32,,패턴 미감지,,,,,,,,,
009270,신원,KOSPI,nan,1425.0,-129.2,False,False,False,0,,트렌드 미통과,,,,,,,,,
214680,디알텍,KOSDAQ,nan,1772.0,-125.1,False,False,False,0,,트렌드 미통과,,,,,,,,,
078000,텔코웨어,KOSPI,nan,16760.0,-102.3,False,False,False,0,,트렌드 미통과,,,,,,,,,
053700,삼보모터스,KOSDAQ,nan,5760.0,-107.4,False,False,False,0,,트렌드 미통과,,,,,,,,,
123040,엠에스오토텍,KOSDAQ,nan,2400.0,-116.9,False,False,False,0,,트렌드 미통과,,,,,,,,,
041520,이엘씨,KOSDAQ,nan,12000.0,-45.4,False,False,False,0,,트렌드 미통과,,,,,,,,,
382840,원준,KOSDAQ,nan,9690.0,-118.0,False,False,False,0,,트렌드 미통과,,,,,,,,,
004970,신라교역,KOSPI,nan,9700.0,-119.1,False,False,False,0,,트렌드 미통과,,,,,,,,,
038110,에코플라스틱,KOSDAQ,nan,3265.0,-117.3,False,False,False,0,,트렌드 미통과,,,,,,,,,
013520,화승코퍼레이션,KOSPI,nan,3260.0,-65.5,True,False,False,32,,패턴 미감지,,,,,,,,,
263720,디앤씨미디어,KOSDAQ,nan,11640.0,-135.1,False,False,False,0,,트렌드 미통과,,,,,,,,,
011700,한신기계,KOSPI,nan,5090.0,-80.2,True,False,False,32,,패턴 미감지,,,,,,,,,
083420,그린케미칼,KOSPI,nan,5980.0,-136.8,False,False,False,0,,트렌드 미통과,,,,,,,,,
094280,효성ITX,KOSPI,nan,12790.0,-122.4,False,False,False,0,,트렌드 미통과,,,,,,,,,
049960,쎌바이오텍,KOSDAQ,nan,16450.0,-92.2,True,True,False,47,,대기중(피벗미돌파),16550.0,21.0,5.1,1.61,321.0,15.0,-0.6,safe,True
306620,지아이에스,KOSDAQ,nan,3420.0,-70.4,True,False,False,32,,패턴 미감지,,,,,,,,,
036010,아비코전자,KOSDAQ,nan,10460.0,-64.5,True,False,False,32,,패턴 미감지,,,,,,,,,
321370,센서뷰,KOSDAQ,nan,3215.0,-38.7,True,False,False,32,,패턴 미감지,,,,,,,,,
007540,샘표,KOSPI,nan,49650.0,-118.4,False,False,False,0,,트렌드 미통과,,,,,,,,,
250060,모비스,KOSDAQ,nan,4965.0,-58.2,False,False,False,0,,트렌드 미통과,,,,,,,,,
005860,한일사료,KOSDAQ,nan,3615.0,-109.5,False,False,False,0,,트렌드 미통과,,,,,,,,,
045970,코아시아,KOSDAQ,nan,5610.0,-108.6,False,False,False,0,,트렌드 미통과,,,,,,,,,
012800,대창,KOSPI,nan,1659.0,-104.1,False,False,False,0,,트렌드 미통과,,,,,,,,,
139990,아주스틸,KOSPI,nan,3615.0,-119.4,False,False,False,0,,트렌드 미통과,,,,,,,,,
015890,태경산업,KOSPI,nan,5000.0,-122.3,False,False,False,0,,트렌드 미통과,,,,,,,,,
037030,파워넷,KOSDAQ,nan,8090.0,81.5,True,False,False,64,,패턴 미감지,,,,,,,,,
240550,동방메디컬,KOSDAQ,nan,6840.0,-143.7,False,False,False,0,,트렌드 미통과,,,,,,,,,
307930,컴퍼니케이,KOSDAQ,nan,9200.0,-73.5,True,False,False,32,,패턴 미감지,,,,,,,,,
476040,오가노이드사이언스,KOSDAQ,nan,19760.0,-102.2,False,False,False,0,,트렌드 미통과,,,,,,,,,
013310,아진산업,KOSDAQ,nan,4335.0,-81.9,True,False,False,32,,패턴 미감지,,,,,,,,,
090850,현대이지웰,KOSDAQ,nan,6060.0,-106.6,False,False,False,0,,트렌드 미통과,,,,,,,,,
215100,로보로보,KOSDAQ,nan,7350.0,-114.8,False,False,False,0,,트렌드 미통과,,,,,,,,,
005990,매일홀딩스,KOSDAQ,nan,11330.0,-110.5,False,False,False,0,,트렌드 미통과,,,,,,,,,
016740,두올,KOSPI,nan,4990.0,-93.7,True,False,False,32,,패턴 미감지,,,,,,,,,
115440,우리넷,KOSDAQ,nan,17780.0,28.4,True,False,False,64,,패턴 미감지,,,,,,,,,
020120,키다리스튜디오,KOSPI,nan,3955.0,-109.3,False,False,False,0,,트렌드 미통과,,,,,,,,,
011280,태림포장,KOSPI,nan,1988.0,-124.5,False,False,False,0,,트렌드 미통과,,,,,,,,,
070960,모나용평,KOSPI,nan,3090.0,-138.2,False,False,False,0,,트렌드 미통과,,,,,,,,,
310200,애니플러스,KOSDAQ,nan,2655.0,-144.3,False,False,False,0,,트렌드 미통과,,,,,,,,,
129920,대성하이텍,KOSDAQ,nan,9480.0,-9.4,False,False,False,0,,트렌드 미통과,,,,,,,,,
024090,디씨엠,KOSPI,nan,12300.0,-123.7,False,False,False,0,,트렌드 미통과,,,,,,,,,
006620,동구바이오제약,KOSDAQ,nan,4990.0,-123.0,False,False,False,0,,트렌드 미통과,,,,,,,,,
027710,팜스토리,KOSDAQ,nan,1518.0,-89.9,True,False,False,32,,패턴 미감지,,,,,,,,,
228670,레이,KOSDAQ,nan,7250.0,-102.6,False,False,False,0,,트렌드 미통과,,,,,,,,,
298000,효성화학,KOSPI,nan,38900.0,-118.3,False,False,False,0,,트렌드 미통과,,,,,,,,,
107590,미원홀딩스,KOSPI,nan,61700.0,-137.7,False,False,False,0,,트렌드 미통과,,,,,,,,,
123690,한국화장품,KOSPI,nan,8550.0,-135.8,False,False,False,0,,트렌드 미통과,,,,,,,,,
008040,사조동아원,KOSPI,nan,1124.0,-121.2,False,False,False,0,,트렌드 미통과,,,,,,,,,
109610,에스와이,KOSDAQ,nan,2940.0,-127.2,False,False,False,0,,트렌드 미통과,,,,,,,,,
443670,에스피소프트,KOSDAQ,nan,5620.0,-125.7,False,False,False,0,,트렌드 미통과,,,,,,,,,
003100,선광,KOSDAQ,nan,28500.0,-66.4,True,False,False,32,,패턴 미감지,,,,,,,,,
255440,야스,KOSDAQ,nan,11300.0,-89.1,True,True,False,51,,대기중(피벗미돌파),12270.0,38.3,11.6,2.08,344.0,13.0,-7.9,caution,True
027970,한국제지,KOSPI,nan,731.0,-132.7,False,False,False,0,,트렌드 미통과,,,,,,,,,
071280,로체시스템즈,KOSDAQ,nan,9820.0,-135.4,False,False,False,0,,트렌드 미통과,,,,,,,,,
004250,NPC,KOSPI,nan,3735.0,-131.4,False,False,False,0,,트렌드 미통과,,,,,,,,,
246710,티앤알바이오팹,KOSDAQ,nan,2705.0,-130.0,False,False,False,0,,트렌드 미통과,,,,,,,,,
002620,제일파마홀딩스,KOSPI,nan,8650.0,-118.6,False,False,False,0,,트렌드 미통과,,,,,,,,,
049950,미래컴퍼니,KOSDAQ,nan,16400.0,-123.7,False,False,False,0,,트렌드 미통과,,,,,,,,,
122450,KX,KOSDAQ,nan,3100.0,-135.8,False,False,False,0,,트렌드 미통과,,,,,,,,,
350520,이지스레지던스리츠,KOSPI,nan,3750.0,-130.1,False,False,False,0,,트렌드 미통과,,,,,,,,,
001290,상상인증권,KOSPI,nan,1314.0,-18.2,True,False,False,32,,패턴 미감지,,,,,,,,,
049720,고려신용정보,KOSDAQ,nan,10030.0,-119.7,False,False,False,0,,트렌드 미통과,,,,,,,,,
366030,공구우먼,KOSDAQ,nan,6600.0,-87.7,True,False,False,32,,패턴 미감지,,,,,,,,,
002390,한독,KOSPI,nan,9930.0,-137.5,False,False,False,0,,트렌드 미통과,,,,,,,,,
035000,HS애드,KOSPI,nan,8750.0,-113.7,False,False,False,0,,트렌드 미통과,,,,,,,,,
363280,티와이홀딩스,KOSPI,nan,2750.0,-115.2,False,False,False,0,,트렌드 미통과,,,,,,,,,
079810,APS이노베이션,KOSDAQ,nan,5950.0,-118.3,False,False,False,0,,트렌드 미통과,,,,,,,,,
159010,아스플로,KOSDAQ,nan,14500.0,95.8,True,False,False,64,,패턴 미감지,,,,,,,,,
100130,동국S&C,KOSDAQ,nan,2320.0,-108.7,False,False,False,0,,트렌드 미통과,,,,,,,,,
035080,그래디언트,KOSDAQ,nan,11600.0,-127.2,False,False,False,0,,트렌드 미통과,,,,,,,,,
025950,동신건설,KOSDAQ,nan,16370.0,-138.5,False,False,False,0,,트렌드 미통과,,,,,,,,,
226400,오스테오닉,KOSDAQ,nan,6270.0,-125.1,False,False,False,0,,트렌드 미통과,,,,,,,,,
225530,HC보광산업,KOSDAQ,nan,3190.0,-119.2,False,False,False,0,,트렌드 미통과,,,,,,,,,
010100,한국무브넥스,KOSPI,nan,4460.0,-127.4,False,False,False,0,,트렌드 미통과,,,,,,,,,
004140,동방,KOSPI,nan,2825.0,-117.7,False,False,False,0,,트렌드 미통과,,,,,,,,,
396300,세아메카닉스,KOSDAQ,nan,6900.0,-15.0,True,False,False,32,,패턴 미감지,,,,,,,,,
014530,극동유화,KOSPI,nan,3730.0,-114.7,False,False,False,0,,트렌드 미통과,,,,,,,,,
066310,큐에스아이,KOSDAQ,nan,14980.0,-32.7,True,False,False,32,,패턴 미감지,,,,,,,,,
039980,폴라리스AI,KOSDAQ,nan,8540.0,166.4,False,False,False,0,,트렌드 미통과,,,,,,,,,
019180,티에이치엔,KOSPI,nan,7440.0,-54.2,False,False,False,0,,트렌드 미통과,,,,,,,,,
013570,디와이,KOSPI,nan,5200.0,-109.4,True,False,False,32,,패턴 미감지,,,,,,,,,
187870,디바이스,KOSDAQ,nan,21550.0,-50.9,False,False,False,0,,트렌드 미통과,,,,,,,,,
141000,비아트론,KOSDAQ,nan,12270.0,-68.1,True,False,False,32,,패턴 미감지,,,,,,,,,
016710,대성홀딩스,KOSPI,nan,8390.0,-123.3,False,False,False,0,,트렌드 미통과,,,,,,,,,
014710,사조씨푸드,KOSPI,nan,7790.0,-123.1,False,False,False,0,,트렌드 미통과,,,,,,,,,
042510,라온시큐어,KOSDAQ,nan,12500.0,15.2,False,False,False,0,,트렌드 미통과,,,,,,,,,
002220,한일철강,KOSPI,nan,5630.0,-51.4,False,False,False,0,,트렌드 미통과,,,,,,,,,
059120,아진엑스텍,KOSDAQ,nan,12980.0,-64.0,False,False,False,0,,트렌드 미통과,,,,,,,,,
007210,벽산,KOSPI,nan,2085.0,-114.5,False,False,False,0,,트렌드 미통과,,,,,,,,,
067900,와이엔텍,KOSDAQ,nan,7520.0,-102.3,False,False,False,0,,트렌드 미통과,,,,,,,,,
089600,KT나스미디어,KOSDAQ,nan,11900.0,-130.9,False,False,False,0,,트렌드 미통과,,,,,,,,,
086710,선진뷰티사이언스,KOSDAQ,nan,10780.0,-118.2,False,False,False,0,,트렌드 미통과,,,,,,,,,
014790,HL D&I,KOSPI,nan,3510.0,-89.1,True,False,False,32,,패턴 미감지,,,,,,,,,
131370,알서포트,KOSDAQ,nan,2420.0,-129.7,False,False,False,0,,트렌드 미통과,,,,,,,,,
089230,THE E&M,KOSDAQ,nan,4150.0,156.0,True,False,False,64,,패턴 미감지,,,,,,,,,
004150,한솔홀딩스,KOSPI,nan,3355.0,-111.0,False,False,False,0,,트렌드 미통과,,,,,,,,,
024840,KBI메탈,KOSDAQ,nan,9300.0,287.4,True,False,False,64,,패턴 미감지,,,,,,,,,
267290,경동도시가스,KOSPI,nan,22850.0,-110.9,True,False,False,32,,패턴 미감지,,,,,,,,,
205100,엑셈,KOSDAQ,nan,1889.0,-131.7,False,False,False,0,,트렌드 미통과,,,,,,,,,
005800,신영와코루,KOSPI,nan,14920.0,-113.6,False,False,False,0,,트렌드 미통과,,,,,,,,,
005870,휴니드,KOSPI,nan,8470.0,-124.4,False,False,False,0,,트렌드 미통과,,,,,,,,,
042500,링네트,KOSDAQ,nan,5600.0,-78.6,False,False,False,0,,트렌드 미통과,,,,,,,,,
052260,현대바이오랜드,KOSDAQ,nan,4475.0,-117.1,False,False,False,0,,트렌드 미통과,,,,,,,,,
095270,웨이브일렉트로,KOSDAQ,nan,8410.0,-41.3,True,False,False,32,,패턴 미감지,,,,,,,,,
337930,젝시믹스,KOSDAQ,nan,4220.0,-143.0,False,False,False,0,,트렌드 미통과,,,,,,,,,
014580,태경비케이,KOSPI,nan,4745.0,-124.3,False,False,False,0,,트렌드 미통과,,,,,,,,,
092040,아미코젠,KOSDAQ,nan,1715.0,-147.3,False,False,False,0,,트렌드 미통과,,,,,,,,,
002460,HS화성,KOSPI,nan,13940.0,-96.3,True,False,False,32,,패턴 미감지,,,,,,,,,
217330,싸이토젠,KOSDAQ,nan,5980.0,-76.4,False,False,False,0,,트렌드 미통과,,,,,,,,,
000440,중앙에너비스,KOSDAQ,nan,19300.0,-90.5,False,False,False,0,,트렌드 미통과,,,,,,,,,
036220,오상헬스케어,KOSDAQ,nan,8580.0,-152.2,False,False,False,0,,트렌드 미통과,,,,,,,,,
262260,에이프로,KOSDAQ,nan,10780.0,-42.0,False,False,False,0,,트렌드 미통과,,,,,,,,,
088390,이녹스,KOSDAQ,nan,13900.0,-91.3,False,False,False,0,,트렌드 미통과,,,,,,,,,
317770,엑스페릭스,KOSDAQ,nan,3680.0,-109.4,False,False,False,0,,트렌드 미통과,,,,,,,,,
023900,풍국주정,KOSDAQ,nan,10440.0,-104.3,False,False,False,0,,트렌드 미통과,,,,,,,,,
095720,웅진씽크빅,KOSPI,nan,1154.0,-138.7,False,False,False,0,,트렌드 미통과,,,,,,,,,
273640,와이엠텍,KOSDAQ,nan,13290.0,-67.6,False,False,False,0,,트렌드 미통과,,,,,,,,,
389140,포바이포,KOSDAQ,nan,8340.0,-141.6,False,False,False,0,,트렌드 미통과,,,,,,,,,
054050,농우바이오,KOSDAQ,nan,7820.0,-122.2,False,False,False,0,,트렌드 미통과,,,,,,,,,
054620,APS,KOSDAQ,nan,6690.0,-72.6,False,False,False,0,,트렌드 미통과,,,,,,,,,
067830,세이브존I&C,KOSPI,nan,3185.0,-104.2,True,False,False,32,,패턴 미감지,,,,,,,,,
331920,셀레믹스,KOSDAQ,nan,13950.0,206.3,True,False,False,64,,패턴 미감지,,,,,,,,,
004080,신흥,KOSPI,nan,13930.0,-124.5,False,False,False,0,,트렌드 미통과,,,,,,,,,
029480,광무,KOSDAQ,nan,2135.0,-128.5,False,False,False,0,,트렌드 미통과,,,,,,,,,
007110,일신석재,KOSPI,nan,1703.0,-130.2,False,False,False,0,,트렌드 미통과,,,,,,,,,
023800,인지컨트롤스,KOSPI,nan,8120.0,-96.5,True,False,False,32,,패턴 미감지,,,,,,,,,
032300,한국파마,KOSDAQ,nan,11080.0,-135.2,False,False,False,0,,트렌드 미통과,,,,,,,,,
432470,케이엔에스,KOSDAQ,nan,15390.0,-91.7,True,False,False,32,,패턴 미감지,,,,,,,,,
109740,디에스케이,KOSDAQ,nan,5180.0,-137.6,False,False,False,0,,트렌드 미통과,,,,,,,,,
120030,조선선재,KOSPI,nan,98900.0,-125.4,False,False,False,0,,트렌드 미통과,,,,,,,,,
014160,대영포장,KOSPI,nan,1132.0,-124.9,False,False,False,0,,트렌드 미통과,,,,,,,,,
036580,팜스코,KOSPI,nan,3490.0,-89.2,True,False,False,32,,패턴 미감지,,,,,,,,,
009780,엠에스씨,KOSDAQ,nan,7160.0,-126.7,False,False,False,0,,트렌드 미통과,,,,,,,,,
227840,현대코퍼레이션홀딩스,KOSPI,nan,13880.0,-107.1,False,False,False,0,,트렌드 미통과,,,,,,,,,
019680,대교,KOSPI,nan,1430.0,-151.8,False,False,False,0,,트렌드 미통과,,,,,,,,,
044990,에이치엔에스하이텍,KOSDAQ,nan,19410.0,-95.6,False,False,False,0,,트렌드 미통과,,,,,,,,,
396470,워트,KOSDAQ,nan,9670.0,-95.1,False,False,False,0,,트렌드 미통과,,,,,,,,,
074430,아미노로직스,KOSDAQ,nan,1327.0,-104.7,False,False,False,0,,트렌드 미통과,,,,,,,,,
038540,상상인,KOSDAQ,nan,2120.0,-108.1,False,False,False,0,,트렌드 미통과,,,,,,,,,
251120,바이오에프디엔씨,KOSDAQ,nan,13450.0,-134.2,False,False,False,0,,트렌드 미통과,,,,,,,,,
223250,드림씨아이에스,KOSDAQ,nan,7120.0,-48.2,False,False,False,0,,트렌드 미통과,,,,,,,,,
100700,세운메디칼,KOSDAQ,nan,2675.0,-108.0,False,False,False,0,,트렌드 미통과,,,,,,,,,
053260,금강철강,KOSDAQ,nan,6050.0,-71.2,True,False,False,32,,패턴 미감지,,,,,,,,,
265740,엔에프씨,KOSDAQ,nan,7000.0,-101.3,False,False,False,0,,트렌드 미통과,,,,,,,,,
091120,이엠텍,KOSDAQ,nan,7000.0,-144.6,False,False,False,0,,트렌드 미통과,,,,,,,,,
049520,유아이엘,KOSDAQ,nan,3970.0,-108.8,False,False,False,0,,트렌드 미통과,,,,,,,,,
248170,샘표식품,KOSPI,nan,26750.0,-128.6,False,False,False,0,,트렌드 미통과,,,,,,,,,
063170,서울옥션,KOSDAQ,nan,6890.0,-128.4,False,False,False,0,,트렌드 미통과,,,,,,,,,
088280,쏘닉스,KOSDAQ,nan,6900.0,118.2,True,False,False,64,,패턴 미감지,,,,,,,,,
059210,메타바이오메드,KOSDAQ,nan,4230.0,-138.8,False,False,False,0,,트렌드 미통과,,,,,,,,,
305090,마이크로디지탈,KOSDAQ,nan,5300.0,-164.0,False,False,False,0,,트렌드 미통과,,,,,,,,,
294630,서남,KOSDAQ,nan,4415.0,-63.2,True,False,False,32,,패턴 미감지,,,,,,,,,
078140,대봉엘에스,KOSDAQ,nan,10700.0,-134.3,False,False,False,0,,트렌드 미통과,,,,,,,,,
381620,제닉스로보틱스,KOSDAQ,nan,11710.0,-112.6,False,False,False,0,,트렌드 미통과,,,,,,,,,
073560,우리손에프앤지,KOSDAQ,nan,1779.0,-102.3,True,False,False,32,,패턴 미감지,,,,,,,,,
003310,대주산업,KOSDAQ,nan,3240.0,-88.5,False,False,False,0,,트렌드 미통과,,,,,,,,,
063080,컴투스홀딩스,KOSDAQ,nan,16990.0,-140.1,False,False,False,0,,트렌드 미통과,,,,,,,,,
004100,태양금속,KOSPI,nan,3160.0,-96.6,True,True,False,38,,대기중(피벗미돌파),3640.0,38.3,13.2,1.21,379.0,10.0,-13.2,danger,True
290720,푸드나무,KOSDAQ,nan,3380.0,-58.8,True,False,False,32,,패턴 미감지,,,,,,,,,
339950,아이비김영,KOSDAQ,nan,2715.0,-89.6,True,True,False,40,,대기중(피벗미돌파),2850.0,41.5,6.7,0.59,256.0,9.0,-4.7,safe,True
267850,아시아나IDT,KOSPI,nan,10610.0,-130.2,False,False,False,0,,트렌드 미통과,,,,,,,,,
078890,가온그룹,KOSDAQ,nan,8700.0,-14.0,True,False,False,32,,패턴 미감지,,,,,,,,,
081180,쎄크,KOSDAQ,nan,13010.0,-61.9,True,False,False,32,,패턴 미감지,,,,,,,,,
388870,파로스아이바이오,KOSDAQ,nan,8290.0,-98.1,False,False,False,0,,트렌드 미통과,,,,,,,,,
101670,하이드로리튬,KOSDAQ,nan,2005.0,-126.7,False,False,False,0,,트렌드 미통과,,,,,,,,,
053580,웹케시,KOSDAQ,nan,8590.0,-143.1,False,False,False,0,,트렌드 미통과,,,,,,,,,
142210,유니트론텍,KOSDAQ,nan,6250.0,-121.2,False,False,False,0,,트렌드 미통과,,,,,,,,,
024880,케이피에프,KOSDAQ,nan,5610.0,-97.9,True,False,False,32,,패턴 미감지,,,,,,,,,
370090,퓨런티어,KOSDAQ,nan,14520.0,-121.2,False,False,False,0,,트렌드 미통과,,,,,,,,,
330730,스톤브릿지벤처스,KOSDAQ,nan,6390.0,-88.9,True,False,False,32,,패턴 미감지,,,,,,,,,
001020,페이퍼코리아,KOSPI,nan,674.0,-119.7,False,False,False,0,,트렌드 미통과,,,,,,,,,
330350,위더스제약,KOSDAQ,nan,8530.0,-104.8,False,False,False,0,,트렌드 미통과,,,,,,,,,
026150,특수건설,KOSDAQ,nan,6570.0,-124.0,False,False,False,0,,트렌드 미통과,,,,,,,,,
448710,코츠테크놀로지,KOSDAQ,nan,20450.0,-114.7,False,False,False,0,,트렌드 미통과,,,,,,,,,
018120,진로발효,KOSDAQ,nan,17920.0,-118.1,False,False,False,0,,트렌드 미통과,,,,,,,,,
024740,한일단조,KOSDAQ,nan,3340.0,-71.2,True,False,False,32,,패턴 미감지,,,,,,,,,
099750,이지케어텍,KOSDAQ,nan,8140.0,-155.3,False,False,False,0,,트렌드 미통과,,,,,,,,,
205500,넥써쓰,KOSDAQ,nan,1650.0,-154.3,False,False,False,0,,트렌드 미통과,,,,,,,,,
038460,바이오스마트,KOSDAQ,nan,3990.0,-117.0,False,False,False,0,,트렌드 미통과,,,,,,,,,
079980,휴비스,KOSPI,nan,3230.0,-107.5,False,False,False,0,,트렌드 미통과,,,,,,,,,
048530,인트론바이오,KOSDAQ,nan,3390.0,-129.7,False,False,False,0,,트렌드 미통과,,,,,,,,,
451220,아이엠티,KOSDAQ,nan,16990.0,-53.2,True,False,False,32,,패턴 미감지,,,,,,,,,
034590,인천도시가스,KOSPI,nan,26800.0,-120.5,False,False,False,0,,트렌드 미통과,,,,,,,,,
265560,영화테크,KOSDAQ,nan,10360.0,-88.5,True,False,False,32,,패턴 미감지,,,,,,,,,
096240,크레버스,KOSDAQ,nan,10410.0,-138.3,False,False,False,0,,트렌드 미통과,,,,,,,,,
298540,더네이쳐홀딩스,KOSDAQ,nan,7980.0,-132.0,False,False,False,0,,트렌드 미통과,,,,,,,,,
051160,지어소프트,KOSDAQ,nan,7430.0,-128.7,False,False,False,0,,트렌드 미통과,,,,,,,,,
036420,콘텐트리중앙,KOSPI,nan,5750.0,-154.8,False,False,False,0,,트렌드 미통과,,,,,,,,,
000230,일동홀딩스,KOSPI,nan,9030.0,-122.3,False,False,False,0,,트렌드 미통과,,,,,,,,,
131400,이브이첨단소재,KOSDAQ,nan,1797.0,-119.4,False,False,False,0,,트렌드 미통과,,,,,,,,,
008700,아남전자,KOSPI,nan,1427.0,-117.8,False,False,False,0,,트렌드 미통과,,,,,,,,,
058850,KTcs,KOSPI,nan,2620.0,-129.7,False,False,False,0,,트렌드 미통과,,,,,,,,,
418470,KT밀리의서재,KOSDAQ,nan,12780.0,-125.7,False,False,False,0,,트렌드 미통과,,,,,,,,,
067290,JW신약,KOSDAQ,nan,1820.0,-110.8,False,False,False,0,,트렌드 미통과,,,,,,,,,
086960,MDS테크,KOSDAQ,nan,3160.0,60.1,True,False,False,64,,패턴 미감지,,,,,,,,,
006840,AK홀딩스,KOSPI,nan,8100.0,-135.9,False,False,False,0,,트렌드 미통과,,,,,,,,,
008260,NI스틸,KOSPI,nan,4015.0,-110.0,False,False,False,0,,트렌드 미통과,,,,,,,,,
017370,우신시스템,KOSPI,nan,5940.0,-136.0,False,False,False,0,,트렌드 미통과,,,,,,,,,
424960,스마트레이더시스템,KOSDAQ,nan,7130.0,-133.6,False,False,False,0,,트렌드 미통과,,,,,,,,,
412350,레이저쎌,KOSDAQ,nan,7450.0,54.2,True,False,False,64,,패턴 미감지,,,,,,,,,
208370,셀바스헬스케어,KOSDAQ,nan,4130.0,-128.5,False,False,False,0,,트렌드 미통과,,,,,,,,,
084670,동양고속,KOSPI,nan,35200.0,74.7,False,False,False,0,,트렌드 미통과,,,,,,,,,
105740,디케이락,KOSDAQ,nan,10330.0,-107.9,False,False,False,0,,트렌드 미통과,,,,,,,,,
317830,에스피시스템스,KOSDAQ,nan,11080.0,-105.9,False,False,False,0,,트렌드 미통과,,,,,,,,,
033290,로젠,KOSDAQ,nan,1965.0,-121.9,False,False,False,0,,트렌드 미통과,,,,,,,,,
377480,마음AI,KOSDAQ,nan,18060.0,-124.9,False,False,False,0,,트렌드 미통과,,,,,,,,,
277880,티에스아이,KOSDAQ,nan,5890.0,-118.7,False,False,False,0,,트렌드 미통과,,,,,,,,,
002450,삼익악기,KOSPI,nan,1219.0,-122.4,False,False,False,0,,트렌드 미통과,,,,,,,,,
348350,위드텍,KOSDAQ,nan,11330.0,-91.5,False,False,False,0,,트렌드 미통과,,,,,,,,,
439580,블루엠텍,KOSDAQ,nan,3045.0,-163.9,False,False,False,0,,트렌드 미통과,,,,,,,,,
066700,테라젠이텍스,KOSDAQ,nan,2935.0,-115.5,False,False,False,0,,트렌드 미통과,,,,,,,,,
101330,모베이스,KOSDAQ,nan,4940.0,-95.3,False,False,False,0,,트렌드 미통과,,,,,,,,,
096350,대창솔루션,KOSDAQ,nan,3030.0,167.6,True,False,False,64,,패턴 미감지,,,,,,,,,
010660,화천기계,KOSPI,nan,4650.0,-130.8,False,False,False,0,,트렌드 미통과,,,,,,,,,
066590,스모트로닉,KOSDAQ,nan,2635.0,-134.0,False,False,False,0,,트렌드 미통과,,,,,,,,,
003580,HLB글로벌,KOSPI,nan,2105.0,-135.2,False,False,False,0,,트렌드 미통과,,,,,,,,,
362320,청담글로벌,KOSDAQ,nan,4910.0,-142.6,False,False,False,0,,트렌드 미통과,,,,,,,,,
030960,양지사,KOSDAQ,nan,6610.0,-137.9,False,False,False,0,,트렌드 미통과,,,,,,,,,
100590,머큐리,KOSDAQ,nan,9340.0,51.2,True,False,False,64,,패턴 미감지,,,,,,,,,
048550,SM C&C,KOSDAQ,nan,1066.0,-137.9,False,False,False,0,,트렌드 미통과,,,,,,,,,
040910,아이씨디,KOSDAQ,nan,6280.0,-67.7,True,False,False,32,,패턴 미감지,,,,,,,,,
347860,알체라,KOSDAQ,nan,2375.0,-106.7,False,False,False,0,,트렌드 미통과,,,,,,,,,
094840,슈프리마에이치큐,KOSDAQ,nan,12440.0,-36.8,True,False,False,32,,패턴 미감지,,,,,,,,,
011370,서한,KOSDAQ,nan,1069.0,-97.6,True,False,False,32,,패턴 미감지,,,,,,,,,
382480,지아이텍,KOSDAQ,nan,2720.0,-101.9,True,False,False,32,,패턴 미감지,,,,,,,,,
014970,삼륭물산,KOSDAQ,nan,6710.0,-115.1,False,False,False,0,,트렌드 미통과,,,,,,,,,
032560,황금에스티,KOSPI,nan,6250.0,-116.4,False,False,False,0,,트렌드 미통과,,,,,,,,,
039340,한국경제TV,KOSDAQ,nan,4860.0,-131.7,False,False,False,0,,트렌드 미통과,,,,,,,,,
001275,부국증권우,KOSPI,nan,36250.0,-85.3,False,False,False,0,,트렌드 미통과,,,,,,,,,
460940,피앤에스로보틱스,KOSDAQ,nan,8470.0,-156.5,False,False,False,0,,트렌드 미통과,,,,,,,,,
419050,삼기에너지솔루션즈,KOSDAQ,nan,1829.0,-117.5,False,False,False,0,,트렌드 미통과,,,,,,,,,
311320,지오엘리먼트,KOSDAQ,nan,8680.0,-99.8,True,True,False,47,,대기중(피벗미돌파),8980.0,25.5,5.8,1.53,383.0,8.0,-3.3,safe,True
006660,삼성공조,KOSPI,nan,13540.0,-121.4,False,False,False,0,,트렌드 미통과,,,,,,,,,
264900,크라운제과,KOSPI,nan,8570.0,-126.1,False,False,False,0,,트렌드 미통과,,,,,,,,,
315640,딥노이드,KOSDAQ,nan,3245.0,-145.8,False,False,False,0,,트렌드 미통과,,,,,,,,,
063160,종근당바이오,KOSPI,nan,19310.0,-135.9,False,False,False,0,,트렌드 미통과,,,,,,,,,
005740,크라운해태홀딩스,KOSPI,nan,7330.0,-113.3,False,False,False,0,,트렌드 미통과,,,,,,,,,
082850,우리바이오,KOSDAQ,nan,2095.0,-120.2,False,False,False,0,,트렌드 미통과,,,,,,,,,
002200,한국수출포장,KOSPI,nan,2760.0,-132.0,False,False,False,0,,트렌드 미통과,,,,,,,,,
052860,아이앤씨,KOSDAQ,nan,7150.0,85.8,True,False,False,64,,패턴 미감지,,,,,,,,,
049480,오픈베이스,KOSDAQ,nan,3120.0,-90.9,False,False,False,0,,트렌드 미통과,,,,,,,,,
006140,피제이전자,KOSDAQ,nan,7640.0,-100.3,True,False,False,32,,패턴 미감지,,,,,,,,,
039610,화성밸브,KOSDAQ,nan,9410.0,-118.4,False,False,False,0,,트렌드 미통과,,,,,,,,,
004440,삼일씨엔에스,KOSPI,nan,7240.0,-81.0,False,False,False,0,,트렌드 미통과,,,,,,,,,
348150,고바이오랩,KOSDAQ,nan,4935.0,-128.7,False,False,False,0,,트렌드 미통과,,,,,,,,,
007820,엠엑스로보틱스,KOSDAQ,nan,5140.0,-117.4,True,False,False,32,,패턴 미감지,,,,,,,,,
001540,안국약품,KOSDAQ,nan,7990.0,-115.9,False,False,False,0,,트렌드 미통과,,,,,,,,,
046940,우원개발,KOSDAQ,nan,5750.0,-47.0,True,False,False,32,,패턴 미감지,,,,,,,,,
058630,엠게임,KOSDAQ,nan,5070.0,-132.1,False,False,False,0,,트렌드 미통과,,,,,,,,,
023450,동남합성,KOSPI,nan,31000.0,-129.0,False,False,False,0,,트렌드 미통과,,,,,,,,,
163560,동일고무벨트,KOSPI,nan,7610.0,-115.4,False,False,False,0,,트렌드 미통과,,,,,,,,,
059270,해성에어로보틱스,KOSDAQ,nan,10070.0,-104.3,False,False,False,0,,트렌드 미통과,,,,,,,,,
201490,미투온,KOSDAQ,nan,3070.0,-137.1,False,False,False,0,,트렌드 미통과,,,,,,,,,
041930,SY동아,KOSDAQ,nan,6700.0,-111.0,False,False,False,0,,트렌드 미통과,,,,,,,,,
078935,GS우,KOSPI,nan,57500.0,-98.0,True,False,False,32,,패턴 미감지,,,,,,,,,
261780,차백신연구소,KOSDAQ,nan,3030.0,-111.5,False,False,False,0,,트렌드 미통과,,,,,,,,,
025550,한국선재,KOSDAQ,nan,3905.0,-111.1,False,False,False,0,,트렌드 미통과,,,,,,,,,
357230,에이치피오,KOSDAQ,nan,2765.0,-106.6,False,False,False,0,,트렌드 미통과,,,,,,,,,
035610,솔본,KOSDAQ,nan,3705.0,-123.8,False,False,False,0,,트렌드 미통과,,,,,,,,,
004840,DRB동일,KOSPI,nan,5250.0,-121.9,False,False,False,0,,트렌드 미통과,,,,,,,,,
352090,스톰테크,KOSDAQ,nan,3780.0,-112.8,False,False,False,0,,트렌드 미통과,,,,,,,,,
007980,TP,KOSPI,nan,2100.0,-94.1,True,False,False,32,,패턴 미감지,,,,,,,,,
060560,HC홈센타,KOSDAQ,nan,3405.0,208.4,True,False,False,64,,패턴 미감지,,,,,,,,,
009300,삼아제약,KOSDAQ,nan,16180.0,-121.4,False,False,False,0,,트렌드 미통과,,,,,,,,,
091440,한울소재과학,KOSDAQ,nan,3090.0,-103.4,True,False,False,32,,패턴 미감지,,,,,,,,,
137950,제이씨케미칼,KOSDAQ,nan,4245.0,-97.6,False,False,False,0,,트렌드 미통과,,,,,,,,,
043610,KT지니뮤직,KOSDAQ,nan,1715.0,-130.7,False,False,False,0,,트렌드 미통과,,,,,,,,,
033230,인성정보,KOSDAQ,nan,1864.0,-118.4,False,False,False,0,,트렌드 미통과,,,,,,,,,
311690,CJ 바이오사이언스,KOSDAQ,nan,7710.0,-134.7,False,False,False,0,,트렌드 미통과,,,,,,,,,
019990,에너토크,KOSDAQ,nan,10250.0,-85.2,True,False,False,32,,패턴 미감지,,,,,,,,,
072950,빛샘전자,KOSDAQ,nan,16190.0,95.8,False,False,False,0,,트렌드 미통과,,,,,,,,,
013360,일성건설,KOSPI,nan,1855.0,-123.0,False,False,False,0,,트렌드 미통과,,,,,,,,,
124560,태웅로직스,KOSDAQ,nan,2495.0,-129.7,False,False,False,0,,트렌드 미통과,,,,,,,,,
228850,레이언스,KOSDAQ,nan,6080.0,-111.2,False,False,False,0,,트렌드 미통과,,,,,,,,,
002700,신일전자,KOSPI,nan,1417.0,-122.2,False,False,False,0,,트렌드 미통과,,,,,,,,,
006890,태경케미컬,KOSPI,nan,8390.0,-127.3,False,False,False,0,,트렌드 미통과,,,,,,,,,
461030,아이엠비디엑스,KOSDAQ,nan,6620.0,-147.8,False,False,False,0,,트렌드 미통과,,,,,,,,,
238090,앤디포스,KOSDAQ,nan,3800.0,-0.4,True,False,False,32,,패턴 미감지,,,,,,,,,
347890,엠엑스온,KOSDAQ,nan,5980.0,-121.3,False,False,False,0,,트렌드 미통과,,,,,,,,,
054670,대한뉴팜,KOSDAQ,nan,6610.0,-121.4,False,False,False,0,,트렌드 미통과,,,,,,,,,
065530,와이어블,KOSDAQ,nan,2100.0,-62.0,False,False,False,0,,트렌드 미통과,,,,,,,,,
191420,테고사이언스,KOSDAQ,nan,13160.0,-134.7,False,False,False,0,,트렌드 미통과,,,,,,,,,
105550,엣지파운드리,KOSDAQ,nan,873.0,-175.3,False,False,False,0,,트렌드 미통과,,,,,,,,,
084650,랩지노믹스,KOSDAQ,nan,1341.0,-152.7,False,False,False,0,,트렌드 미통과,,,,,,,,,
000180,성창기업지주,KOSPI,nan,6860.0,232.1,True,False,False,64,,패턴 미감지,,,,,,,,,
033130,디지틀조선,KOSDAQ,nan,2565.0,-64.7,False,False,False,0,,트렌드 미통과,,,,,,,,,
002720,국제약품,KOSPI,nan,4490.0,-125.4,False,False,False,0,,트렌드 미통과,,,,,,,,,
290670,대보마그네틱,KOSDAQ,nan,11400.0,-137.5,False,False,False,0,,트렌드 미통과,,,,,,,,,
020710,시공테크,KOSDAQ,nan,4765.0,-112.4,False,False,False,0,,트렌드 미통과,,,,,,,,,
071090,하이스틸,KOSPI,nan,4420.0,-113.6,False,False,False,0,,트렌드 미통과,,,,,,,,,
453860,에이에스텍,KOSDAQ,nan,14120.0,-133.6,False,False,False,0,,트렌드 미통과,,,,,,,,,
222040,코스맥스엔비티,KOSDAQ,nan,6790.0,-29.3,False,False,False,0,,트렌드 미통과,,,,,,,,,
036630,세종텔레콤,KOSDAQ,nan,9440.0,327.9,False,False,False,0,,트렌드 미통과,,,,,,,,,
120240,대정화금,KOSDAQ,nan,13270.0,-116.2,False,False,False,0,,트렌드 미통과,,,,,,,,,
012700,리드코프,KOSDAQ,nan,3650.0,-124.2,False,False,False,0,,트렌드 미통과,,,,,,,,,
058860,KTis,KOSPI,nan,2845.0,-119.9,False,False,False,0,,트렌드 미통과,,,,,,,,,
055490,테이팩스,KOSPI,nan,21050.0,-79.9,True,False,False,32,,패턴 미감지,,,,,,,,,
175140,휴먼테크놀로지,KOSDAQ,nan,3770.0,-139.4,False,False,False,0,,트렌드 미통과,,,,,,,,,
323350,다원넥스뷰,KOSDAQ,nan,22350.0,93.6,True,False,False,64,,패턴 미감지,,,,,,,,,
096775,SK이노베이션우,KOSPI,nan,75700.0,-118.7,False,False,False,0,,트렌드 미통과,,,,,,,,,
004060,SG세계물산,KOSPI,nan,3820.0,947.8,True,False,False,64,,패턴 미감지,,,,,,,,,
019540,일지테크,KOSDAQ,nan,7250.0,-51.4,True,False,False,32,,패턴 미감지,,,,,,,,,
048430,유라테크,KOSDAQ,nan,8090.0,-123.4,False,False,False,0,,트렌드 미통과,,,,,,,,,
001260,남광토건,KOSPI,nan,10020.0,-101.8,False,False,False,0,,트렌드 미통과,,,,,,,,,
212560,네오오토,KOSDAQ,nan,8690.0,-107.6,False,False,False,0,,트렌드 미통과,,,,,,,,,
048910,대원미디어,KOSDAQ,nan,7270.0,-133.2,False,False,False,0,,트렌드 미통과,,,,,,,,,
023000,삼원강재,KOSPI,nan,2405.0,-124.6,False,False,False,0,,트렌드 미통과,,,,,,,,,
033320,제이씨현시스템,KOSDAQ,nan,4720.0,-120.2,False,False,False,0,,트렌드 미통과,,,,,,,,,
083790,CG인바이츠,KOSDAQ,nan,1166.0,-140.2,False,False,False,0,,트렌드 미통과,,,,,,,,,
056360,코위버,KOSDAQ,nan,10900.0,-16.8,True,False,False,32,,패턴 미감지,,,,,,,,,
084730,팅크웨어,KOSDAQ,nan,8430.0,-125.7,False,False,False,0,,트렌드 미통과,,,,,,,,,
290660,다이나믹솔루션,KOSDAQ,nan,1204.0,-105.8,False,False,False,0,,트렌드 미통과,,,,,,,,,
011150,CJ씨푸드,KOSPI,nan,2620.0,-132.8,False,False,False,0,,트렌드 미통과,,,,,,,,,
093920,서원인텍,KOSDAQ,nan,5230.0,-121.5,False,False,False,0,,트렌드 미통과,,,,,,,,,
004890,동일산업,KOSPI,nan,38100.0,-129.9,False,False,False,0,,트렌드 미통과,,,,,,,,,
044340,위닉스,KOSDAQ,nan,5150.0,-125.5,False,False,False,0,,트렌드 미통과,,,,,,,,,
010960,삼호개발,KOSPI,nan,3945.0,-115.8,False,False,False,0,,트렌드 미통과,,,,,,,,,
217190,제너셈,KOSDAQ,nan,8500.0,-98.3,False,False,False,0,,트렌드 미통과,,,,,,,,,
004650,창해에탄올,KOSDAQ,nan,10400.0,-112.5,False,False,False,0,,트렌드 미통과,,,,,,,,,
007460,에이프로젠,KOSPI,nan,4393.0,9413.9,True,False,False,64,,패턴 미감지,,,,,,,,,
046210,HLB파나진,KOSDAQ,nan,1969.0,-108.4,False,False,False,0,,트렌드 미통과,,,,,,,,,
072020,중앙백신,KOSDAQ,nan,10050.0,-115.4,False,False,False,0,,트렌드 미통과,,,,,,,,,
014440,영보화학,KOSPI,nan,4705.0,-123.1,False,False,False,0,,트렌드 미통과,,,,,,,,,
253840,수젠텍,KOSDAQ,nan,6250.0,-119.9,False,False,False,0,,트렌드 미통과,,,,,,,,,
241690,유니테크노,KOSDAQ,nan,4010.0,-97.8,True,False,False,32,,패턴 미감지,,,,,,,,,
126880,제이엔케이글로벌,KOSDAQ,nan,3860.0,-125.1,False,False,False,0,,트렌드 미통과,,,,,,,,,
302550,리메드,KOSDAQ,nan,2940.0,-123.6,False,False,False,0,,트렌드 미통과,,,,,,,,,
299660,셀리드,KOSDAQ,nan,3450.0,-118.5,False,False,False,0,,트렌드 미통과,,,,,,,,,
058400,KNN,KOSDAQ,nan,698.0,-123.1,False,False,False,0,,트렌드 미통과,,,,,,,,,
005750,대림바스,KOSPI,nan,5480.0,-100.5,False,False,False,0,,트렌드 미통과,,,,,,,,,
171120,라이온켐텍,KOSDAQ,nan,2435.0,-104.7,False,False,False,0,,트렌드 미통과,,,,,,,,,
134580,탑코미디어,KOSDAQ,nan,2015.0,-115.7,False,False,False,0,,트렌드 미통과,,,,,,,,,
041910,폴라리스AI파마,KOSDAQ,nan,7580.0,-102.1,False,False,False,0,,트렌드 미통과,,,,,,,,,
013870,지엠비코리아,KOSPI,nan,4600.0,-119.2,False,False,False,0,,트렌드 미통과,,,,,,,,,
040420,정상제이엘에스,KOSDAQ,nan,5970.0,-118.9,False,False,False,0,,트렌드 미통과,,,,,,,,,
060590,씨티씨바이오,KOSDAQ,nan,3665.0,-146.7,False,False,False,0,,트렌드 미통과,,,,,,,,,
032850,비트컴퓨터,KOSDAQ,nan,5300.0,-114.7,False,False,False,0,,트렌드 미통과,,,,,,,,,
214270,FSN,KOSDAQ,nan,1908.0,-119.5,False,False,False,0,,트렌드 미통과,,,,,,,,,
067570,엔브이에이치코리아,KOSDAQ,nan,2150.0,-124.4,False,False,False,0,,트렌드 미통과,,,,,,,,,
060570,드림어스컴퍼니,KOSDAQ,nan,1110.0,-145.9,False,False,False,0,,트렌드 미통과,,,,,,,,,
007280,한국특강,KOSPI,nan,2990.0,-40.7,False,False,False,0,,트렌드 미통과,,,,,,,,,
451250,삐아,KOSDAQ,nan,8480.0,-134.0,False,False,False,0,,트렌드 미통과,,,,,,,,,
054040,한국컴퓨터,KOSDAQ,nan,5720.0,-99.1,False,False,False,0,,트렌드 미통과,,,,,,,,,
110790,크리스에프앤씨,KOSDAQ,nan,3900.0,-127.1,False,False,False,0,,트렌드 미통과,,,,,,,,,
011320,유니크,KOSDAQ,nan,4550.0,-105.1,False,False,False,0,,트렌드 미통과,,,,,,,,,
192250,케이사인,KOSDAQ,nan,13020.0,-92.1,False,False,False,0,,트렌드 미통과,,,,,,,,,
085310,엔케이,KOSPI,nan,1169.0,-107.7,False,False,False,0,,트렌드 미통과,,,,,,,,,
023810,인팩,KOSPI,nan,8660.0,-96.5,False,False,False,0,,트렌드 미통과,,,,,,,,,
065440,이루온,KOSDAQ,nan,3845.0,26.5,True,False,False,64,,패턴 미감지,,,,,,,,,
000590,CS홀딩스,KOSPI,nan,79600.0,-125.3,False,False,False,0,,트렌드 미통과,,,,,,,,,
068290,삼성출판사,KOSPI,nan,8220.0,-163.6,False,False,False,0,,트렌드 미통과,,,,,,,,,
065510,휴비츠,KOSDAQ,nan,7530.0,-130.0,False,False,False,0,,트렌드 미통과,,,,,,,,,
000105,유한양행우,KOSPI,nan,74700.0,-149.2,False,False,False,0,,트렌드 미통과,,,,,,,,,
004720,팜젠사이언스,KOSPI,nan,4000.0,-127.4,False,False,False,0,,트렌드 미통과,,,,,,,,,
217500,러셀,KOSDAQ,nan,2730.0,-101.9,False,False,False,0,,트렌드 미통과,,,,,,,,,
039010,현대에이치티,KOSDAQ,nan,10860.0,-76.7,True,False,False,32,,패턴 미감지,,,,,,,,,
100220,비상교육,KOSPI,nan,7230.0,-91.9,False,False,False,0,,트렌드 미통과,,,,,,,,,
038680,에스넷,KOSDAQ,nan,4850.0,-89.0,False,False,False,0,,트렌드 미통과,,,,,,,,,
031820,아이티센씨티에스,KOSPI,nan,7500.0,989.4,True,False,False,64,,패턴 미감지,,,,,,,,,
347000,센코,KOSDAQ,nan,2410.0,-110.1,False,False,False,0,,트렌드 미통과,,,,,,,,,
001560,제일연마,KOSPI,nan,11350.0,-103.0,True,True,False,43,,대기중(피벗미돌파),12180.0,17.1,6.8,0.83,216.0,7.0,-6.8,safe,True
120115,코오롱인더우,KOSPI,nan,30750.0,-92.4,True,False,False,32,,패턴 미감지,,,,,,,,,
128660,피제이메탈,KOSDAQ,nan,3520.0,-100.5,True,True,False,44,,대기중(피벗미돌파),3975.0,31.3,11.4,0.26,370.0,18.0,-11.4,danger,True
071670,에이테크솔루션,KOSDAQ,nan,9300.0,-97.4,False,False,False,0,,트렌드 미통과,,,,,,,,,
003010,혜인,KOSPI,nan,7410.0,-78.7,True,False,False,32,,패턴 미감지,,,,,,,,,
009180,한솔로지스틱스,KOSPI,nan,3445.0,-92.8,False,False,False,0,,트렌드 미통과,,,,,,,,,
002800,신신제약,KOSDAQ,nan,5570.0,-121.6,False,False,False,0,,트렌드 미통과,,,,,,,,,
081150,티플랙스,KOSDAQ,nan,3540.0,-104.8,False,False,False,0,,트렌드 미통과,,,,,,,,,
016250,SGC E&C,KOSDAQ,nan,16460.0,-106.6,False,False,False,0,,트렌드 미통과,,,,,,,,,
099220,SDN,KOSDAQ,nan,1282.0,-112.9,False,False,False,0,,트렌드 미통과,,,,,,,,,
170030,현대공업,KOSDAQ,nan,6140.0,-119.9,False,False,False,0,,트렌드 미통과,,,,,,,,,
291650,압타머사이언스,KOSDAQ,nan,1512.0,-72.7,False,False,False,0,,트렌드 미통과,,,,,,,,,
111380,동인기연,KOSPI,nan,13890.0,-130.5,False,False,False,0,,트렌드 미통과,,,,,,,,,
396690,미래에셋글로벌리츠,KOSPI,nan,2000.0,-148.4,False,False,False,0,,트렌드 미통과,,,,,,,,,
102370,케이옥션,KOSDAQ,nan,3100.0,-138.0,False,False,False,0,,트렌드 미통과,,,,,,,,,
187420,HLB제넥스,KOSDAQ,nan,2660.0,-129.1,False,False,False,0,,트렌드 미통과,,,,,,,,,
338100,NH프라임리츠,KOSPI,nan,4655.0,-121.7,False,False,False,0,,트렌드 미통과,,,,,,,,,
002600,조흥,KOSPI,nan,145400.0,-132.4,False,False,False,0,,트렌드 미통과,,,,,,,,,
094940,푸른기술,KOSDAQ,nan,10810.0,-97.9,True,False,False,32,,패턴 미감지,,,,,,,,,
012690,모나리자,KOSPI,nan,2225.0,-131.5,False,False,False,0,,트렌드 미통과,,,,,,,,,
130580,나이스디앤비,KOSDAQ,nan,5590.0,-115.2,False,False,False,0,,트렌드 미통과,,,,,,,,,
036640,HRS,KOSDAQ,nan,5170.0,-118.4,False,False,False,0,,트렌드 미통과,,,,,,,,,
027830,대성창투,KOSDAQ,nan,1516.0,-133.9,False,False,False,0,,트렌드 미통과,,,,,,,,,
111710,남화산업,KOSDAQ,nan,4000.0,-129.7,False,False,False,0,,트렌드 미통과,,,,,,,,,
053280,예스24,KOSDAQ,nan,3365.0,-131.0,False,False,False,0,,트렌드 미통과,,,,,,,,,
900250,크리스탈신소재,KOSDAQ,nan,543.0,-149.0,False,False,False,0,,트렌드 미통과,,,,,,,,,
216050,인크로스,KOSDAQ,nan,6640.0,-125.2,False,False,False,0,,트렌드 미통과,,,,,,,,,
215360,우리산업,KOSDAQ,nan,9220.0,-113.6,False,False,False,0,,트렌드 미통과,,,,,,,,,
018500,동원금속,KOSPI,nan,1799.0,-103.3,True,False,False,32,,패턴 미감지,,,,,,,,,
214330,금호에이치티,KOSPI,nan,3380.0,369.0,False,False,False,0,,트렌드 미통과,,,,,,,,,
014470,부방,KOSDAQ,nan,1336.0,-129.7,False,False,False,0,,트렌드 미통과,,,,,,,,,
246690,TS인베스트먼트,KOSDAQ,nan,1785.0,-100.9,True,False,False,32,,패턴 미감지,,,,,,,,,
214260,라파스,KOSDAQ,nan,9370.0,-148.9,False,False,False,0,,트렌드 미통과,,,,,,,,,
101140,인바이오젠,KOSPI,nan,7920.0,-145.2,False,False,False,0,,트렌드 미통과,,,,,,,,,
109080,옵티시스,KOSDAQ,nan,15130.0,-50.7,True,False,False,32,,패턴 미감지,,,,,,,,,
207760,미스터블루,KOSDAQ,nan,958.0,-150.2,False,False,False,0,,트렌드 미통과,,,,,,,,,
452400,이닉스,KOSDAQ,nan,9000.0,-134.7,False,False,False,0,,트렌드 미통과,,,,,,,,,
000850,화천기공,KOSPI,nan,37550.0,-112.5,True,False,False,32,,패턴 미감지,,,,,,,,,
142280,녹십자엠에스,KOSDAQ,nan,3995.0,-117.3,False,False,False,0,,트렌드 미통과,,,,,,,,,
443250,레뷰코퍼레이션,KOSDAQ,nan,7440.0,-150.7,False,False,False,0,,트렌드 미통과,,,,,,,,,
095910,에스에너지,KOSDAQ,nan,2180.0,-72.6,False,False,False,0,,트렌드 미통과,,,,,,,,,
104620,노랑풍선,KOSDAQ,nan,4830.0,-124.6,False,False,False,0,,트렌드 미통과,,,,,,,,,
376930,노을,KOSDAQ,nan,1221.0,-158.8,False,False,False,0,,트렌드 미통과,,,,,,,,,
009200,무림페이퍼,KOSPI,nan,1972.0,-127.0,False,False,False,0,,트렌드 미통과,,,,,,,,,
123420,위메이드플레이,KOSDAQ,nan,7430.0,-127.2,False,False,False,0,,트렌드 미통과,,,,,,,,,
017650,대림제지,KOSDAQ,nan,9570.0,-90.0,True,False,False,32,,패턴 미감지,,,,,,,,,
037440,희림,KOSDAQ,nan,7160.0,-60.6,False,False,False,0,,트렌드 미통과,,,,,,,,,
052900,KX하이텍,KOSDAQ,nan,1265.0,-99.4,True,False,False,32,,패턴 미감지,,,,,,,,,
006880,신송홀딩스,KOSPI,nan,6730.0,-129.1,False,False,False,0,,트렌드 미통과,,,,,,,,,
066430,아이로보틱스,KOSDAQ,nan,2415.0,-77.0,False,False,False,0,,트렌드 미통과,,,,,,,,,
479960,위너스일렉,KOSDAQ,nan,12260.0,-119.7,False,False,False,0,,트렌드 미통과,,,,,,,,,
045660,에이텍,KOSDAQ,nan,9510.0,-142.8,False,False,False,0,,트렌드 미통과,,,,,,,,,
480370,씨케이솔루션,KOSPI,nan,2610.0,-191.4,False,False,False,0,,트렌드 미통과,,,,,,,,,
360350,코셈,KOSDAQ,nan,13500.0,-40.3,False,False,False,0,,트렌드 미통과,,,,,,,,,
408900,스튜디오미르,KOSDAQ,nan,2685.0,-139.1,False,False,False,0,,트렌드 미통과,,,,,,,,,
208140,정다운,KOSDAQ,nan,2500.0,-123.4,False,False,False,0,,트렌드 미통과,,,,,,,,,
027050,코리아나,KOSDAQ,nan,1968.0,-136.0,False,False,False,0,,트렌드 미통과,,,,,,,,,
089850,유비벨록스,KOSDAQ,nan,5170.0,-128.7,False,False,False,0,,트렌드 미통과,,,,,,,,,
340360,다보링크,KOSDAQ,nan,1540.0,-121.9,False,False,False,0,,트렌드 미통과,,,,,,,,,
013700,까뮤이앤씨,KOSPI,nan,1348.0,-108.0,True,False,False,32,,패턴 미감지,,,,,,,,,
007590,동방아그로,KOSPI,nan,6070.0,-123.8,False,False,False,0,,트렌드 미통과,,,,,,,,,
136410,아셈스,KOSDAQ,nan,7130.0,-143.7,False,False,False,0,,트렌드 미통과,,,,,,,,,
069730,DSR제강,KOSPI,nan,5600.0,-75.1,True,False,False,32,,패턴 미감지,,,,,,,,,
000725,현대건설우,KOSPI,nan,74100.0,-93.8,True,False,False,32,,패턴 미감지,,,,,,,,,
302430,이노메트리,KOSDAQ,nan,10300.0,-91.4,False,False,False,0,,트렌드 미통과,,,,,,,,,
010040,한국내화,KOSPI,nan,1918.0,-136.1,False,False,False,0,,트렌드 미통과,,,,,,,,,
039240,경남스틸,KOSDAQ,nan,2745.0,-131.2,False,False,False,0,,트렌드 미통과,,,,,,,,,
204840,지엘팜텍,KOSDAQ,nan,1000.0,-133.1,False,False,False,0,,트렌드 미통과,,,,,,,,,
017480,삼현철강,KOSDAQ,nan,4860.0,-109.7,False,False,False,0,,트렌드 미통과,,,,,,,,,
066980,한성크린텍,KOSDAQ,nan,1478.0,-99.3,True,False,False,32,,패턴 미감지,,,,,,,,,
145170,노브랜드,KOSDAQ,nan,4845.0,-109.0,False,False,False,0,,트렌드 미통과,,,,,,,,,
412540,제일엠앤에스,KOSDAQ,nan,3935.0,-124.7,False,False,False,0,,트렌드 미통과,,,,,,,,,
222110,팬젠,KOSDAQ,nan,6200.0,-108.1,False,False,False,0,,트렌드 미통과,,,,,,,,,
041460,한국전자인증,KOSDAQ,nan,4150.0,-111.4,False,False,False,0,,트렌드 미통과,,,,,,,,,
099410,동방선기,KOSDAQ,nan,5220.0,-105.3,False,False,False,0,,트렌드 미통과,,,,,,,,,
064240,홈캐스트,KOSDAQ,nan,2030.0,-125.1,False,False,False,0,,트렌드 미통과,,,,,,,,,
004590,한국가구,KOSDAQ,nan,6640.0,-84.1,False,False,False,0,,트렌드 미통과,,,,,,,,,
159580,제로투세븐,KOSDAQ,nan,3740.0,-132.4,False,False,False,0,,트렌드 미통과,,,,,,,,,
011390,부산산업,KOSPI,nan,76200.0,-128.6,False,False,False,0,,트렌드 미통과,,,,,,,,,
222420,쎄노텍,KOSDAQ,nan,1600.0,-75.5,True,False,False,32,,패턴 미감지,,,,,,,,,
147760,피엠티,KOSDAQ,nan,6980.0,20.2,True,False,False,56,,패턴 미감지,,,,,,,,,
037760,쎄니트,KOSDAQ,nan,2320.0,-82.2,True,False,False,32,,패턴 미감지,,,,,,,,,
039020,이건홀딩스,KOSDAQ,nan,3205.0,-142.6,False,False,False,0,,트렌드 미통과,,,,,,,,,
032540,TJ미디어,KOSDAQ,nan,3640.0,-152.7,False,False,False,0,,트렌드 미통과,,,,,,,,,
317690,퀀타매트릭스,KOSDAQ,nan,3920.0,-124.6,False,False,False,0,,트렌드 미통과,,,,,,,,,
016090,대현,KOSPI,nan,1797.0,-122.5,False,False,False,0,,트렌드 미통과,,,,,,,,,
094850,참좋은여행,KOSDAQ,nan,5540.0,-126.5,False,False,False,0,,트렌드 미통과,,,,,,,,,
061250,화일약품,KOSDAQ,nan,8060.0,483.4,True,False,False,64,,패턴 미감지,,,,,,,,,
294140,레몬,KOSDAQ,nan,3315.0,-156.2,False,False,False,0,,트렌드 미통과,,,,,,,,,
006090,사조오양,KOSPI,nan,8320.0,-130.4,False,False,False,0,,트렌드 미통과,,,,,,,,,
054930,유신,KOSDAQ,nan,25600.0,-110.1,False,False,False,0,,트렌드 미통과,,,,,,,,,
067920,이글루,KOSDAQ,nan,6950.0,-88.7,True,False,False,32,,패턴 미감지,,,,,,,,,
009770,삼정펄프,KOSPI,nan,31600.0,-118.5,False,False,False,0,,트렌드 미통과,,,,,,,,,
004830,덕성,KOSPI,nan,4490.0,-140.0,False,False,False,0,,트렌드 미통과,,,,,,,,,
226330,신테카바이오,KOSDAQ,nan,2905.0,-154.9,False,False,False,0,,트렌드 미통과,,,,,,,,,
155650,와이엠씨,KOSDAQ,nan,4180.0,-103.7,False,False,False,0,,트렌드 미통과,,,,,,,,,
043710,서울리거,KOSDAQ,nan,4300.0,307.0,False,False,False,0,,트렌드 미통과,,,,,,,,,
024900,디와이덕양,KOSPI,nan,2230.0,-130.8,False,False,False,0,,트렌드 미통과,,,,,,,,,
053050,지에스이,KOSDAQ,nan,2430.0,-123.6,False,False,False,0,,트렌드 미통과,,,,,,,,,
002795,아모레퍼시픽홀딩스우,KOSPI,nan,12000.0,-116.3,False,False,False,0,,트렌드 미통과,,,,,,,,,
047400,유니온머티리얼,KOSPI,nan,1912.0,-99.0,False,False,False,0,,트렌드 미통과,,,,,,,,,
260930,씨티케이,KOSDAQ,nan,3630.0,-142.3,False,False,False,0,,트렌드 미통과,,,,,,,,,
033170,시그네틱스,KOSDAQ,nan,861.0,-109.7,False,False,False,0,,트렌드 미통과,,,,,,,,,
317870,엔바이오니아,KOSDAQ,nan,7500.0,-159.4,False,False,False,0,,트렌드 미통과,,,,,,,,,
003925,남양유업우,KOSPI,nan,36900.0,-118.5,False,False,False,0,,트렌드 미통과,,,,,,,,,
076610,해성옵틱스,KOSDAQ,nan,2785.0,129.6,True,False,False,64,,패턴 미감지,,,,,,,,,
011000,진원생명과학,KOSPI,nan,1129.0,-165.7,False,False,False,0,,트렌드 미통과,,,,,,,,,
001550,조비,KOSPI,nan,13860.0,-97.4,False,False,False,0,,트렌드 미통과,,,,,,,,,
153710,옵티팜,KOSDAQ,nan,5170.0,-119.6,False,False,False,0,,트렌드 미통과,,,,,,,,,
317850,대모,KOSDAQ,nan,9360.0,-105.4,True,False,False,32,,패턴 미감지,,,,,,,,,
104540,코렌텍,KOSDAQ,nan,5340.0,-132.6,False,False,False,0,,트렌드 미통과,,,,,,,,,
003780,진양산업,KOSPI,nan,5500.0,-132.2,False,False,False,0,,트렌드 미통과,,,,,,,,,
347740,피엔케이피부임상연구센타,KOSDAQ,nan,2385.0,-122.6,False,False,False,0,,트렌드 미통과,,,,,,,,,
072470,우리산업홀딩스,KOSDAQ,nan,3990.0,-89.8,True,False,False,32,,패턴 미감지,,,,,,,,,
129260,인터지스,KOSPI,nan,2445.0,-130.6,False,False,False,0,,트렌드 미통과,,,,,,,,,
333620,엔시스,KOSDAQ,nan,7010.0,-117.7,False,False,False,0,,트렌드 미통과,,,,,,,,,
060310,3S,KOSDAQ,nan,1528.0,-129.1,False,False,False,0,,트렌드 미통과,,,,,,,,,
004540,깨끗한나라,KOSPI,nan,1935.0,-129.7,False,False,False,0,,트렌드 미통과,,,,,,,,,
012790,신일제약,KOSDAQ,nan,6020.0,-119.4,False,False,False,0,,트렌드 미통과,,,,,,,,,
058730,다스코,KOSPI,nan,3705.0,-101.4,True,False,False,32,,패턴 미감지,,,,,,,,,
288620,에스퓨얼셀,KOSDAQ,nan,10790.0,-118.2,False,False,False,0,,트렌드 미통과,,,,,,,,,
042110,에스씨디,KOSDAQ,nan,1567.0,-101.6,False,False,False,0,,트렌드 미통과,,,,,,,,,
036000,예림당,KOSDAQ,nan,3235.0,-117.0,False,False,False,0,,트렌드 미통과,,,,,,,,,
042940,상지건설,KOSDAQ,nan,10660.0,-125.6,False,False,False,0,,트렌드 미통과,,,,,,,,,
457370,한켐,KOSDAQ,nan,9260.0,-119.3,False,False,False,0,,트렌드 미통과,,,,,,,,,
321820,아티스트컴퍼니,KOSDAQ,nan,4315.0,-134.8,False,False,False,0,,트렌드 미통과,,,,,,,,,
010280,아이티센엔텍,KOSDAQ,nan,6390.0,417.2,True,False,False,64,,패턴 미감지,,,,,,,,,
331380,포커스에이아이,KOSDAQ,nan,2050.0,-133.0,False,False,False,0,,트렌드 미통과,,,,,,,,,
460870,에스엠씨지,KOSDAQ,nan,3450.0,-145.4,False,False,False,0,,트렌드 미통과,,,,,,,,,
111110,호전실업,KOSPI,nan,7780.0,-126.8,False,False,False,0,,트렌드 미통과,,,,,,,,,
215790,이노인스트루먼트,KOSDAQ,nan,1529.0,69.5,False,False,False,0,,트렌드 미통과,,,,,,,,,
900260,로스웰,KOSDAQ,nan,1613.0,-54.2,False,False,False,0,,트렌드 미통과,,,,,,,,,
049550,잉크테크,KOSDAQ,nan,3625.0,-114.0,True,False,False,32,,패턴 미감지,,,,,,,,,
001465,BYC우,KOSPI,nan,32800.0,-65.3,True,False,False,32,,패턴 미감지,,,,,,,,,
219550,디와이디,KOSDAQ,nan,1775.0,57.5,True,False,False,64,,패턴 미감지,,,,,,,,,
155660,DSR,KOSPI,nan,4440.0,-110.0,False,False,False,0,,트렌드 미통과,,,,,,,,,
198440,강동씨앤엘,KOSDAQ,nan,1072.0,-124.3,False,False,False,0,,트렌드 미통과,,,,,,,,,
024910,경창산업,KOSDAQ,nan,2065.0,-104.3,True,False,False,32,,패턴 미감지,,,,,,,,,
033310,엠투엔,KOSDAQ,nan,1702.0,-133.6,False,False,False,0,,트렌드 미통과,,,,,,,,,
087260,모바일어플라이언스,KOSDAQ,nan,2300.0,-103.4,False,False,False,0,,트렌드 미통과,,,,,,,,,
000220,유유제약,KOSPI,nan,4090.0,-130.3,False,False,False,0,,트렌드 미통과,,,,,,,,,
021050,서원,KOSPI,nan,1677.0,-84.4,False,False,False,0,,트렌드 미통과,,,,,,,,,
010470,오리콤,KOSDAQ,nan,5870.0,-121.1,False,False,False,0,,트렌드 미통과,,,,,,,,,
052220,iMBC,KOSDAQ,nan,2985.0,-132.4,False,False,False,0,,트렌드 미통과,,,,,,,,,
372910,한컴라이프케어,KOSPI,nan,2440.0,-139.1,False,False,False,0,,트렌드 미통과,,,,,,,,,
080010,이상네트웍스,KOSDAQ,nan,7640.0,-97.4,False,False,False,0,,트렌드 미통과,,,,,,,,,
006980,우성,KOSPI,nan,24250.0,-78.6,True,False,False,32,,패턴 미감지,,,,,,,,,
072990,에이치시티,KOSDAQ,nan,4615.0,-161.4,False,False,False,0,,트렌드 미통과,,,,,,,,,
065500,오리엔트정공,KOSDAQ,nan,1992.0,-153.4,False,False,False,0,,트렌드 미통과,,,,,,,,,
039420,케이엘넷,KOSDAQ,nan,3120.0,-105.1,False,False,False,0,,트렌드 미통과,,,,,,,,,
009835,한화솔루션우,KOSPI,nan,27900.0,-99.6,False,False,False,0,,트렌드 미통과,,,,,,,,,
000910,유니온,KOSPI,nan,4520.0,-127.3,False,False,False,0,,트렌드 미통과,,,,,,,,,
025560,미래산업,KOSPI,nan,18300.0,9033.1,True,False,False,64,,패턴 미감지,,,,,,,,,
037230,한국팩키지,KOSDAQ,nan,2250.0,-100.4,False,False,False,0,,트렌드 미통과,,,,,,,,,
001620,케이비아이동국실업,KOSPI,nan,642.0,-93.3,False,False,False,0,,트렌드 미통과,,,,,,,,,
306040,에스제이그룹,KOSDAQ,nan,6340.0,-105.8,False,False,False,0,,트렌드 미통과,,,,,,,,,
092300,현우산업,KOSDAQ,nan,3805.0,-98.2,False,False,False,0,,트렌드 미통과,,,,,,,,,
299900,위지윅스튜디오,KOSDAQ,nan,382.0,-169.2,False,False,False,0,,트렌드 미통과,,,,,,,,,
289220,자이언트스텝,KOSDAQ,nan,2890.0,-160.8,False,False,False,0,,트렌드 미통과,,,,,,,,,
170790,파이오링크,KOSDAQ,nan,11830.0,-77.4,True,False,False,32,,패턴 미감지,,,,,,,,,
002760,보락,KOSPI,nan,1065.0,-124.9,False,False,False,0,,트렌드 미통과,,,,,,,,,
036670,삼양케이씨아이,KOSDAQ,nan,5980.0,-128.0,False,False,False,0,,트렌드 미통과,,,,,,,,,
015710,코콤,KOSDAQ,nan,3820.0,-117.0,False,False,False,0,,트렌드 미통과,,,,,,,,,
150900,파수에이아이,KOSDAQ,nan,5420.0,-94.1,False,False,False,0,,트렌드 미통과,,,,,,,,,
002140,고려산업,KOSPI,nan,2690.0,-120.4,False,False,False,0,,트렌드 미통과,,,,,,,,,
321260,프로이천,KOSDAQ,nan,3760.0,-25.3,False,False,False,0,,트렌드 미통과,,,,,,,,,
007370,진양제약,KOSDAQ,nan,4770.0,-132.1,False,False,False,0,,트렌드 미통과,,,,,,,,,
232830,아이티센피엔에스,KOSDAQ,nan,4820.0,-7.4,True,False,False,32,,패턴 미감지,,,,,,,,,
317530,에피소드컴퍼니,KOSDAQ,nan,3830.0,-138.7,False,False,False,0,,트렌드 미통과,,,,,,,,,
407400,꿈비,KOSDAQ,nan,4095.0,-147.8,False,False,False,0,,트렌드 미통과,,,,,,,,,
352910,오비고,KOSDAQ,nan,5780.0,-94.4,True,False,False,32,,패턴 미감지,,,,,,,,,
206560,덱스터,KOSDAQ,nan,2355.0,-168.0,False,False,False,0,,트렌드 미통과,,,,,,,,,
122310,제노레이,KOSDAQ,nan,4695.0,-120.1,False,False,False,0,,트렌드 미통과,,,,,,,,,
332370,아이디피,KOSDAQ,nan,5280.0,-107.8,True,False,False,32,,패턴 미감지,,,,,,,,,
010240,흥국,KOSDAQ,nan,5770.0,-105.8,False,False,False,0,,트렌드 미통과,,,,,,,,,
109860,동일금속,KOSDAQ,nan,7440.0,-123.2,False,False,False,0,,트렌드 미통과,,,,,,,,,
092440,기신정기,KOSPI,nan,2320.0,-129.3,False,False,False,0,,트렌드 미통과,,,,,,,,,
384470,코어라인소프트,KOSDAQ,nan,3635.0,-139.6,False,False,False,0,,트렌드 미통과,,,,,,,,,
036120,서울평가정보,KOSDAQ,nan,1892.0,-129.6,False,False,False,0,,트렌드 미통과,,,,,,,,,
246960,SCL사이언스,KOSDAQ,nan,1915.0,-147.3,False,False,False,0,,트렌드 미통과,,,,,,,,,
037330,인지디스플레,KOSDAQ,nan,1458.0,-114.7,False,False,False,0,,트렌드 미통과,,,,,,,,,
189860,서전기전,KOSDAQ,nan,9410.0,19.7,True,False,False,56,,패턴 미감지,,,,,,,,,
198080,캐프,KOSDAQ,nan,3040.0,-90.3,False,False,False,0,,트렌드 미통과,,,,,,,,,
063440,SM Life Design,KOSDAQ,nan,1405.0,-130.5,False,False,False,0,,트렌드 미통과,,,,,,,,,
199550,레이저옵텍,KOSDAQ,nan,4870.0,-148.4,False,False,False,0,,트렌드 미통과,,,,,,,,,
053350,이니텍,KOSDAQ,nan,2890.0,-171.6,False,False,False,0,,트렌드 미통과,,,,,,,,,
072130,유엔젤,KOSPI,nan,5180.0,-121.0,False,False,False,0,,트렌드 미통과,,,,,,,,,
092780,DYP,KOSPI,nan,5050.0,-115.7,False,False,False,0,,트렌드 미통과,,,,,,,,,
452200,민테크,KOSDAQ,nan,3450.0,-105.2,False,False,False,0,,트렌드 미통과,,,,,,,,,
006490,인스코비,KOSPI,nan,497.0,-159.6,False,False,False,0,,트렌드 미통과,,,,,,,,,
054300,팬스타엔터프라이즈,KOSDAQ,nan,1101.0,-73.2,False,False,False,0,,트렌드 미통과,,,,,,,,,
137080,나래나노텍,KOSDAQ,nan,6000.0,-66.2,True,False,False,32,,패턴 미감지,,,,,,,,,
009190,대양금속,KOSPI,nan,1550.0,-109.4,False,False,False,0,,트렌드 미통과,,,,,,,,,
067170,오텍,KOSDAQ,nan,3515.0,-42.9,False,False,False,0,,트렌드 미통과,,,,,,,,,
153460,네이블,KOSDAQ,nan,9220.0,-96.0,False,False,False,0,,트렌드 미통과,,,,,,,,,
351330,이삭엔지니어링,KOSDAQ,nan,8250.0,-118.9,False,False,False,0,,트렌드 미통과,,,,,,,,,
065170,비엘팜텍,KOSDAQ,nan,2245.0,-36.6,False,False,False,0,,트렌드 미통과,,,,,,,,,
004920,씨아이테크,KOSPI,nan,1221.0,-117.7,False,False,False,0,,트렌드 미통과,,,,,,,,,
050960,수산아이앤티,KOSDAQ,nan,9390.0,-128.6,False,False,False,0,,트렌드 미통과,,,,,,,,,
005670,푸드웰,KOSDAQ,nan,7430.0,-96.1,False,False,False,0,,트렌드 미통과,,,,,,,,,
082210,옵트론텍,KOSDAQ,nan,1898.0,-114.2,False,False,False,0,,트렌드 미통과,,,,,,,,,
452300,캡스톤파트너스,KOSDAQ,nan,4120.0,-80.8,True,False,False,32,,패턴 미감지,,,,,,,,,
218150,미래생명자원,KOSDAQ,nan,3010.0,-126.9,False,False,False,0,,트렌드 미통과,,,,,,,,,
378850,화승알앤에이,KOSPI,nan,3470.0,-120.2,False,False,False,0,,트렌드 미통과,,,,,,,,,
053270,구영테크,KOSDAQ,nan,2410.0,-116.5,False,False,False,0,,트렌드 미통과,,,,,,,,,
189980,흥국에프엔비,KOSDAQ,nan,1553.0,-137.0,False,False,False,0,,트렌드 미통과,,,,,,,,,
004770,써니전자,KOSPI,nan,1760.0,-114.2,False,False,False,0,,트렌드 미통과,,,,,,,,,
263690,디알젬,KOSDAQ,nan,5700.0,-114.2,False,False,False,0,,트렌드 미통과,,,,,,,,,
189330,씨이랩,KOSDAQ,nan,7070.0,-95.8,False,False,False,0,,트렌드 미통과,,,,,,,,,
004780,대륙제관,KOSDAQ,nan,3975.0,-109.4,False,False,False,0,,트렌드 미통과,,,,,,,,,
096630,에스코넥,KOSDAQ,nan,3810.0,313.0,True,False,False,64,,패턴 미감지,,,,,,,,,
002630,오리엔트바이오,KOSPI,nan,500.0,-141.3,False,False,False,0,,트렌드 미통과,,,,,,,,,
127710,아시아경제,KOSDAQ,nan,1460.0,-83.3,False,False,False,0,,트렌드 미통과,,,,,,,,,
008370,원풍,KOSDAQ,nan,5190.0,-106.9,True,False,False,32,,패턴 미감지,,,,,,,,,
007815,코리아써우,KOSPI,nan,24000.0,46.9,True,False,False,64,,패턴 미감지,,,,,,,,,
088910,동우팜투테이블,KOSDAQ,nan,2560.0,-94.1,True,False,False,32,,패턴 미감지,,,,,,,,,
014190,원익큐브,KOSDAQ,nan,1708.0,-117.4,False,False,False,0,,트렌드 미통과,,,,,,,,,
089790,제이티,KOSDAQ,nan,6560.0,-84.3,True,False,False,32,,패턴 미감지,,,,,,,,,
133820,화인베스틸,KOSPI,nan,1491.0,-112.3,False,False,False,0,,트렌드 미통과,,,,,,,,,
239890,피엔에이치테크,KOSDAQ,nan,5690.0,-111.8,False,False,False,0,,트렌드 미통과,,,,,,,,,
900300,오가닉티코스메틱,KOSDAQ,nan,133.0,-160.2,False,False,False,0,,트렌드 미통과,,,,,,,,,
004910,조광페인트,KOSPI,nan,4450.0,-139.9,False,False,False,0,,트렌드 미통과,,,,,,,,,
004450,삼화왕관,KOSPI,nan,28150.0,-138.4,False,False,False,0,,트렌드 미통과,,,,,,,,,
005305,롯데칠성우,KOSPI,nan,80800.0,-113.1,False,False,False,0,,트렌드 미통과,,,,,,,,,
185490,아이진,KOSDAQ,nan,1384.0,-148.4,False,False,False,0,,트렌드 미통과,,,,,,,,,
237820,플레이디,KOSDAQ,nan,4455.0,-124.8,False,False,False,0,,트렌드 미통과,,,,,,,,,
004410,서울식품,KOSPI,nan,158.0,-114.5,False,False,False,0,,트렌드 미통과,,,,,,,,,
094970,제이엠티,KOSDAQ,nan,4035.0,-61.3,True,False,False,32,,패턴 미감지,,,,,,,,,
038010,제일테크노스,KOSDAQ,nan,6780.0,-107.8,False,False,False,0,,트렌드 미통과,,,,,,,,,
440290,HB인베스트먼트,KOSDAQ,nan,2145.0,-116.9,False,False,False,0,,트렌드 미통과,,,,,,,,,
100030,인지소프트,KOSDAQ,nan,20500.0,-111.3,False,False,False,0,,트렌드 미통과,,,,,,,,,
238120,얼라인드,KOSDAQ,nan,4180.0,-100.2,False,False,False,0,,트렌드 미통과,,,,,,,,,
294090,이오플로우,KOSDAQ,nan,1490.0,-124.7,False,False,False,0,,트렌드 미통과,,,,,,,,,
173940,에프엔씨엔터,KOSDAQ,nan,3985.0,-107.0,True,False,False,32,,패턴 미감지,,,,,,,,,
008420,문배철강,KOSPI,nan,2700.0,-95.2,False,False,False,0,,트렌드 미통과,,,,,,,,,
053620,태양,KOSDAQ,nan,7210.0,-107.3,False,False,False,0,,트렌드 미통과,,,,,,,,,
365590,하이딥,KOSDAQ,nan,1997.0,11.2,False,False,False,0,,트렌드 미통과,,,,,,,,,
413640,비아이매트릭스,KOSDAQ,nan,8240.0,-147.4,False,False,False,0,,트렌드 미통과,,,,,,,,,
053980,오상자이엘,KOSDAQ,nan,3160.0,-124.8,False,False,False,0,,트렌드 미통과,,,,,,,,,
104200,NHN벅스,KOSDAQ,nan,3835.0,-116.5,False,False,False,0,,트렌드 미통과,,,,,,,,,
052790,액토즈소프트,KOSDAQ,nan,5500.0,-130.0,False,False,False,0,,트렌드 미통과,,,,,,,,,
045340,토탈소프트,KOSDAQ,nan,7110.0,-122.9,False,False,False,0,,트렌드 미통과,,,,,,,,,
006370,대구백화점,KOSPI,nan,5490.0,-130.6,False,False,False,0,,트렌드 미통과,,,,,,,,,
452160,제이엔비,KOSDAQ,nan,5960.0,-131.4,False,False,False,0,,트렌드 미통과,,,,,,,,,
143540,영우디에스피,KOSDAQ,nan,1365.0,-38.9,True,False,False,32,,패턴 미감지,,,,,,,,,
432430,와이랩,KOSDAQ,nan,3260.0,-147.3,False,False,False,0,,트렌드 미통과,,,,,,,,,
297570,알로이스,KOSDAQ,nan,1539.0,-62.4,False,False,False,0,,트렌드 미통과,,,,,,,,,
123700,SJM,KOSPI,nan,3750.0,-117.1,False,False,False,0,,트렌드 미통과,,,,,,,,,
090410,덕신이피씨,KOSDAQ,nan,1298.0,-123.6,False,False,False,0,,트렌드 미통과,,,,,,,,,
041650,상신브레이크,KOSPI,nan,2675.0,-128.8,False,False,False,0,,트렌드 미통과,,,,,,,,,
017180,명문제약,KOSPI,nan,1703.0,-122.6,False,False,False,0,,트렌드 미통과,,,,,,,,,
357250,미래에셋맵스리츠,KOSPI,nan,2300.0,-136.4,False,False,False,0,,트렌드 미통과,,,,,,,,,
010770,평화홀딩스,KOSPI,nan,4000.0,-135.5,False,False,False,0,,트렌드 미통과,,,,,,,,,
033560,블루콤,KOSDAQ,nan,3385.0,-109.5,False,False,False,0,,트렌드 미통과,,,,,,,,,
311390,네오크레마,KOSDAQ,nan,4370.0,-142.4,False,False,False,0,,트렌드 미통과,,,,,,,,,
114450,그린생명과학,KOSDAQ,nan,2705.0,-106.4,False,False,False,0,,트렌드 미통과,,,,,,,,,
038070,서린바이오,KOSDAQ,nan,6190.0,-126.5,False,False,False,0,,트렌드 미통과,,,,,,,,,
037950,엘컴텍,KOSDAQ,nan,3455.0,191.2,True,False,False,64,,패턴 미감지,,,,,,,,,
369370,블리츠웨이엔터테인먼트,KOSDAQ,nan,1133.0,-138.4,False,False,False,0,,트렌드 미통과,,,,,,,,,
033830,티비씨,KOSDAQ,nan,586.0,-128.4,False,False,False,0,,트렌드 미통과,,,,,,,,,
026940,부국철강,KOSPI,nan,2740.0,-95.2,False,False,False,0,,트렌드 미통과,,,,,,,,,
089150,케이씨티,KOSDAQ,nan,3385.0,-101.8,False,False,False,0,,트렌드 미통과,,,,,,,,,
003465,유화증권우,KOSPI,nan,3460.0,-91.7,True,False,False,32,,패턴 미감지,,,,,,,,,
093240,형지엘리트,KOSPI,nan,893.0,-164.7,False,False,False,0,,트렌드 미통과,,,,,,,,,
277070,린드먼아시아,KOSDAQ,nan,4185.0,-136.0,False,False,False,0,,트렌드 미통과,,,,,,,,,
450330,하스,KOSDAQ,nan,7020.0,-115.7,False,False,False,0,,트렌드 미통과,,,,,,,,,
048770,TPC로보틱스,KOSDAQ,nan,4665.0,-42.4,True,False,False,32,,패턴 미감지,,,,,,,,,
122350,삼기,KOSDAQ,nan,1426.0,-118.7,False,False,False,0,,트렌드 미통과,,,,,,,,,
066360,체리부로,KOSDAQ,nan,1140.0,-71.3,False,False,False,0,,트렌드 미통과,,,,,,,,,
007680,대원,KOSDAQ,nan,4380.0,-117.9,False,False,False,0,,트렌드 미통과,,,,,,,,,
075180,새론오토모티브,KOSPI,nan,2995.0,-132.0,False,False,False,0,,트렌드 미통과,,,,,,,,,
088340,유라클,KOSDAQ,nan,12000.0,-148.0,False,False,False,0,,트렌드 미통과,,,,,,,,,
465480,인스피언,KOSDAQ,nan,5620.0,-123.0,False,False,False,0,,트렌드 미통과,,,,,,,,,
003475,유안타증권우,KOSPI,nan,4850.0,-88.6,True,False,False,32,,패턴 미감지,,,,,,,,,
052460,아이크래프트,KOSDAQ,nan,4455.0,-67.0,True,False,False,32,,패턴 미감지,,,,,,,,,
012280,영화금속,KOSPI,nan,1059.0,-100.3,True,False,False,32,,패턴 미감지,,,,,,,,,
023350,한국종합기술,KOSPI,nan,5470.0,-112.7,False,False,False,0,,트렌드 미통과,,,,,,,,,
000890,보해양조,KOSPI,nan,422.0,-121.9,False,False,False,0,,트렌드 미통과,,,,,,,,,
105760,포스뱅크,KOSDAQ,nan,5680.0,-121.2,False,False,False,0,,트렌드 미통과,,,,,,,,,
014990,인디에프,KOSPI,nan,754.0,-139.2,False,False,False,0,,트렌드 미통과,,,,,,,,,
025530,SJM홀딩스,KOSPI,nan,3780.0,-117.6,False,False,False,0,,트렌드 미통과,,,,,,,,,
221840,하이즈항공,KOSDAQ,nan,2865.0,-92.8,True,False,False,32,,패턴 미감지,,,,,,,,,
100660,서암기계공업,KOSDAQ,nan,4540.0,-106.5,True,False,False,32,,패턴 미감지,,,,,,,,,
057540,옴니시스템,KOSDAQ,nan,940.0,-110.1,False,False,False,0,,트렌드 미통과,,,,,,,,,
476080,M83,KOSDAQ,nan,6680.0,-154.8,False,False,False,0,,트렌드 미통과,,,,,,,,,
033200,모아텍,KOSDAQ,nan,3900.0,-101.9,True,False,False,32,,패턴 미감지,,,,,,,,,
403490,우듬지팜,KOSDAQ,nan,1159.0,-148.8,False,False,False,0,,트렌드 미통과,,,,,,,,,
001210,금호전기,KOSPI,nan,886.0,-127.7,False,False,False,0,,트렌드 미통과,,,,,,,,,
007530,와이엠,KOSDAQ,nan,2300.0,-127.9,False,False,False,0,,트렌드 미통과,,,,,,,,,
417860,오브젠,KOSDAQ,nan,9660.0,-139.6,False,False,False,0,,트렌드 미통과,,,,,,,,,
000950,전방,KOSPI,nan,32850.0,-122.7,False,False,False,0,,트렌드 미통과,,,,,,,,,
066130,하츠,KOSDAQ,nan,4220.0,-127.1,False,False,False,0,,트렌드 미통과,,,,,,,,,
049800,우진플라임,KOSPI,nan,2690.0,-92.8,True,False,False,32,,패턴 미감지,,,,,,,,,
011330,유니켐,KOSPI,nan,606.0,-174.5,False,False,False,0,,트렌드 미통과,,,,,,,,,
079000,와토스코리아,KOSDAQ,nan,7600.0,-93.1,False,False,False,0,,트렌드 미통과,,,,,,,,,
189690,포시에스,KOSDAQ,nan,1982.0,-125.3,False,False,False,0,,트렌드 미통과,,,,,,,,,
122690,서진오토모티브,KOSDAQ,nan,2205.0,-121.4,False,False,False,0,,트렌드 미통과,,,,,,,,,
190650,코리아에셋투자증권,KOSDAQ,nan,8860.0,-93.5,True,False,False,32,,패턴 미감지,,,,,,,,,
007120,미래아이앤지,KOSPI,nan,1830.0,-41.1,False,False,False,0,,트렌드 미통과,,,,,,,,,
361570,알비더블유,KOSDAQ,nan,1892.0,-130.2,False,False,False,0,,트렌드 미통과,,,,,,,,,
352700,씨앤투스,KOSDAQ,nan,2000.0,-133.4,False,False,False,0,,트렌드 미통과,,,,,,,,,
056700,신화인터텍,KOSDAQ,nan,1856.0,-115.5,False,False,False,0,,트렌드 미통과,,,,,,,,,
011300,우성머티리얼스,KOSPI,nan,2900.0,443.1,True,False,False,64,,패턴 미감지,,,,,,,,,
126640,화신정공,KOSDAQ,nan,1642.0,-102.0,True,False,False,32,,패턴 미감지,,,,,,,,,
263020,디케이앤디,KOSDAQ,nan,3755.0,-93.8,True,False,False,32,,패턴 미감지,,,,,,,,,
012160,영흥,KOSPI,nan,507.0,-119.5,False,False,False,0,,트렌드 미통과,,,,,,,,,
090080,평화산업,KOSPI,nan,995.0,-129.3,False,False,False,0,,트렌드 미통과,,,,,,,,,
051490,나라엠앤디,KOSDAQ,nan,3810.0,-124.8,False,False,False,0,,트렌드 미통과,,,,,,,,,
229000,젠큐릭스,KOSDAQ,nan,3675.0,6.8,False,False,False,0,,트렌드 미통과,,,,,,,,,
200350,아티스트스튜디오,KOSDAQ,nan,4870.0,-151.3,False,False,False,0,,트렌드 미통과,,,,,,,,,
097870,효성오앤비,KOSDAQ,nan,6430.0,-113.9,False,False,False,0,,트렌드 미통과,,,,,,,,,
066670,디티씨,KOSDAQ,nan,3075.0,-118.4,False,False,False,0,,트렌드 미통과,,,,,,,,,
050110,캠시스,KOSDAQ,nan,1811.0,87.5,False,False,False,0,,트렌드 미통과,,,,,,,,,
376180,피코그램,KOSDAQ,nan,2820.0,-111.8,False,False,False,0,,트렌드 미통과,,,,,,,,,
355390,크라우드웍스,KOSDAQ,nan,3450.0,-152.8,False,False,False,0,,트렌드 미통과,,,,,,,,,
053160,프리엠스,KOSDAQ,nan,9000.0,-103.5,False,False,False,0,,트렌드 미통과,,,,,,,,,
054780,키이스트,KOSDAQ,nan,2415.0,-151.7,False,False,False,0,,트렌드 미통과,,,,,,,,,
046310,백금T&A,KOSDAQ,nan,3120.0,-122.6,False,False,False,0,,트렌드 미통과,,,,,,,,,
171010,램테크놀러지,KOSDAQ,nan,3995.0,-123.5,False,False,False,0,,트렌드 미통과,,,,,,,,,
006920,모헨즈,KOSDAQ,nan,4630.0,-84.2,False,False,False,0,,트렌드 미통과,,,,,,,,,
065130,탑엔지니어링,KOSDAQ,nan,3305.0,-132.5,False,False,False,0,,트렌드 미통과,,,,,,,,,
038060,루멘스,KOSDAQ,nan,1470.0,-18.6,False,False,False,0,,트렌드 미통과,,,,,,,,,
035460,기산텔레콤,KOSDAQ,nan,4030.0,-15.3,False,False,False,0,,트렌드 미통과,,,,,,,,,
000215,DL우,KOSPI,nan,29100.0,-100.3,True,False,False,32,,패턴 미감지,,,,,,,,,
086040,바이오톡스텍,KOSDAQ,nan,3130.0,-104.7,False,False,False,0,,트렌드 미통과,,,,,,,,,
003080,SB성보,KOSPI,nan,2575.0,-130.6,False,False,False,0,,트렌드 미통과,,,,,,,,,
430690,한싹,KOSDAQ,nan,4780.0,-124.4,False,False,False,0,,트렌드 미통과,,,,,,,,,
263700,케어랩스,KOSDAQ,nan,2460.0,-147.7,False,False,False,0,,트렌드 미통과,,,,,,,,,
033540,파라텍,KOSDAQ,nan,885.0,-155.5,False,False,False,0,,트렌드 미통과,,,,,,,,,
103840,우양,KOSDAQ,nan,3035.0,-123.2,False,False,False,0,,트렌드 미통과,,,,,,,,,
060850,영림원소프트랩,KOSDAQ,nan,6210.0,-116.2,False,False,False,0,,트렌드 미통과,,,,,,,,,
006125,SK디스커버리우,KOSPI,nan,42600.0,-109.8,False,False,False,0,,트렌드 미통과,,,,,,,,,
064480,브리지텍,KOSDAQ,nan,4240.0,-136.5,False,False,False,0,,트렌드 미통과,,,,,,,,,
002290,삼일기업공사,KOSDAQ,nan,4040.0,-108.7,False,False,False,0,,트렌드 미통과,,,,,,,,,
073110,엘엠에스,KOSDAQ,nan,5910.0,-113.7,False,False,False,0,,트렌드 미통과,,,,,,,,,
087600,픽셀플러스,KOSDAQ,nan,6270.0,-128.4,False,False,False,0,,트렌드 미통과,,,,,,,,,
027740,마니커,KOSPI,nan,821.0,-117.4,False,False,False,0,,트렌드 미통과,,,,,,,,,
009320,아진전자부품,KOSPI,nan,1109.0,-110.1,False,False,False,0,,트렌드 미통과,,,,,,,,,
332290,누보,KOSDAQ,nan,1249.0,-110.2,False,False,False,0,,트렌드 미통과,,,,,,,,,
179530,애드바이오텍,KOSDAQ,nan,2940.0,-82.5,False,False,False,0,,트렌드 미통과,,,,,,,,,
464500,아이언디바이스,KOSDAQ,nan,3850.0,-106.7,True,True,False,50,,대기중(피벗미돌파),4050.0,25.0,10.7,1.89,225.0,8.0,-4.9,safe,True
263770,유에스티,KOSDAQ,nan,2045.0,-125.2,False,False,False,0,,트렌드 미통과,,,,,,,,,
199480,뱅크웨어글로벌,KOSDAQ,nan,4760.0,-137.1,False,False,False,0,,트렌드 미통과,,,,,,,,,
011420,갤럭시아에스엠,KOSPI,nan,1831.0,-137.3,False,False,False,0,,트렌드 미통과,,,,,,,,,
023960,에쓰씨엔지니어링,KOSPI,nan,1335.0,-127.9,False,False,False,0,,트렌드 미통과,,,,,,,,,
288980,모아데이타,KOSDAQ,nan,1081.0,-109.9,False,False,False,0,,트렌드 미통과,,,,,,,,,
119500,포메탈,KOSDAQ,nan,4265.0,-102.8,True,False,False,32,,패턴 미감지,,,,,,,,,
300120,라온피플,KOSDAQ,nan,1010.0,-185.7,False,False,False,0,,트렌드 미통과,,,,,,,,,
464280,티디에스팜,KOSDAQ,nan,8430.0,-135.6,False,False,False,0,,트렌드 미통과,,,,,,,,,
290090,트윔,KOSDAQ,nan,6730.0,-130.0,False,False,False,0,,트렌드 미통과,,,,,,,,,
091590,남화토건,KOSDAQ,nan,4250.0,-108.0,False,False,False,0,,트렌드 미통과,,,,,,,,,
128540,에코캡,KOSDAQ,nan,1913.0,-121.5,False,False,False,0,,트렌드 미통과,,,,,,,,,
376290,씨유테크,KOSDAQ,nan,2840.0,-126.0,False,False,False,0,,트렌드 미통과,,,,,,,,,
263810,상신전자,KOSDAQ,nan,2990.0,-122.9,False,False,False,0,,트렌드 미통과,,,,,,,,,
320000,한울반도체,KOSDAQ,nan,9970.0,238.9,False,False,False,0,,트렌드 미통과,,,,,,,,,
429270,시지트로닉스,KOSDAQ,nan,10320.0,-20.5,False,False,False,0,,트렌드 미통과,,,,,,,,,
044960,이글벳,KOSDAQ,nan,3960.0,-126.8,False,False,False,0,,트렌드 미통과,,,,,,,,,
081580,성우전자,KOSDAQ,nan,3005.0,-105.8,False,False,False,0,,트렌드 미통과,,,,,,,,,
002920,유성기업,KOSPI,nan,1843.0,-136.3,False,False,False,0,,트렌드 미통과,,,,,,,,,
031310,아이즈비전,KOSDAQ,nan,1841.0,-97.1,False,False,False,0,,트렌드 미통과,,,,,,,,,
241840,에이스토리,KOSDAQ,nan,4830.0,-157.5,False,False,False,0,,트렌드 미통과,,,,,,,,,
106240,파인테크닉스,KOSDAQ,nan,2135.0,-68.6,False,False,False,0,,트렌드 미통과,,,,,,,,,
286750,나노실리칸첨단소재,KOSDAQ,nan,1489.0,-139.0,False,False,False,0,,트렌드 미통과,,,,,,,,,
025880,케이씨피드,KOSDAQ,nan,2915.0,-110.3,False,False,False,0,,트렌드 미통과,,,,,,,,,
186230,그린플러스,KOSDAQ,nan,4440.0,-143.8,False,False,False,0,,트렌드 미통과,,,,,,,,,
032960,동일기연,KOSDAQ,nan,13300.0,-115.6,False,False,False,0,,트렌드 미통과,,,,,,,,,
129890,앱코,KOSDAQ,nan,1047.0,-107.8,False,False,False,0,,트렌드 미통과,,,,,,,,,
160550,NEW,KOSDAQ,nan,1694.0,-142.9,False,False,False,0,,트렌드 미통과,,,,,,,,,
290120,DH오토리드,KOSDAQ,nan,2915.0,-104.4,True,False,False,32,,패턴 미감지,,,,,,,,,
140520,대창스틸,KOSDAQ,nan,2325.0,-109.5,False,False,False,0,,트렌드 미통과,,,,,,,,,
051390,YW,KOSDAQ,nan,4575.0,-97.8,True,False,False,32,,패턴 미감지,,,,,,,,,
481850,신한글로벌액티브리츠,KOSPI,nan,1105.0,-146.8,False,False,False,0,,트렌드 미통과,,,,,,,,,
460470,아이빔테크놀로지,KOSDAQ,nan,4330.0,-87.6,True,False,False,32,,패턴 미감지,,,,,,,,,
206400,베노티앤알,KOSDAQ,nan,1180.0,-152.4,False,False,False,0,,트렌드 미통과,,,,,,,,,
335810,프리시젼바이오,KOSDAQ,nan,2175.0,-139.7,False,False,False,0,,트렌드 미통과,,,,,,,,,
003060,에이프로젠바이오로직스,KOSPI,nan,3763.0,9380.5,True,False,False,64,,패턴 미감지,,,,,,,,,
019770,서연탑메탈,KOSDAQ,nan,4140.0,-110.6,False,False,False,0,,트렌드 미통과,,,,,,,,,
001380,SG글로벌,KOSPI,nan,1098.0,-153.1,False,False,False,0,,트렌드 미통과,,,,,,,,,
239610,에이치엘사이언스,KOSDAQ,nan,8250.0,-131.7,False,False,False,0,,트렌드 미통과,,,,,,,,,
080520,오디텍,KOSDAQ,nan,4270.0,-81.4,True,False,False,32,,패턴 미감지,,,,,,,,,
420570,제이투케이바이오,KOSDAQ,nan,7970.0,-130.0,False,False,False,0,,트렌드 미통과,,,,,,,,,
215380,우정바이오,KOSDAQ,nan,2750.0,-76.6,False,False,False,0,,트렌드 미통과,,,,,,,,,
123010,알엔티엑스,KOSDAQ,nan,1717.0,-66.7,True,False,False,32,,패턴 미감지,,,,,,,,,
347770,핌스,KOSDAQ,nan,2170.0,-54.6,False,False,False,0,,트렌드 미통과,,,,,,,,,
148250,알엔투테크놀로지,KOSDAQ,nan,3380.0,-148.1,False,False,False,0,,트렌드 미통과,,,,,,,,,
069410,엔텔스,KOSDAQ,nan,4860.0,-121.1,False,False,False,0,,트렌드 미통과,,,,,,,,,
006050,국영지앤엠,KOSDAQ,nan,1238.0,-124.5,False,False,False,0,,트렌드 미통과,,,,,,,,,
026040,제이에스티나,KOSDAQ,nan,3195.0,-93.0,False,False,False,0,,트렌드 미통과,,,,,,,,,
450520,인스웨이브,KOSDAQ,nan,3140.0,-135.3,False,False,False,0,,트렌드 미통과,,,,,,,,,
373170,엠아이큐브솔루션,KOSDAQ,nan,2925.0,-187.5,False,False,False,0,,트렌드 미통과,,,,,,,,,
020180,대신정보통신,KOSDAQ,nan,1160.0,-108.5,True,False,False,32,,패턴 미감지,,,,,,,,,
011230,삼화전자,KOSPI,nan,2350.0,-156.2,False,False,False,0,,트렌드 미통과,,,,,,,,,
224110,에이텍모빌리티,KOSDAQ,nan,8780.0,-138.0,False,False,False,0,,트렌드 미통과,,,,,,,,,
050860,아세아텍,KOSDAQ,nan,2125.0,-109.1,False,False,False,0,,트렌드 미통과,,,,,,,,,
052600,한네트,KOSDAQ,nan,3940.0,-118.3,False,False,False,0,,트렌드 미통과,,,,,,,,,
308170,씨티알모빌리티,KOSPI,nan,5100.0,-136.4,False,False,False,0,,트렌드 미통과,,,,,,,,,
200780,비씨월드제약,KOSDAQ,nan,4355.0,-126.6,False,False,False,0,,트렌드 미통과,,,,,,,,,
083550,케이엠,KOSDAQ,nan,3450.0,-113.3,False,False,False,0,,트렌드 미통과,,,,,,,,,
051630,진양화학,KOSPI,nan,1950.0,-137.0,False,False,False,0,,트렌드 미통과,,,,,,,,,
037370,EG,KOSDAQ,nan,5210.0,-131.1,False,False,False,0,,트렌드 미통과,,,,,,,,,
153490,우리이앤엘하루틴,KOSDAQ,nan,876.0,-87.3,True,False,False,32,,패턴 미감지,,,,,,,,,
254120,자비스,KOSDAQ,nan,1500.0,-113.9,False,False,False,0,,트렌드 미통과,,,,,,,,,
363250,진시스템,KOSDAQ,nan,5130.0,-136.8,False,False,False,0,,트렌드 미통과,,,,,,,,,
351870,차이커뮤니케이션,KOSDAQ,nan,4040.0,-147.8,False,False,False,0,,트렌드 미통과,,,,,,,,,
014570,고려제약,KOSDAQ,nan,4010.0,-126.0,False,False,False,0,,트렌드 미통과,,,,,,,,,
024120,KB오토시스,KOSDAQ,nan,3795.0,-111.5,False,False,False,0,,트렌드 미통과,,,,,,,,,
084870,TBH글로벌,KOSPI,nan,2040.0,-58.9,False,False,False,0,,트렌드 미통과,,,,,,,,,
057030,YBM넷,KOSDAQ,nan,2690.0,-136.0,False,False,False,0,,트렌드 미통과,,,,,,,,,
069460,대호에이엘,KOSPI,nan,532.0,-185.4,False,False,False,0,,트렌드 미통과,,,,,,,,,
022220,티케이지애강,KOSDAQ,nan,851.0,-107.7,False,False,False,0,,트렌드 미통과,,,,,,,,,
101240,씨큐브,KOSDAQ,nan,4065.0,-120.5,False,False,False,0,,트렌드 미통과,,,,,,,,,
204020,그리티,KOSDAQ,nan,2330.0,-119.7,False,False,False,0,,트렌드 미통과,,,,,,,,,
290520,신도기연,KOSDAQ,nan,2765.0,-57.1,True,False,False,32,,패턴 미감지,,,,,,,,,
309930,조이웍스앤코,KOSDAQ,nan,2210.0,-67.3,False,False,False,0,,트렌드 미통과,,,,,,,,,
049830,승일,KOSDAQ,nan,7350.0,-128.6,False,False,False,0,,트렌드 미통과,,,,,,,,,
002880,디와이에이,KOSPI,nan,921.0,-131.7,False,False,False,0,,트렌드 미통과,,,,,,,,,
195500,마니커에프앤지,KOSDAQ,nan,2735.0,-122.7,False,False,False,0,,트렌드 미통과,,,,,,,,,
073540,에프알텍,KOSDAQ,nan,4000.0,-8.0,False,False,False,0,,트렌드 미통과,,,,,,,,,
256150,한독크린텍,KOSDAQ,nan,5350.0,-122.2,False,False,False,0,,트렌드 미통과,,,,,,,,,
003535,한화투자증권우,KOSPI,nan,9400.0,-105.7,False,False,False,0,,트렌드 미통과,,,,,,,,,
228340,동양파일,KOSDAQ,nan,2030.0,-105.1,False,False,False,0,,트렌드 미통과,,,,,,,,,
203450,유니온바이오메트릭스,KOSDAQ,nan,3100.0,-119.8,False,False,False,0,,트렌드 미통과,,,,,,,,,
008870,금비,KOSPI,nan,44750.0,-140.8,False,False,False,0,,트렌드 미통과,,,,,,,,,
058110,멕아이씨에스,KOSDAQ,nan,2590.0,-81.4,False,False,False,0,,트렌드 미통과,,,,,,,,,
383930,디티앤씨알오,KOSDAQ,nan,3335.0,-110.8,False,False,False,0,,트렌드 미통과,,,,,,,,,
065950,웰크론,KOSDAQ,nan,1300.0,-146.2,False,False,False,0,,트렌드 미통과,,,,,,,,,
123570,이엠넷,KOSDAQ,nan,1980.0,-125.2,False,False,False,0,,트렌드 미통과,,,,,,,,,
038870,에코심플렉스,KOSDAQ,nan,2900.0,-134.2,False,False,False,0,,트렌드 미통과,,,,,,,,,
068050,팬엔터테인먼트,KOSDAQ,nan,1480.0,-143.8,False,False,False,0,,트렌드 미통과,,,,,,,,,
270520,앱튼,KOSDAQ,nan,1880.0,2882.8,False,False,False,0,,트렌드 미통과,,,,,,,,,
074610,이엔플러스,KOSPI,nan,5110.0,59821.7,False,False,False,0,,트렌드 미통과,,,,,,,,,
075970,동국알앤에스,KOSDAQ,nan,2295.0,-120.6,False,False,False,0,,트렌드 미통과,,,,,,,,,
359090,씨엔알리서치,KOSDAQ,nan,704.0,-144.2,False,False,False,0,,트렌드 미통과,,,,,,,,,
008250,이건산업,KOSPI,nan,3815.0,-145.9,False,False,False,0,,트렌드 미통과,,,,,,,,,
000760,이화산업,KOSPI,nan,15920.0,-100.6,True,False,False,32,,패턴 미감지,,,,,,,,,
133750,메가엠디,KOSDAQ,nan,1804.0,-127.4,False,False,False,0,,트렌드 미통과,,,,,,,,,
014910,성문전자,KOSPI,nan,1804.0,-88.5,False,False,False,0,,트렌드 미통과,,,,,,,,,
057680,티사이언티픽,KOSDAQ,nan,2555.0,30.4,False,False,False,0,,트렌드 미통과,,,,,,,,,
462510,라메디텍,KOSDAQ,nan,4745.0,-145.8,False,False,False,0,,트렌드 미통과,,,,,,,,,
032580,피델릭스,KOSDAQ,nan,1463.0,-93.2,False,False,False,0,,트렌드 미통과,,,,,,,,,
406820,뷰티스킨,KOSDAQ,nan,2905.0,-164.0,False,False,False,0,,트렌드 미통과,,,,,,,,,
001000,신라섬유,KOSDAQ,nan,1573.0,-140.0,False,False,False,0,,트렌드 미통과,,,,,,,,,
237750,피앤씨테크,KOSDAQ,nan,5850.0,-101.4,True,False,False,32,,패턴 미감지,,,,,,,,,
200230,텔콘RF제약,KOSDAQ,nan,597.0,-177.7,False,False,False,0,,트렌드 미통과,,,,,,,,,
013810,스페코,KOSDAQ,nan,2735.0,-120.9,False,False,False,0,,트렌드 미통과,,,,,,,,,
025750,한솔홈데코,KOSPI,nan,2540.0,158.1,False,False,False,0,,트렌드 미통과,,,,,,,,,
114630,폴라리스우노,KOSDAQ,nan,2400.0,237.3,True,False,False,64,,패턴 미감지,,,,,,,,,
145270,케이탑리츠,KOSPI,nan,888.0,-129.6,False,False,False,0,,트렌드 미통과,,,,,,,,,
039290,인포뱅크,KOSDAQ,nan,4640.0,-142.5,False,False,False,0,,트렌드 미통과,,,,,,,,,
440320,오픈놀,KOSDAQ,nan,4130.0,-128.7,False,False,False,0,,트렌드 미통과,,,,,,,,,
012620,원일특강,KOSDAQ,nan,8870.0,-104.9,False,False,False,0,,트렌드 미통과,,,,,,,,,
221980,케이디켐,KOSDAQ,nan,10440.0,-121.2,False,False,False,0,,트렌드 미통과,,,,,,,,,
035200,프럼파스트,KOSDAQ,nan,3990.0,-111.1,False,False,False,0,,트렌드 미통과,,,,,,,,,
318410,비비씨,KOSDAQ,nan,7310.0,-125.6,False,False,False,0,,트렌드 미통과,,,,,,,,,
007720,소노스퀘어,KOSDAQ,nan,397.0,-163.0,False,False,False,0,,트렌드 미통과,,,,,,,,,
109820,진매트릭스,KOSDAQ,nan,2035.0,-136.4,False,False,False,0,,트렌드 미통과,,,,,,,,,
013720,THE CUBE&,KOSDAQ,nan,615.0,-157.3,False,False,False,0,,트렌드 미통과,,,,,,,,,
195990,에이비프로바이오,KOSDAQ,nan,1238.0,327.5,False,False,False,0,,트렌드 미통과,,,,,,,,,
090150,아이윈,KOSDAQ,nan,945.0,-93.5,True,False,False,32,,패턴 미감지,,,,,,,,,
159910,에코글로우,KOSDAQ,nan,3480.0,273.1,False,False,False,0,,트렌드 미통과,,,,,,,,,
045060,오공,KOSDAQ,nan,2415.0,-120.0,False,False,False,0,,트렌드 미통과,,,,,,,,,
290270,휴네시온,KOSDAQ,nan,3995.0,-111.6,False,False,False,0,,트렌드 미통과,,,,,,,,,
462980,아이지넷,KOSDAQ,nan,2155.0,-124.1,False,False,False,0,,트렌드 미통과,,,,,,,,,
043200,파루,KOSDAQ,nan,967.0,-98.9,False,False,False,0,,트렌드 미통과,,,,,,,,,
075130,플랜티넷,KOSDAQ,nan,2395.0,-127.4,False,False,False,0,,트렌드 미통과,,,,,,,,,
131100,티엔엔터테인먼트,KOSDAQ,nan,1290.0,-131.1,False,False,False,0,,트렌드 미통과,,,,,,,,,
019490,엑시큐어하이트론,KOSPI,nan,541.0,-126.2,False,False,False,0,,트렌드 미통과,,,,,,,,,
318000,KBG,KOSDAQ,nan,4420.0,-126.5,False,False,False,0,,트렌드 미통과,,,,,,,,,
187270,신화콘텍,KOSDAQ,nan,3755.0,-114.9,False,False,False,0,,트렌드 미통과,,,,,,,,,
270870,뉴트리,KOSDAQ,nan,4200.0,-135.9,False,False,False,0,,트렌드 미통과,,,,,,,,,
021880,메이슨캐피탈,KOSDAQ,nan,170.0,-157.1,False,False,False,0,,트렌드 미통과,,,,,,,,,
050120,ES큐브,KOSDAQ,nan,2900.0,-111.1,False,False,False,0,,트렌드 미통과,,,,,,,,,
010640,진양폴리,KOSPI,nan,2280.0,-152.9,False,False,False,0,,트렌드 미통과,,,,,,,,,
017040,광명전기,KOSPI,nan,932.0,-149.8,False,False,False,0,,트렌드 미통과,,,,,,,,,
376980,원티드랩,KOSDAQ,nan,3900.0,-124.1,False,False,False,0,,트렌드 미통과,,,,,,,,,
005320,온타이드,KOSPI,nan,588.0,-87.8,False,False,False,0,,트렌드 미통과,,,,,,,,,
086060,진바이오텍,KOSDAQ,nan,4340.0,-112.8,False,False,False,0,,트렌드 미통과,,,,,,,,,
239340,이스트에이드,KOSDAQ,nan,1380.0,-144.6,False,False,False,0,,트렌드 미통과,,,,,,,,,
469750,아이비젼웍스,KOSDAQ,nan,1303.0,-112.8,False,False,False,0,,트렌드 미통과,,,,,,,,,
452980,신한제11호스팩,KOSDAQ,nan,2110.0,-115.8,False,False,False,0,,트렌드 미통과,,,,,,,,,
065370,위세아이텍,KOSDAQ,nan,5060.0,-145.7,False,False,False,0,,트렌드 미통과,,,,,,,,,
002360,SH에너지화학,KOSPI,nan,358.0,-129.1,False,False,False,0,,트렌드 미통과,,,,,,,,,
099390,브레인즈컴퍼니,KOSDAQ,nan,4470.0,-134.6,False,False,False,0,,트렌드 미통과,,,,,,,,,
290560,파라택시스이더리움,KOSDAQ,nan,1720.0,-233.6,False,False,False,0,,트렌드 미통과,,,,,,,,,
169330,엠브레인,KOSDAQ,nan,2090.0,-117.5,False,False,False,0,,트렌드 미통과,,,,,,,,,
038880,아이에이,KOSDAQ,nan,1016.0,329.4,False,False,False,0,,트렌드 미통과,,,,,,,,,
353590,오토앤,KOSDAQ,nan,3160.0,-130.6,False,False,False,0,,트렌드 미통과,,,,,,,,,
025440,DH오토웨어,KOSDAQ,nan,840.0,-121.9,False,False,False,0,,트렌드 미통과,,,,,,,,,
059100,아이컴포넌트,KOSDAQ,nan,5310.0,-111.4,False,False,False,0,,트렌드 미통과,,,,,,,,,
134790,시디즈,KOSPI,nan,19220.0,-144.6,False,False,False,0,,트렌드 미통과,,,,,,,,,
005820,원림,KOSPI,nan,16540.0,-111.3,False,False,False,0,,트렌드 미통과,,,,,,,,,
130500,GH신소재,KOSDAQ,nan,2510.0,-120.8,False,False,False,0,,트렌드 미통과,,,,,,,,,
002870,신풍,KOSPI,nan,1070.0,-122.5,False,False,False,0,,트렌드 미통과,,,,,,,,,
148780,비큐AI,KOSDAQ,nan,1169.0,-147.4,False,False,False,0,,트렌드 미통과,,,,,,,,,
021650,한국큐빅,KOSDAQ,nan,2210.0,-123.6,False,False,False,0,,트렌드 미통과,,,,,,,,,
001810,무림SP,KOSDAQ,nan,1570.0,-112.2,False,False,False,0,,트렌드 미통과,,,,,,,,,
000040,KR모터스,KOSPI,nan,413.0,-128.3,False,False,False,0,,트렌드 미통과,,,,,,,,,
019175,신풍제약우,KOSPI,nan,18800.0,-124.6,False,False,False,0,,트렌드 미통과,,,,,,,,,
038620,위즈코프,KOSDAQ,nan,2265.0,124.4,False,False,False,0,,트렌드 미통과,,,,,,,,,
317120,라닉스,KOSDAQ,nan,2390.0,-105.4,False,False,False,0,,트렌드 미통과,,,,,,,,,
004365,세방우,KOSPI,nan,10490.0,-104.7,False,False,False,0,,트렌드 미통과,,,,,,,,,
357430,마스턴프리미어리츠,KOSPI,nan,1120.0,-145.5,False,False,False,0,,트렌드 미통과,,,,,,,,,
094860,네오리진,KOSDAQ,nan,1465.0,-92.8,True,False,False,32,,패턴 미감지,,,,,,,,,
262840,아이퀘스트,KOSDAQ,nan,3540.0,-57.8,False,False,False,0,,트렌드 미통과,,,,,,,,,
146060,율촌,KOSDAQ,nan,1480.0,-127.1,False,False,False,0,,트렌드 미통과,,,,,,,,,
006200,한국전자홀딩스,KOSPI,nan,801.0,-103.3,False,False,False,0,,트렌드 미통과,,,,,,,,,
024890,대원화성,KOSPI,nan,906.0,-113.7,False,False,False,0,,트렌드 미통과,,,,,,,,,
024070,WISCOM,KOSPI,nan,2435.0,-88.9,False,False,False,0,,트렌드 미통과,,,,,,,,,
177830,파버나인,KOSDAQ,nan,2745.0,-126.4,False,False,False,0,,트렌드 미통과,,,,,,,,,
303530,이노뎁,KOSDAQ,nan,4725.0,-136.8,False,False,False,0,,트렌드 미통과,,,,,,,,,
017000,신원종합개발,KOSDAQ,nan,3060.0,-117.6,False,False,False,0,,트렌드 미통과,,,,,,,,,
045510,정원엔시스,KOSDAQ,nan,1074.0,-98.9,False,False,False,0,,트렌드 미통과,,,,,,,,,
187220,디티앤씨,KOSDAQ,nan,3020.0,-104.3,False,False,False,0,,트렌드 미통과,,,,,,,,,
225220,제놀루션,KOSDAQ,nan,1780.0,-132.1,False,False,False,0,,트렌드 미통과,,,,,,,,,
274400,이노시뮬레이션,KOSDAQ,nan,3880.0,-126.8,False,False,False,0,,트렌드 미통과,,,,,,,,,
438700,버넥트,KOSDAQ,nan,3150.0,-144.1,False,False,False,0,,트렌드 미통과,,,,,,,,,
001070,대한방직,KOSPI,nan,6660.0,-116.6,False,False,False,0,,트렌드 미통과,,,,,,,,,
066900,디에이피,KOSDAQ,nan,1835.0,-129.8,False,False,False,0,,트렌드 미통과,,,,,,,,,
291230,엔피,KOSDAQ,nan,761.0,-150.5,False,False,False,0,,트렌드 미통과,,,,,,,,,
060540,에스에이티,KOSDAQ,nan,1410.0,-113.2,False,False,False,0,,트렌드 미통과,,,,,,,,,
142760,모아라이프플러스,KOSDAQ,nan,783.0,-169.7,False,False,False,0,,트렌드 미통과,,,,,,,,,
009140,경인전자,KOSPI,nan,23150.0,-110.5,False,False,False,0,,트렌드 미통과,,,,,,,,,
051380,피씨디렉트,KOSDAQ,nan,2205.0,-114.0,False,False,False,0,,트렌드 미통과,,,,,,,,,
048470,대동스틸,KOSDAQ,nan,3500.0,-120.8,False,False,False,0,,트렌드 미통과,,,,,,,,,
002025,코오롱우,KOSPI,nan,31600.0,-81.1,True,False,False,32,,패턴 미감지,,,,,,,,,
377220,프롬바이오,KOSDAQ,nan,1193.0,-147.7,False,False,False,0,,트렌드 미통과,,,,,,,,,
053290,NE능률,KOSDAQ,nan,2070.0,-122.0,False,False,False,0,,트렌드 미통과,,,,,,,,,
016100,리더스코스메틱,KOSDAQ,nan,1707.0,-136.5,False,False,False,0,,트렌드 미통과,,,,,,,,,
049120,파인디앤씨,KOSDAQ,nan,3220.0,168.9,False,False,False,0,,트렌드 미통과,,,,,,,,,
038950,파인디지털,KOSDAQ,nan,3475.0,-110.4,False,False,False,0,,트렌드 미통과,,,,,,,,,
071850,캐스텍코리아,KOSDAQ,nan,1466.0,-127.0,False,False,False,0,,트렌드 미통과,,,,,,,,,
090370,메타랩스,KOSPI,nan,1381.0,-135.8,False,False,False,0,,트렌드 미통과,,,,,,,,,
015260,에이엔피,KOSPI,nan,704.0,-61.2,True,False,False,32,,패턴 미감지,,,,,,,,,
009810,플레이그램,KOSPI,nan,1178.0,181.2,True,False,False,64,,패턴 미감지,,,,,,,,,
208710,포톤,KOSDAQ,nan,2620.0,-39.8,False,False,False,0,,트렌드 미통과,,,,,,,,,
118000,메타케어,KOSPI,nan,2080.0,432.5,True,False,False,64,,패턴 미감지,,,,,,,,,
131220,대한과학,KOSDAQ,nan,4675.0,-121.1,False,False,False,0,,트렌드 미통과,,,,,,,,,
006740,블루산업개발,KOSPI,nan,49.0,-138.4,False,False,False,0,,트렌드 미통과,,,,,,,,,
002690,동일제강,KOSPI,nan,1625.0,-114.5,False,False,False,0,,트렌드 미통과,,,,,,,,,
210120,캔버스엔,KOSDAQ,nan,1403.0,-159.5,False,False,False,0,,트렌드 미통과,,,,,,,,,
301300,바이브컴퍼니,KOSDAQ,nan,2545.0,-153.5,False,False,False,0,,트렌드 미통과,,,,,,,,,
431190,케이쓰리아이,KOSDAQ,nan,4395.0,-129.2,False,False,False,0,,트렌드 미통과,,,,,,,,,
123840,뉴온,KOSDAQ,nan,5370.0,333.5,False,False,False,0,,트렌드 미통과,,,,,,,,,
033050,제이엠아이,KOSDAQ,nan,1010.0,-97.6,False,False,False,0,,트렌드 미통과,,,,,,,,,
079170,한창산업,KOSDAQ,nan,6350.0,-124.9,False,False,False,0,,트렌드 미통과,,,,,,,,,
900340,윙입푸드,KOSDAQ,nan,2968.0,93.1,False,False,False,0,,트렌드 미통과,,,,,,,,,
900310,컬러레이,KOSDAQ,nan,501.0,-141.9,False,False,False,0,,트렌드 미통과,,,,,,,,,
252500,세화피앤씨,KOSDAQ,nan,835.0,-115.4,False,False,False,0,,트렌드 미통과,,,,,,,,,
465770,STX그린로지스,KOSPI,nan,3910.0,-163.7,False,False,False,0,,트렌드 미통과,,,,,,,,,
367000,플래티어,KOSDAQ,nan,4090.0,-125.6,False,False,False,0,,트렌드 미통과,,,,,,,,,
405920,나라셀라,KOSDAQ,nan,2405.0,-120.5,False,False,False,0,,트렌드 미통과,,,,,,,,,
303030,지니틱스,KOSDAQ,nan,3200.0,167.4,False,False,False,0,,트렌드 미통과,,,,,,,,,
089140,넥스턴앤롤코리아,KOSDAQ,nan,2150.0,-134.7,False,False,False,0,,트렌드 미통과,,,,,,,,,
023150,MH에탄올,KOSPI,nan,4330.0,-134.9,False,False,False,0,,트렌드 미통과,,,,,,,,,
045300,성우테크론,KOSDAQ,nan,3285.0,-109.5,False,False,False,0,,트렌드 미통과,,,,,,,,,
377330,이지트로닉스,KOSDAQ,nan,3735.0,-126.1,False,False,False,0,,트렌드 미통과,,,,,,,,,
236810,엔비티,KOSDAQ,nan,1856.0,-145.6,False,False,False,0,,트렌드 미통과,,,,,,,,,
446070,유니드비티플러스,KOSPI,nan,2990.0,-142.0,False,False,False,0,,트렌드 미통과,,,,,,,,,
069140,누리플랜,KOSDAQ,nan,1984.0,-124.3,False,False,False,0,,트렌드 미통과,,,,,,,,,
088790,진도,KOSPI,nan,2550.0,-93.2,True,False,False,32,,패턴 미감지,,,,,,,,,
014130,한익스프레스,KOSPI,nan,2655.0,-140.0,False,False,False,0,,트렌드 미통과,,,,,,,,,
039740,한국정보공학,KOSDAQ,nan,4270.0,-75.5,True,False,False,32,,패턴 미감지,,,,,,,,,
024940,PN풍년,KOSDAQ,nan,3145.0,-151.1,False,False,False,0,,트렌드 미통과,,,,,,,,,
138070,신진에스엠,KOSDAQ,nan,1859.0,-130.9,False,False,False,0,,트렌드 미통과,,,,,,,,,
008470,부스타,KOSDAQ,nan,3890.0,-117.6,False,False,False,0,,트렌드 미통과,,,,,,,,,
005360,모나미,KOSPI,nan,1649.0,-139.5,False,False,False,0,,트렌드 미통과,,,,,,,,,
030720,동원수산,KOSPI,nan,7190.0,-98.8,True,False,False,32,,패턴 미감지,,,,,,,,,
304840,피플바이오,KOSDAQ,nan,1289.0,-135.8,False,False,False,0,,트렌드 미통과,,,,,,,,,
148930,에이치와이티씨,KOSDAQ,nan,3080.0,-129.5,False,False,False,0,,트렌드 미통과,,,,,,,,,
131090,시큐브,KOSDAQ,nan,4095.0,-34.6,False,False,False,0,,트렌드 미통과,,,,,,,,,
032750,삼진,KOSDAQ,nan,3565.0,-127.4,False,False,False,0,,트렌드 미통과,,,,,,,,,
018680,서울제약,KOSDAQ,nan,2725.0,-130.4,False,False,False,0,,트렌드 미통과,,,,,,,,,
101000,KS인더스트리,KOSDAQ,nan,814.0,-157.3,False,False,False,0,,트렌드 미통과,,,,,,,,,
009460,한창제지,KOSPI,nan,544.0,-127.8,False,False,False,0,,트렌드 미통과,,,,,,,,,
085810,알티캐스트,KOSDAQ,nan,2180.0,117.2,False,False,False,0,,트렌드 미통과,,,,,,,,,
068100,케이웨더,KOSDAQ,nan,2500.0,-143.0,False,False,False,0,,트렌드 미통과,,,,,,,,,
039310,세중,KOSDAQ,nan,1505.0,-112.0,False,False,False,0,,트렌드 미통과,,,,,,,,,
003680,한성기업,KOSPI,nan,5040.0,-125.6,False,False,False,0,,트렌드 미통과,,,,,,,,,
004870,티웨이홀딩스,KOSPI,nan,254.0,-170.6,False,False,False,0,,트렌드 미통과,,,,,,,,,
047080,한빛소프트,KOSDAQ,nan,1315.0,-115.8,False,False,False,0,,트렌드 미통과,,,,,,,,,
033250,체시스,KOSPI,nan,4685.0,211.1,False,False,False,0,,트렌드 미통과,,,,,,,,,
354200,엔젠바이오,KOSDAQ,nan,1119.0,-160.4,False,False,False,0,,트렌드 미통과,,,,,,,,,
067730,로지시스,KOSDAQ,nan,3175.0,-103.6,False,False,False,0,,트렌드 미통과,,,,,,,,,
060380,동양에스텍,KOSDAQ,nan,1539.0,-112.6,False,False,False,0,,트렌드 미통과,,,,,,,,,
019570,플루토스,KOSDAQ,nan,473.0,-52.1,False,False,False,0,,트렌드 미통과,,,,,,,,,
010400,우진아이엔에스,KOSPI,nan,4085.0,-95.1,True,False,False,32,,패턴 미감지,,,,,,,,,
115610,이미지스,KOSDAQ,nan,2875.0,-19.8,True,False,False,32,,패턴 미감지,,,,,,,,,
008775,호텔신라우,KOSPI,nan,39700.0,-115.4,False,False,False,0,,트렌드 미통과,,,,,,,,,
091340,S&K폴리텍,KOSDAQ,nan,2590.0,-111.3,False,False,False,0,,트렌드 미통과,,,,,,,,,
191410,육일씨엔에쓰,KOSDAQ,nan,2485.0,-106.6,False,False,False,0,,트렌드 미통과,,,,,,,,,
080470,성창오토텍,KOSDAQ,nan,4170.0,-116.6,False,False,False,0,,트렌드 미통과,,,,,,,,,
115160,휴맥스,KOSDAQ,nan,7210.0,533.6,True,False,False,64,,패턴 미감지,,,,,,,,,
019660,글로본,KOSDAQ,nan,2250.0,-89.5,False,False,False,0,,트렌드 미통과,,,,,,,,,
006570,대림통상,KOSPI,nan,2010.0,-142.0,False,False,False,0,,트렌드 미통과,,,,,,,,,
196700,웹스,KOSDAQ,nan,1915.0,-104.1,False,False,False,0,,트렌드 미통과,,,,,,,,,
373110,엑셀세라퓨틱스,KOSDAQ,nan,1544.0,-145.8,False,False,False,0,,트렌드 미통과,,,,,,,,,
139670,키네마스터,KOSDAQ,nan,2040.0,-130.4,False,False,False,0,,트렌드 미통과,,,,,,,,,
224060,더코디,KOSDAQ,nan,5800.0,-49.8,True,False,False,32,,패턴 미감지,,,,,,,,,
109670,씨싸이트,KOSDAQ,nan,4765.0,-145.7,False,False,False,0,,트렌드 미통과,,,,,,,,,
372800,아이티아이즈,KOSDAQ,nan,3965.0,-152.5,False,False,False,0,,트렌드 미통과,,,,,,,,,
002820,SUN&L,KOSPI,nan,2365.0,-134.5,False,False,False,0,,트렌드 미통과,,,,,,,,,
069640,한세엠케이,KOSPI,nan,666.0,-135.6,False,False,False,0,,트렌드 미통과,,,,,,,,,
362990,드림인사이트,KOSDAQ,nan,1653.0,-129.8,False,False,False,0,,트렌드 미통과,,,,,,,,,
222980,한국맥널티,KOSDAQ,nan,2430.0,-146.0,False,False,False,0,,트렌드 미통과,,,,,,,,,
368600,아이씨에이치,KOSDAQ,nan,1025.0,-154.4,False,False,False,0,,트렌드 미통과,,,,,,,,,
208640,썸에이지,KOSDAQ,nan,187.0,-152.3,False,False,False,0,,트렌드 미통과,,,,,,,,,
032080,아즈텍WB,KOSDAQ,nan,1326.0,-113.8,False,False,False,0,,트렌드 미통과,,,,,,,,,
240600,유진테크놀로지,KOSDAQ,nan,3455.0,-134.0,False,False,False,0,,트렌드 미통과,,,,,,,,,
031510,오스템,KOSDAQ,nan,1015.0,-120.2,False,False,False,0,,트렌드 미통과,,,,,,,,,
083660,CSA 코스믹,KOSDAQ,nan,348.0,-173.6,False,False,False,0,,트렌드 미통과,,,,,,,,,
318010,팜스빌,KOSDAQ,nan,3560.0,-121.4,False,False,False,0,,트렌드 미통과,,,,,,,,,
044780,에이치케이,KOSDAQ,nan,1610.0,-91.0,True,False,False,32,,패턴 미감지,,,,,,,,,
076080,웰크론한텍,KOSDAQ,nan,1063.0,-140.5,False,False,False,0,,트렌드 미통과,,,,,,,,,
054090,삼진엘앤디,KOSDAQ,nan,1172.0,-70.9,True,False,False,32,,패턴 미감지,,,,,,,,,
034940,조아제약,KOSDAQ,nan,885.0,-129.2,False,False,False,0,,트렌드 미통과,,,,,,,,,
418620,E8,KOSDAQ,nan,1410.0,-150.2,False,False,False,0,,트렌드 미통과,,,,,,,,,
900110,이스트아시아홀딩스,KOSDAQ,nan,802.0,334.6,False,False,False,0,,트렌드 미통과,,,,,,,,,
123750,알톤,KOSDAQ,nan,2120.0,-91.5,False,False,False,0,,트렌드 미통과,,,,,,,,,
042040,케이피엠테크,KOSDAQ,nan,1081.0,247.9,False,False,False,0,,트렌드 미통과,,,,,,,,,
355690,에이텀,KOSDAQ,nan,5200.0,-130.7,False,False,False,0,,트렌드 미통과,,,,,,,,,
016920,카스,KOSDAQ,nan,1057.0,-129.4,False,False,False,0,,트렌드 미통과,,,,,,,,,
036480,대성미생물,KOSDAQ,nan,7000.0,-126.8,False,False,False,0,,트렌드 미통과,,,,,,,,,
002355,넥센타이어1우B,KOSPI,nan,4375.0,-92.1,True,False,False,32,,패턴 미감지,,,,,,,,,
052300,오션인더블유,KOSDAQ,nan,17410.0,6930.4,True,False,False,64,,패턴 미감지,,,,,,,,,
037400,우리엔터프라이즈,KOSDAQ,nan,1015.0,-116.9,False,False,False,0,,트렌드 미통과,,,,,,,,,
044380,주연테크,KOSPI,nan,430.0,-117.6,False,False,False,0,,트렌드 미통과,,,,,,,,,
267790,배럴,KOSDAQ,nan,3650.0,-125.1,False,False,False,0,,트렌드 미통과,,,,,,,,,
007770,한일화학,KOSDAQ,nan,7760.0,-131.5,False,False,False,0,,트렌드 미통과,,,,,,,,,
060900,에이전트AI,KOSDAQ,nan,5850.0,286.1,False,False,False,0,,트렌드 미통과,,,,,,,,,
312610,에이에프더블류,KOSDAQ,nan,1250.0,-129.7,False,False,False,0,,트렌드 미통과,,,,,,,,,
001515,SK증권우,KOSPI,nan,11310.0,273.4,True,False,False,64,,패턴 미감지,,,,,,,,,
208350,지란지교시큐리티,KOSDAQ,nan,3315.0,-105.2,True,True,False,47,,대기중(피벗미돌파),3570.0,22.3,7.1,0.45,381.0,12.0,-7.1,caution,True
093380,풍강,KOSDAQ,nan,2835.0,-116.3,False,False,False,0,,트렌드 미통과,,,,,,,,,
900270,헝셩그룹,KOSDAQ,nan,1029.0,239.4,True,False,False,64,,패턴 미감지,,,,,,,,,
004270,남성,KOSPI,nan,7120.0,519.6,False,False,False,0,,트렌드 미통과,,,,,,,,,
464680,KB제27호스팩,KOSDAQ,nan,2100.0,-116.2,False,False,False,0,,트렌드 미통과,,,,,,,,,
023770,플레이위드,KOSDAQ,nan,2640.0,-136.2,False,False,False,0,,트렌드 미통과,,,,,,,,,
377030,비트맥스,KOSDAQ,nan,3040.0,-107.6,False,False,False,0,,트렌드 미통과,,,,,,,,,
079650,서산,KOSDAQ,nan,1357.0,-126.7,False,False,False,0,,트렌드 미통과,,,,,,,,,
067010,이씨에스,KOSDAQ,nan,2345.0,-127.2,False,False,False,0,,트렌드 미통과,,,,,,,,,
070590,인티큐브,KOSDAQ,nan,1823.0,-121.8,False,False,False,0,,트렌드 미통과,,,,,,,,,
197140,디지캡,KOSDAQ,nan,1989.0,-128.4,False,False,False,0,,트렌드 미통과,,,,,,,,,
060230,제이케이시냅스,KOSDAQ,nan,398.0,-193.4,False,False,False,0,,트렌드 미통과,,,,,,,,,
143210,핸즈코퍼레이션,KOSPI,nan,1199.0,-131.2,False,False,False,0,,트렌드 미통과,,,,,,,,,
003495,대한항공우,KOSPI,nan,23800.0,-120.8,False,False,False,0,,트렌드 미통과,,,,,,,,,
012170,아센디오,KOSPI,nan,1272.0,-168.2,False,False,False,0,,트렌드 미통과,,,,,,,,,
078860,스테이지원엔터,KOSDAQ,nan,4525.0,124.3,False,False,False,0,,트렌드 미통과,,,,,,,,,
011090,에넥스,KOSPI,nan,428.0,-145.9,False,False,False,0,,트렌드 미통과,,,,,,,,,
054940,엑사이엔씨,KOSDAQ,nan,808.0,-103.3,False,False,False,0,,트렌드 미통과,,,,,,,,,
353190,휴럼,KOSDAQ,nan,3230.0,222.5,True,False,False,64,,패턴 미감지,,,,,,,,,
115570,스타플렉스,KOSDAQ,nan,2940.0,-117.0,False,False,False,0,,트렌드 미통과,,,,,,,,,
415380,스튜디오삼익,KOSDAQ,nan,2140.0,-152.2,False,False,False,0,,트렌드 미통과,,,,,,,,,
154030,아시아종묘,KOSDAQ,nan,1973.0,-123.2,False,False,False,0,,트렌드 미통과,,,,,,,,,
352940,인바이오,KOSDAQ,nan,2295.0,-117.4,False,False,False,0,,트렌드 미통과,,,,,,,,,
025890,한국주강,KOSPI,nan,2220.0,-103.2,False,False,False,0,,트렌드 미통과,,,,,,,,,
348030,모비릭스,KOSDAQ,nan,2385.0,-151.2,False,False,False,0,,트렌드 미통과,,,,,,,,,
130740,티피씨글로벌,KOSDAQ,nan,2030.0,-117.3,False,False,False,0,,트렌드 미통과,,,,,,,,,
113810,디젠스,KOSDAQ,nan,694.0,-144.2,False,False,False,0,,트렌드 미통과,,,,,,,,,
308100,형지글로벌,KOSDAQ,nan,904.0,-169.5,False,False,False,0,,트렌드 미통과,,,,,,,,,
043360,디지아이,KOSDAQ,nan,2630.0,-99.2,True,False,False,32,,패턴 미감지,,,,,,,,,
001420,태원물산,KOSPI,nan,3080.0,-135.2,False,False,False,0,,트렌드 미통과,,,,,,,,,
032280,삼일,KOSDAQ,nan,1384.0,-127.2,False,False,False,0,,트렌드 미통과,,,,,,,,,
009310,참엔지니어링,KOSPI,nan,5325.0,3427.7,True,False,False,64,,패턴 미감지,,,,,,,,,
365900,브이씨,KOSDAQ,nan,3060.0,-123.1,False,False,False,0,,트렌드 미통과,,,,,,,,,
001685,대상우,KOSPI,nan,16530.0,-127.5,False,False,False,0,,트렌드 미통과,,,,,,,,,
002680,한탑,KOSDAQ,nan,669.0,-124.5,False,False,False,0,,트렌드 미통과,,,,,,,,,
017250,인터엠,KOSDAQ,nan,1093.0,-113.7,False,False,False,0,,트렌드 미통과,,,,,,,,,
084180,수성웹툰,KOSDAQ,nan,1130.0,-176.9,False,False,False,0,,트렌드 미통과,,,,,,,,,
006345,대원전선우,KOSPI,nan,21800.0,350.1,True,False,False,64,,패턴 미감지,,,,,,,,,
053060,세동,KOSDAQ,nan,1378.0,-107.1,False,False,False,0,,트렌드 미통과,,,,,,,,,
054410,케이피티유,KOSDAQ,nan,3720.0,-111.4,False,False,False,0,,트렌드 미통과,,,,,,,,,
289010,아이스크림에듀,KOSDAQ,nan,1559.0,-138.8,False,False,False,0,,트렌드 미통과,,,,,,,,,
275630,에스에스알,KOSDAQ,nan,4065.0,-85.0,False,False,False,0,,트렌드 미통과,,,,,,,,,
048830,엔피케이,KOSDAQ,nan,1144.0,-105.5,False,False,False,0,,트렌드 미통과,,,,,,,,,
045520,크린앤사이언스,KOSDAQ,nan,3135.0,-133.5,False,False,False,0,,트렌드 미통과,,,,,,,,,
050760,에스폴리텍,KOSDAQ,nan,1354.0,-124.9,False,False,False,0,,트렌드 미통과,,,,,,,,,
192390,윈하이텍,KOSDAQ,nan,1905.0,-139.9,False,False,False,0,,트렌드 미통과,,,,,,,,,
134060,이퓨쳐,KOSDAQ,nan,4355.0,-117.5,False,False,False,0,,트렌드 미통과,,,,,,,,,
247660,나노씨엠에스,KOSDAQ,nan,4820.0,-125.2,False,False,False,0,,트렌드 미통과,,,,,,,,,
098660,에스티오,KOSDAQ,nan,1700.0,-126.4,False,False,False,0,,트렌드 미통과,,,,,,,,,
110020,전진바이오팜,KOSDAQ,nan,2230.0,-136.3,False,False,False,0,,트렌드 미통과,,,,,,,,,
154040,다산솔루에타,KOSDAQ,nan,1153.0,-117.1,False,False,False,0,,트렌드 미통과,,,,,,,,,
019685,대교우B,KOSPI,nan,1018.0,-141.9,False,False,False,0,,트렌드 미통과,,,,,,,,,
215480,토박스코리아,KOSDAQ,nan,2160.0,-123.3,False,False,False,0,,트렌드 미통과,,,,,,,,,
001770,SHD,KOSPI,nan,16740.0,-128.5,False,False,False,0,,트렌드 미통과,,,,,,,,,
065690,파커스,KOSDAQ,nan,1451.0,-92.8,True,False,False,32,,패턴 미감지,,,,,,,,,
060480,국일신동,KOSDAQ,nan,1854.0,-106.6,False,False,False,0,,트렌드 미통과,,,,,,,,,
060260,뉴보텍,KOSDAQ,nan,1401.0,-109.9,False,False,False,0,,트렌드 미통과,,,,,,,,,
096870,엘디티,KOSDAQ,nan,2375.0,-125.2,False,False,False,0,,트렌드 미통과,,,,,,,,,
071950,코아스,KOSPI,nan,1582.0,-192.5,False,False,False,0,,트렌드 미통과,,,,,,,,,
015020,이스타코,KOSPI,nan,464.0,-150.3,False,False,False,0,,트렌드 미통과,,,,,,,,,
005257,녹십자홀딩스2우,KOSPI,nan,22350.0,-133.9,False,False,False,0,,트렌드 미통과,,,,,,,,,
020400,대동금속,KOSDAQ,nan,4435.0,-143.4,False,False,False,0,,트렌드 미통과,,,,,,,,,
344860,이노진,KOSDAQ,nan,1490.0,-133.7,False,False,False,0,,트렌드 미통과,,,,,,,,,
361670,삼영에스앤씨,KOSDAQ,nan,3170.0,-134.6,False,False,False,0,,트렌드 미통과,,,,,,,,,
011080,형지I&C,KOSDAQ,nan,3995.0,206.8,False,False,False,0,,트렌드 미통과,,,,,,,,,
067770,세진티에스,KOSDAQ,nan,2260.0,-118.6,False,False,False,0,,트렌드 미통과,,,,,,,,,
035620,바른손이앤에이,KOSDAQ,nan,942.0,-0.5,False,False,False,0,,트렌드 미통과,,,,,,,,,
025870,신라에스지,KOSDAQ,nan,4265.0,-142.8,False,False,False,0,,트렌드 미통과,,,,,,,,,
008600,윌비스,KOSPI,nan,2620.0,6423.5,True,False,False,64,,패턴 미감지,,,,,,,,,
028080,휴맥스홀딩스,KOSDAQ,nan,8100.0,192.5,False,False,False,0,,트렌드 미통과,,,,,,,,,
108675,LX하우시스우,KOSPI,nan,19120.0,-113.5,False,False,False,0,,트렌드 미통과,,,,,,,,,
005725,넥센우,KOSPI,nan,4635.0,-113.6,False,False,False,0,,트렌드 미통과,,,,,,,,,
276730,한울앤제주,KOSDAQ,nan,13500.0,580.6,False,False,False,0,,트렌드 미통과,,,,,,,,,
482680,미래에셋비전스팩7호,KOSDAQ,nan,2060.0,-116.2,False,False,False,0,,트렌드 미통과,,,,,,,,,
477380,미래에셋비전스팩4호,KOSDAQ,nan,2060.0,-118.7,False,False,False,0,,트렌드 미통과,,,,,,,,,
012340,뉴인텍,KOSDAQ,nan,1450.0,56.8,False,False,False,0,,트렌드 미통과,,,,,,,,,
008500,일정실업,KOSPI,nan,2440.0,-181.6,False,False,False,0,,트렌드 미통과,,,,,,,,,
250930,예선테크,KOSDAQ,nan,480.0,-115.5,False,False,False,0,,트렌드 미통과,,,,,,,,,
069920,엑시온그룹,KOSDAQ,nan,1792.0,-49.0,False,False,False,0,,트렌드 미통과,,,,,,,,,
001795,대한제당우,KOSPI,nan,2420.0,-132.5,False,False,False,0,,트렌드 미통과,,,,,,,,,
002070,비비안,KOSPI,nan,11020.0,49167.6,True,False,False,64,,패턴 미감지,,,,,,,,,
050090,비케이홀딩스,KOSDAQ,nan,763.0,-128.5,False,False,False,0,,트렌드 미통과,,,,,,,,,
000087,하이트진로2우B,KOSPI,nan,14000.0,-130.8,False,False,False,0,,트렌드 미통과,,,,,,,,,
032800,판타지오,KOSDAQ,nan,1719.0,96.8,False,False,False,0,,트렌드 미통과,,,,,,,,,
073190,듀오백,KOSDAQ,nan,1170.0,-157.2,False,False,False,0,,트렌드 미통과,,,,,,,,,
079950,인베니아,KOSDAQ,nan,1023.0,-189.2,False,False,False,0,,트렌드 미통과,,,,,,,,,
001755,한양증권우,KOSPI,nan,28950.0,-53.3,True,False,False,32,,패턴 미감지,,,,,,,,,
900120,씨엑스아이,KOSDAQ,nan,377.0,46.4,False,False,False,0,,트렌드 미통과,,,,,,,,,
477340,에이치엠씨제7호스팩,KOSDAQ,nan,2035.0,-117.3,False,False,False,0,,트렌드 미통과,,,,,,,,,
469880,하나30호스팩,KOSDAQ,nan,2085.0,-117.0,False,False,False,0,,트렌드 미통과,,,,,,,,,
188260,세니젠,KOSDAQ,nan,2200.0,-118.3,False,False,False,0,,트렌드 미통과,,,,,,,,,
473050,유안타제15호스팩,KOSDAQ,nan,2065.0,-116.8,False,False,False,0,,트렌드 미통과,,,,,,,,,
478440,미래에셋비전스팩6호,KOSDAQ,nan,2040.0,-118.3,False,False,False,0,,트렌드 미통과,,,,,,,,,
479880,한국제15호스팩,KOSDAQ,nan,2045.0,-118.9,False,False,False,0,,트렌드 미통과,,,,,,,,,
121850,코이즈,KOSDAQ,nan,2420.0,-190.4,False,False,False,0,,트렌드 미통과,,,,,,,,,
004105,태양금속우,KOSPI,nan,4085.0,-109.6,True,True,False,44,,대기중(피벗미돌파),4550.0,33.5,12.0,0.84,317.0,8.0,-10.2,danger,True
065060,지엔코,KOSDAQ,nan,2725.0,35.0,False,False,False,0,,트렌드 미통과,,,,,,,,,
489480,키움제11호스팩,KOSDAQ,nan,2040.0,-119.3,False,False,False,0,,트렌드 미통과,,,,,,,,,
481890,엔에이치스팩31호,KOSDAQ,nan,2110.0,-117.3,False,False,False,0,,트렌드 미통과,,,,,,,,,
084695,대상홀딩스우,KOSPI,nan,13820.0,-128.1,False,False,False,0,,트렌드 미통과,,,,,,,,,
489730,디비금융제13호스팩,KOSDAQ,nan,2040.0,-118.4,False,False,False,0,,트렌드 미통과,,,,,,,,,
478390,KB제29호스팩,KOSDAQ,nan,2050.0,-119.7,False,False,False,0,,트렌드 미통과,,,,,,,,,
471050,대신밸런스제17호스팩,KOSDAQ,nan,2100.0,-121.8,False,False,False,0,,트렌드 미통과,,,,,,,,,
492220,KB제31호스팩,KOSDAQ,nan,2030.0,-118.4,False,False,False,0,,트렌드 미통과,,,,,,,,,
004255,NPC우,KOSPI,nan,2405.0,-126.1,False,False,False,0,,트렌드 미통과,,,,,,,,,
145995,삼양사우,KOSPI,nan,33050.0,-129.6,False,False,False,0,,트렌드 미통과,,,,,,,,,
026910,광진실업,KOSDAQ,nan,2355.0,-123.4,False,False,False,0,,트렌드 미통과,,,,,,,,,
482690,대신밸런스제19호스팩,KOSDAQ,nan,2135.0,-118.7,False,False,False,0,,트렌드 미통과,,,,,,,,,
003075,코오롱글로벌우,KOSPI,nan,15340.0,-121.0,False,False,False,0,,트렌드 미통과,,,,,,,,,
001067,JW중외제약2우B,KOSPI,nan,55300.0,-135.7,False,False,False,0,,트렌드 미통과,,,,,,,,,
469900,하나31호스팩,KOSDAQ,nan,2060.0,-118.3,False,False,False,0,,트렌드 미통과,,,,,,,,,
477470,미래에셋비전스팩5호,KOSDAQ,nan,2090.0,-119.1,False,False,False,0,,트렌드 미통과,,,,,,,,,
487360,신한제14호스팩,KOSDAQ,nan,2025.0,-119.4,False,False,False,0,,트렌드 미통과,,,,,,,,,
496070,신한제16호스팩,KOSDAQ,nan,2010.0,-70.9,False,False,False,0,,트렌드 미통과,,,,,,,,,
474490,유안타제16호스팩,KOSDAQ,nan,2052.0,-117.0,False,False,False,0,,트렌드 미통과,,,,,,,,,
486630,KB제30호스팩,KOSDAQ,nan,2045.0,-119.2,False,False,False,0,,트렌드 미통과,,,,,,,,,
489210,교보17호스팩,KOSDAQ,nan,2095.0,-118.3,False,False,False,0,,트렌드 미통과,,,,,,,,,
493790,유안타제17호스팩,KOSDAQ,nan,2010.0,-118.2,False,False,False,0,,트렌드 미통과,,,,,,,,,
478110,이베스트스팩6호,KOSDAQ,nan,2030.0,-118.2,False,False,False,0,,트렌드 미통과,,,,,,,,,
012205,계양전기우,KOSPI,nan,10400.0,22.4,True,False,False,56,,패턴 미감지,,,,,,,,,
498390,한화플러스제5호스팩,KOSDAQ,nan,2045.0,-117.0,False,False,False,0,,트렌드 미통과,,,,,,,,,
000225,유유제약1우,KOSPI,nan,4420.0,-133.8,False,False,False,0,,트렌드 미통과,,,,,,,,,
472220,신영스팩10호,KOSDAQ,nan,2125.0,-121.5,False,False,False,0,,트렌드 미통과,,,,,,,,,
488060,유진스팩11호,KOSDAQ,nan,2045.0,-118.4,False,False,False,0,,트렌드 미통과,,,,,,,,,
145210,다이나믹디자인,KOSPI,nan,224.0,-181.6,False,False,False,0,,트렌드 미통과,,,,,,,,,
004835,덕성우,KOSPI,nan,6560.0,-137.6,False,False,False,0,,트렌드 미통과,,,,,,,,,
484130,하나34호스팩,KOSDAQ,nan,2020.0,-120.6,False,False,False,0,,트렌드 미통과,,,,,,,,,
462020,에이치엠씨제6호스팩,KOSDAQ,nan,2105.0,-119.5,False,False,False,0,,트렌드 미통과,,,,,,,,,
467930,IBKS제23호스팩,KOSDAQ,nan,2160.0,-120.1,False,False,False,0,,트렌드 미통과,,,,,,,,,
469480,IBKS제24호스팩,KOSDAQ,nan,2125.0,-122.0,False,False,False,0,,트렌드 미통과,,,,,,,,,
464440,한국제13호스팩,KOSDAQ,nan,2092.0,-120.0,False,False,False,0,,트렌드 미통과,,,,,,,,,
473950,에스케이증권제13호스팩,KOSDAQ,nan,2030.0,-119.3,False,False,False,0,,트렌드 미통과,,,,,,,,,
001065,JW중외제약우,KOSPI,nan,26100.0,-131.3,False,False,False,0,,트렌드 미통과,,,,,,,,,
487830,신한제15호스팩,KOSDAQ,nan,2035.0,-119.7,False,False,False,0,,트렌드 미통과,,,,,,,,,
468760,유진스팩10호,KOSDAQ,nan,2095.0,-125.6,False,False,False,0,,트렌드 미통과,,,,,,,,,
004985,성신양회우,KOSPI,nan,11620.0,-127.1,False,False,False,0,,트렌드 미통과,,,,,,,,,
487720,키움제10호스팩,KOSDAQ,nan,2040.0,-121.1,False,False,False,0,,트렌드 미통과,,,,,,,,,
472230,에스케이증권제11호스팩,KOSDAQ,nan,2065.0,-117.9,False,False,False,0,,트렌드 미통과,,,,,,,,,
475250,하나33호스팩,KOSDAQ,nan,2085.0,-121.3,False,False,False,0,,트렌드 미통과,,,,,,,,,
000325,노루홀딩스우,KOSPI,nan,29900.0,-126.8,False,False,False,0,,트렌드 미통과,,,,,,,,,
474930,신한제13호스팩,KOSDAQ,nan,2115.0,-120.7,False,False,False,0,,트렌드 미통과,,,,,,,,,
473000,에스케이증권제12호스팩,KOSDAQ,nan,2050.0,-118.8,False,False,False,0,,트렌드 미통과,,,,,,,,,
475240,하나32호스팩,KOSDAQ,nan,2095.0,-119.8,False,False,False,0,,트렌드 미통과,,,,,,,,,
090355,노루페인트우,KOSPI,nan,13050.0,-126.2,False,False,False,0,,트렌드 미통과,,,,,,,,,
000145,하이트진로홀딩스우,KOSPI,nan,11390.0,-128.3,False,False,False,0,,트렌드 미통과,,,,,,,,,
000545,흥국화재우,KOSPI,nan,6920.0,-137.6,False,False,False,0,,트렌드 미통과,,,,,,,,,
005965,동부건설우,KOSPI,nan,19800.0,-119.1,False,False,False,0,,트렌드 미통과,,,,,,,,,
005745,크라운해태홀딩스우,KOSPI,nan,7430.0,-134.6,False,False,False,0,,트렌드 미통과,,,,,,,,,
002995,금호건설우,KOSPI,nan,14900.0,-110.7,False,False,False,0,,트렌드 미통과,,,,,,,,,
014825,동원시스템즈우,KOSPI,nan,16400.0,-131.7,False,False,False,0,,트렌드 미통과,,,,,,,,,
008355,남선알미우,KOSPI,nan,13480.0,-130.6,False,False,False,0,,트렌드 미통과,,,,,,,,,
014285,금강공업우,KOSPI,nan,7470.0,-125.6,False,False,False,0,,트렌드 미통과,,,,,,,,,
004545,깨끗한나라우,KOSPI,nan,10260.0,-138.5,False,False,False,0,,트렌드 미통과,,,,,,,,,
000227,유유제약2우B,KOSPI,nan,10880.0,-121.2,False,False,False,0,,트렌드 미통과,,,,,,,,,
002785,진흥기업우B,KOSPI,nan,3520.0,-124.0,False,False,False,0,,트렌드 미통과,,,,,,,,,
001525,동양우,KOSPI,nan,4385.0,-129.4,False,False,False,0,,트렌드 미통과,,,,,,,,,
014915,성문전자우,KOSPI,nan,4490.0,-125.7,False,False,False,0,,트렌드 미통과,,,,,,,,,
011155,CJ씨푸드1우,KOSPI,nan,13240.0,-145.6,False,False,False,0,,트렌드 미통과,,,,,,,,,
004415,서울식품우,KOSPI,nan,1193.0,-122.2,False,False,False,0,,트렌드 미통과,,,,,,,,,
002787,진흥기업2우B,KOSPI,nan,8470.0,-124.9,False,False,False,0,,트렌드 미통과,,,,,,,,,
001527,동양2우B,KOSPI,nan,7360.0,-140.0,False,False,False,0,,트렌드 미통과,,,,,,,,,
