ticker,name,theme,theme_no
024840,KBI메탈,전선,178
006340,대원전선,전선,178
000500,가온전선,전선,178
001440,대한전선,전선,178
006260,LS,전선,178
103590,일진전기,전선,178
060370,LS마린솔루션,전선,178
229640,LS에코에너지,전선,178
403550,쏘카,렌터카,525
038390,레드캡투어,렌터카,525
089860,롯데렌탈,렌터카,525
381970,케이카,렌터카,525
025860,남해화학,비료,204
001390,KG케미칼,비료,204
001550,조비,비료,204
332290,누보,비료,204
097870,효성오앤비,비료,204
033250,체시스,비료,204
054050,농우바이오,비료,204
014580,태경비케이,비료,204
004000,롯데정밀화학,비료,204
014830,유니드,비료,204
007610,선도전기,전력설비,123
024840,KBI메탈,전력설비,123
062040,산일전기,전력설비,123
125020,티씨머티리얼즈,전력설비,123
006340,대원전선,전력설비,123
000500,가온전선,전력설비,123
001440,대한전선,전력설비,123
006260,LS,전력설비,123
033100,제룡전기,전력설비,123
147830,제룡산업,전력설비,123
199820,제일일렉트릭,전력설비,123
017510,세명전기,전력설비,123
103590,일진전기,전력설비,123
119850,지엔씨에너지,전력설비,123
010120,LS ELECTRIC,전력설비,123
060370,LS마린솔루션,전력설비,123
096690,에이루트,전력설비,123
054220,비츠로시스,전력설비,123
267260,HD현대일렉트릭,전력설비,123
036190,금화피에스시,전력설비,123
034020,두산에너빌리티,전력설비,123
298040,효성중공업,전력설비,123
038460,바이오스마트,전력설비,123
051600,한전KPS,전력설비,123
015760,한국전력,전력설비,123
042370,비츠로테크,전력설비,123
189860,서전기전,전력설비,123
294630,서남,전력설비,123
006910,보성파워텍,전력설비,123
130660,한전산업,전력설비,123
388050,지투파워,전력설비,123
479960,위너스일렉,전력설비,123
229640,LS에코에너지,전력설비,123
237750,피앤씨테크,전력설비,123
025860,남해화학,태풍 및 장마,82
001550,조비,태풍 및 장마,82
043200,파루,태풍 및 장마,82
002100,경농,태풍 및 장마,82
007590,동방아그로,태풍 및 장마,82
060260,뉴보텍,태풍 및 장마,82
000490,대동,태풍 및 장마,82
060150,인선이엔티,태풍 및 장마,82
004000,롯데정밀화학,태풍 및 장마,82
101670,하이드로리튬,태풍 및 장마,82
125020,티씨머티리얼즈,해저터널(지하화/지하도로 등),213
006260,LS,해저터널(지하화/지하도로 등),213
025550,한국선재,해저터널(지하화/지하도로 등),213
017510,세명전기,해저터널(지하화/지하도로 등),213
060370,LS마린솔루션,해저터널(지하화/지하도로 등),213
026150,특수건설,해저터널(지하화/지하도로 등),213
028100,동아지질,해저터널(지하화/지하도로 등),213
011390,부산산업,해저터널(지하화/지하도로 등),213
046940,우원개발,해저터널(지하화/지하도로 등),213
065440,이루온,유심(USIM),580
081580,성우전자,유심(USIM),580
089850,유비벨록스,유심(USIM),580
057540,옴니시스템,유심(USIM),580
070300,엑스큐어,유심(USIM),580
092190,서울바이오시스,광통신(광케이블/광섬유 등),586
006260,LS,광통신(광케이블/광섬유 등),586
327260,RF머트리얼즈,광통신(광케이블/광섬유 등),586
115440,우리넷,광통신(광케이블/광섬유 등),586
218410,RFHIC,광통신(광케이블/광섬유 등),586
010170,대한광통신,광통신(광케이블/광섬유 등),586
389020,자람테크놀로지,광통신(광케이블/광섬유 등),586
368770,파이버프로,광통신(광케이블/광섬유 등),586
388790,라이콤,광통신(광케이블/광섬유 등),586
217590,티엠씨,광통신(광케이블/광섬유 등),586
062970,한국첨단소재,광통신(광케이블/광섬유 등),586
069540,빛과전자,광통신(광케이블/광섬유 등),586
100590,머큐리,광통신(광케이블/광섬유 등),586
043260,성호전자,광통신(광케이블/광섬유 등),586
025860,남해화학,주유소,600
024060,흥구석유,주유소,600
267250,HD현대,주유소,600
395400,SK리츠,주유소,600
000440,중앙에너비스,주유소,600
357120,코람코라이프인프라리츠,주유소,600
002420,세기상사,주유소,600
010950,S-Oil,주유소,600
038620,위즈코프,주유소,600
078930,GS,주유소,600
012700,리드코프,주유소,600
015890,태경산업,주유소,600
014530,극동유화,주유소,600
128820,대성산업,주유소,600
096770,SK이노베이션,주유소,600
046890,서울반도체,마이크로 LED,390
089890,코세스,마이크로 LED,390
038060,루멘스,마이크로 LED,390
066570,LG전자,마이크로 LED,390
066310,큐에스아이,마이크로 LED,390
008290,원풍물산,마이크로 LED,390
452430,사피엔반도체,마이크로 LED,390
143540,영우디에스피,마이크로 LED,390
005930,삼성전자,마이크로 LED,390
418420,라온텍,마이크로 LED,390
017900,광전자,마이크로 LED,390
065440,이루온,애플페이,521
034310,NICE,애플페이,521
025770,한국정보통신,애플페이,521
035600,KG이니시스,애플페이,521
373200,엑스플러스,애플페이,521
046440,KG파이낸셜,애플페이,521
060250,NHN KCP,애플페이,521
036800,나이스정보통신,애플페이,521
025860,남해화학,농업,206
001390,KG케미칼,농업,206
001550,조비,농업,206
332290,누보,농업,206
097870,효성오앤비,농업,206
002100,경농,농업,206
352940,인바이오,농업,206
002900,TYM,농업,206
003080,SB성보,농업,206
154030,아시아종묘,농업,206
007590,동방아그로,농업,206
119500,포메탈,농업,206
403490,우듬지팜,농업,206
054050,농우바이오,농업,206
000490,대동,농업,206
186230,그린플러스,농업,206
008830,대동기어,농업,206
114450,그린생명과학,농업,206
004000,롯데정밀화학,농업,206
050860,아세아텍,농업,206
014830,유니드,농업,206
101170,우림피티에스,농업,206
020400,대동금속,농업,206
065440,이루온,SNS(소셜네트워크서비스),317
104200,NHN벅스,SNS(소셜네트워크서비스),317
072130,유엔젤,SNS(소셜네트워크서비스),317
064800,포니링크,SNS(소셜네트워크서비스),317
079940,가비아,SNS(소셜네트워크서비스),317
035720,카카오,SNS(소셜네트워크서비스),317
039290,인포뱅크,SNS(소셜네트워크서비스),317
094480,갤럭시아머니트리,SNS(소셜네트워크서비스),317
067160,SOOP,SNS(소셜네트워크서비스),317
035420,NAVER,SNS(소셜네트워크서비스),317
330860,네패스아크,뉴로모픽 반도체,556
394280,오픈엣지테크놀로지,뉴로모픽 반도체,556
033640,네패스,뉴로모픽 반도체,556
389020,자람테크놀로지,뉴로모픽 반도체,556
445090,에이직랜드,뉴로모픽 반도체,556
092600,앤씨앤,뉴로모픽 반도체,556
005930,삼성전자,뉴로모픽 반도체,556
377030,비트맥스,증강현실(AR),289
094170,동운아나텍,증강현실(AR),289
053450,세코닉스,증강현실(AR),289
438700,버넥트,증강현실(AR),289
078890,가온그룹,증강현실(AR),289
190510,나무가,증강현실(AR),289
431190,케이쓰리아이,증강현실(AR),289
016670,디모아,증강현실(AR),289
064800,포니링크,증강현실(AR),289
274400,이노시뮬레이션,증강현실(AR),289
206560,덱스터,증강현실(AR),289
084730,팅크웨어,증강현실(AR),289
054450,텔레칩스,증강현실(AR),289
452430,사피엔반도체,증강현실(AR),289
038680,에스넷,증강현실(AR),289
299900,위지윅스튜디오,증강현실(AR),289
036570,NC,증강현실(AR),289
418420,라온텍,증강현실(AR),289
058630,엠게임,증강현실(AR),289
054210,이랜텍,증강현실(AR),289
290520,신도기연,증강현실(AR),289
024060,흥구석유,윤활유,527
003650,미창석유,윤활유,527
002960,한국쉘석유,윤활유,527
010950,S-Oil,윤활유,527
078930,GS,윤활유,527
014530,극동유화,윤활유,527
096770,SK이노베이션,윤활유,527
432720,퀄리타스반도체,CXL(컴퓨트익스프레스링크),547
405100,큐알티,CXL(컴퓨트익스프레스링크),547
356860,티엘비,CXL(컴퓨트익스프레스링크),547
080580,오킨스전자,CXL(컴퓨트익스프레스링크),547
394280,오픈엣지테크놀로지,CXL(컴퓨트익스프레스링크),547
043650,국순당,CXL(컴퓨트익스프레스링크),547
000660,SK하이닉스,CXL(컴퓨트익스프레스링크),547
019680,대교,CXL(컴퓨트익스프레스링크),547
092870,엑시콘,CXL(컴퓨트익스프레스링크),547
253590,네오셈,CXL(컴퓨트익스프레스링크),547
005930,삼성전자,CXL(컴퓨트익스프레스링크),547
007810,코리아써키트,CXL(컴퓨트익스프레스링크),547
440110,파두,CXL(컴퓨트익스프레스링크),547
115160,휴맥스,전기차(충전소/충전기),514
028080,휴맥스홀딩스,전기차(충전소/충전기),514
307180,아이엘,전기차(충전소/충전기),514
273640,와이엠텍,전기차(충전소/충전기),514
085810,알티캐스트,전기차(충전소/충전기),514
051360,토비스,전기차(충전소/충전기),514
034730,SK,전기차(충전소/충전기),514
063570,NICE인프라,전기차(충전소/충전기),514
286940,롯데이노베이트,전기차(충전소/충전기),514
066670,디티씨,전기차(충전소/충전기),514
118990,모트렉스,전기차(충전소/충전기),514
001740,SK네트웍스,전기차(충전소/충전기),514
032640,LG유플러스,전기차(충전소/충전기),514
079960,동양이엔피,전기차(충전소/충전기),514
037560,LG헬로비전,전기차(충전소/충전기),514
217820,원익피앤이,전기차(충전소/충전기),514
459100,위츠,전기차(충전소/충전기),514
011690,와이투솔루션,전기차(충전소/충전기),514
248070,솔루엠,전기차(충전소/충전기),514
006910,보성파워텍,전기차(충전소/충전기),514
479960,위너스일렉,전기차(충전소/충전기),514
000270,기아,전기차(충전소/충전기),514
002230,피에스텍,전기차(충전소/충전기),514
005380,현대차,전기차(충전소/충전기),514
453450,그리드위즈,전기차(충전소/충전기),514
489790,한화비전,CCTV＆DVR,28
331380,포커스에이아이,CCTV＆DVR,28
054220,비츠로시스,CCTV＆DVR,28
083640,인콘,CCTV＆DVR,28
092600,앤씨앤,CCTV＆DVR,28
015710,코콤,CCTV＆DVR,28
143160,아이디스,CCTV＆DVR,28
025860,남해화학,여름,76
001550,조비,여름,76
027710,팜스토리,여름,76
042110,에스씨디,여름,76
088910,동우팜투테이블,여름,76
006890,태경케미컬,여름,76
060310,3S,여름,76
037070,파세코,여름,76
002700,신일전자,여름,76
000890,보해양조,여름,76
276730,한울앤제주,여름,76
043340,에쎈테크,여름,76
027740,마니커,여름,76
136480,하림,여름,76
051900,LG생활건강,여름,76
005180,빙그레,여름,76
035810,이지홀딩스,여름,76
044340,위닉스,여름,76
005300,롯데칠성,여름,76
000080,하이트진로,여름,76
280360,롯데웰푸드,여름,76
071840,롯데하이마트,여름,76
021240,코웨이,여름,76
284740,쿠쿠홈시스,여름,76
267790,배럴,여름,76
067170,오텍,여름,76
001530,DI동일,여름,76
093370,후성,여름,76
006880,신송홀딩스,콩/대두,598
218150,미래생명자원,콩/대두,598
017810,풀무원,콩/대두,598
248170,샘표식품,콩/대두,598
007540,샘표,콩/대두,598
025860,남해화학,남북경협,121
049630,재영솔루텍,남북경협,121
001550,조비,남북경협,121
002100,경농,남북경협,121
058730,다스코,남북경협,121
119850,지엔씨에너지,남북경협,121
004090,한국석유,남북경협,121
023800,인지컨트롤스,남북경협,121
002150,도화엔지니어링,남북경협,121
091590,남화토건,남북경협,121
009270,신원,남북경협,121
017800,현대엘리베이터,남북경협,121
013810,스페코,남북경협,121
100700,세운메디칼,남북경협,121
001260,남광토건,남북경협,121
006280,녹십자,남북경협,121
026040,제이에스티나,남북경협,121
093240,형지엘리트,남북경협,121
025980,아난티,남북경협,121
037440,희림,남북경협,121
033240,자화전자,남북경협,121
014990,인디에프,남북경협,121
015760,한국전력,남북경협,121
007110,일신석재,남북경협,121
004000,롯데정밀화학,남북경협,121
030960,양지사,남북경협,121
033340,좋은사람들,남북경협,121
000720,현대건설,남북경협,121
047770,코데즈컴바인,남북경협,121
027710,팜스토리,육계,60
066360,체리부로,육계,60
088910,동우팜투테이블,육계,60
195500,마니커에프앤지,육계,60
027740,마니커,육계,60
136480,하림,육계,60
035810,이지홀딩스,육계,60
339770,교촌에프앤비,육계,60
290720,푸드나무,육계,60
340810,시선AI,보안주(물리),234
489790,한화비전,보안주(물리),234
140430,카티스,보안주(물리),234
417790,트루엔,보안주(물리),234
094840,슈프리마에이치큐,보안주(물리),234
331380,포커스에이아이,보안주(물리),234
236200,슈프리마,보안주(물리),234
092600,앤씨앤,보안주(물리),234
083640,인콘,보안주(물리),234
424760,벨로크,보안주(물리),234
006140,피제이전자,보안주(물리),234
264850,이랜시스,보안주(물리),234
143160,아이디스,보안주(물리),234
012750,에스원,보안주(물리),234
087600,픽셀플러스,보안주(물리),234
039010,현대에이치티,보안주(물리),234
356890,싸이버원,보안주(물리),234
446840,지슨,보안주(물리),234
303530,이노뎁,보안주(물리),234
365550,ESR켄달스퀘어리츠,리츠(REITs),310
395400,SK리츠,리츠(REITs),310
293940,신한알파리츠,리츠(REITs),310
404990,신한서부티엔디리츠,리츠(REITs),310
088260,이리츠코크렙,리츠(REITs),310
330590,롯데리츠,리츠(REITs),310
417310,코람코더원리츠,리츠(REITs),310
432320,KB스타리츠,리츠(REITs),310
377190,디앤디플랫폼리츠,리츠(REITs),310
357120,코람코라이프인프라리츠,리츠(REITs),310
338100,NH프라임리츠,리츠(REITs),310
357430,마스턴프리미어리츠,리츠(REITs),310
451800,한화리츠,리츠(REITs),310
334890,이지스밸류플러스리츠,리츠(REITs),310
350520,이지스레지던스리츠,리츠(REITs),310
145270,케이탑리츠,리츠(REITs),310
448730,삼성FN리츠,리츠(REITs),310
400760,NH올원리츠,리츠(REITs),310
481850,신한글로벌액티브리츠,리츠(REITs),310
357250,미래에셋맵스리츠,리츠(REITs),310
396690,미래에셋글로벌리츠,리츠(REITs),310
076610,해성옵틱스,카메라모듈/부품,41
049630,재영솔루텍,카메라모듈/부품,41
094170,동운아나텍,카메라모듈/부품,41
123010,알엔티엑스,카메라모듈/부품,41
053450,세코닉스,카메라모듈/부품,41
190510,나무가,카메라모듈/부품,41
196450,코아시아씨엠,카메라모듈/부품,41
009150,삼성전기,카메라모듈/부품,41
050110,캠시스,카메라모듈/부품,41
290740,액트로,카메라모듈/부품,41
263600,덕우전자,카메라모듈/부품,41
081580,성우전자,카메라모듈/부품,41
087600,픽셀플러스,카메라모듈/부품,41
091700,파트론,카메라모듈/부품,41
208710,포톤,카메라모듈/부품,41
370090,퓨런티어,카메라모듈/부품,41
082210,옵트론텍,카메라모듈/부품,41
047310,파워로직스,카메라모듈/부품,41
300120,라온피플,카메라모듈/부품,41
033240,자화전자,카메라모듈/부품,41
065130,탑엔지니어링,카메라모듈/부품,41
225190,LK삼양,카메라모듈/부품,41
097520,엠씨넥스,카메라모듈/부품,41
011070,LG이노텍,카메라모듈/부품,41
271830,팸텍,카메라모듈/부품,41
126700,하이비젼시스템,카메라모듈/부품,41
076610,해성옵틱스,바이오인식(생체인식),106
094170,동운아나텍,바이오인식(생체인식),106
340810,시선AI,바이오인식(생체인식),106
317770,엑스페릭스,바이오인식(생체인식),106
042510,라온시큐어,바이오인식(생체인식),106
203450,유니온바이오메트릭스,바이오인식(생체인식),106
094840,슈프리마에이치큐,바이오인식(생체인식),106
236200,슈프리마,바이오인식(생체인식),106
091700,파트론,바이오인식(생체인식),106
208710,포톤,바이오인식(생체인식),106
077500,유니퀘스트,바이오인식(생체인식),106
047310,파워로직스,바이오인식(생체인식),106
036810,에프에스티,바이오인식(생체인식),106
131090,시큐브,바이오인식(생체인식),106
192650,드림텍,바이오인식(생체인식),106
097520,엠씨넥스,바이오인식(생체인식),106
232830,아이티센피엔에스,바이오인식(생체인식),106
203650,드림시큐리티,바이오인식(생체인식),106
347860,알체라,바이오인식(생체인식),106
059120,아진엑스텍,시스템반도체,307
432720,퀄리타스반도체,시스템반도체,307
115610,이미지스,시스템반도체,307
254490,미래반도체,시스템반도체,307
094170,동운아나텍,시스템반도체,307
490470,세미파이브,시스템반도체,307
330860,네패스아크,시스템반도체,307
058470,리노공업,시스템반도체,307
226590,엠디바이스,시스템반도체,307
000990,DB하이텍,시스템반도체,307
405100,큐알티,시스템반도체,307
042700,한미반도체,시스템반도체,307
394280,오픈엣지테크놀로지,시스템반도체,307
108320,LX세미콘,시스템반도체,307
456010,아이씨티케이,시스템반도체,307
102120,어보브반도체,시스템반도체,307
033640,네패스,시스템반도체,307
172670,에이엘티,시스템반도체,307
389020,자람테크놀로지,시스템반도체,307
117670,알파칩스,시스템반도체,307
445090,에이직랜드,시스템반도체,307
303030,지니틱스,시스템반도체,307
092600,앤씨앤,시스템반도체,307
097800,윈팩,시스템반도체,307
123860,아나패스,시스템반도체,307
094360,칩스앤미디어,시스템반도체,307
000660,SK하이닉스,시스템반도체,307
054450,텔레칩스,시스템반도체,307
093640,케이알엠,시스템반도체,307
317120,라닉스,시스템반도체,307
101490,에스앤에스텍,시스템반도체,307
131970,두산테스나,시스템반도체,307
234030,싸이닉솔루션,시스템반도체,307
067310,하나마이크론,시스템반도체,307
452430,사피엔반도체,시스템반도체,307
464500,아이언디바이스,시스템반도체,307
399720,가온칩스,시스템반도체,307
093520,매커스,시스템반도체,307
045970,코아시아,시스템반도체,307
061970,LB세미콘,시스템반도체,307
005930,삼성전자,시스템반도체,307
396270,넥스트칩,시스템반도체,307
220260,켐트로스,시스템반도체,307
119830,아이텍,시스템반도체,307
033170,시그네틱스,시스템반도체,307
089030,테크윙,시스템반도체,307
036540,SFA반도체,시스템반도체,307
003160,디아이,시스템반도체,307
052860,아이앤씨,시스템반도체,307
429270,시지트로닉스,시스템반도체,307
080520,오디텍,시스템반도체,307
440110,파두,시스템반도체,307
098460,고영,시스템반도체,307
319660,피에스케이,시스템반도체,307
200710,에이디테크놀로지,시스템반도체,307
038880,아이에이,시스템반도체,307
001390,KG케미칼,요소수,504
069260,TKG휴켐스,요소수,504
000910,유니온,요소수,504
004000,롯데정밀화학,요소수,504
047400,유니온머티리얼,요소수,504
024060,흥구석유,LPG(액화석유가스),177
000440,중앙에너비스,LPG(액화석유가스),177
018670,SK가스,LPG(액화석유가스),177
010950,S-Oil,LPG(액화석유가스),177
017940,E1,LPG(액화석유가스),177
078930,GS,LPG(액화석유가스),177
014530,극동유화,LPG(액화석유가스),177
128820,대성산업,LPG(액화석유가스),177
096770,SK이노베이션,LPG(액화석유가스),177
092190,서울바이오시스,LED,33
046890,서울반도체,LED,33
038060,루멘스,LED,33
061040,알에프텍,LED,33
066570,LG전자,LED,33
307180,아이엘,LED,33
382800,지앤비에스 에코,LED,33
092460,한라IMS,LED,33
025540,한국단자,LED,33
073540,에프알텍,LED,33
050760,에스폴리텍,LED,33
036170,에이치엠넥스,LED,33
001210,금호전기,LED,33
065690,파커스,LED,33
082850,우리바이오,LED,33
096870,엘디티,LED,33
153490,우리이앤엘하루틴,LED,33
256630,포인트엔지니어링,LED,33
214330,금호에이치티,LED,33
032500,케이엠더블유,LED,33
037950,엘컴텍,LED,33
015890,태경산업,LED,33
037400,우리엔터프라이즈,LED,33
014580,태경비케이,LED,33
178780,일월지엠엘,LED,33
290690,소룩스,LED,33
045970,코아시아,LED,33
005930,삼성전자,LED,33
054090,삼진엘앤디,LED,33
011690,와이투솔루션,LED,33
272110,케이엔제이,LED,33
106240,파인테크닉스,LED,33
080520,오디텍,LED,33
004710,한솔테크닉스,LED,33
017900,광전자,LED,33
072950,빛샘전자,LED,33
121600,나노신소재,LED,33
281740,레이크머티리얼즈,LED,33
043260,성호전자,LED,33
000990,DB하이텍,반도체 대표주(생산),155
000660,SK하이닉스,반도체 대표주(생산),155
005930,삼성전자,반도체 대표주(생산),155
027710,팜스토리,"스포츠행사 수혜(올림픽, 월드컵 등)",290
088910,동우팜투테이블,"스포츠행사 수혜(올림픽, 월드컵 등)",290
000140,하이트진로홀딩스,"스포츠행사 수혜(올림픽, 월드컵 등)",290
034120,SBS,"스포츠행사 수혜(올림픽, 월드컵 등)",290
027740,마니커,"스포츠행사 수혜(올림픽, 월드컵 등)",290
136480,하림,"스포츠행사 수혜(올림픽, 월드컵 등)",290
035810,이지홀딩스,"스포츠행사 수혜(올림픽, 월드컵 등)",290
000080,하이트진로,"스포츠행사 수혜(올림픽, 월드컵 등)",290
067160,SOOP,"스포츠행사 수혜(올림픽, 월드컵 등)",290
473000,에스케이증권제12호스팩,기업인수목적회사(SPAC),284
471050,대신밸런스제17호스팩,기업인수목적회사(SPAC),284
469480,IBKS제24호스팩,기업인수목적회사(SPAC),284
484130,하나34호스팩,기업인수목적회사(SPAC),284
488060,유진스팩11호,기업인수목적회사(SPAC),284
477470,미래에셋비전스팩5호,기업인수목적회사(SPAC),284
468760,유진스팩10호,기업인수목적회사(SPAC),284
498390,한화플러스제5호스팩,기업인수목적회사(SPAC),284
473950,에스케이증권제13호스팩,기업인수목적회사(SPAC),284
481890,엔에이치스팩31호,기업인수목적회사(SPAC),284
475250,하나33호스팩,기업인수목적회사(SPAC),284
464680,KB제27호스팩,기업인수목적회사(SPAC),284
474930,신한제13호스팩,기업인수목적회사(SPAC),284
478390,KB제29호스팩,기업인수목적회사(SPAC),284
482520,교보16호스팩,기업인수목적회사(SPAC),284
474660,신한제12호스팩,기업인수목적회사(SPAC),284
472220,신영스팩10호,기업인수목적회사(SPAC),284
477760,DB금융스팩12호,기업인수목적회사(SPAC),284
475240,하나32호스팩,기업인수목적회사(SPAC),284
085310,비엔케이제3호스팩,기업인수목적회사(SPAC),284
477340,에이치엠씨제7호스팩,기업인수목적회사(SPAC),284
477380,미래에셋비전스팩4호,기업인수목적회사(SPAC),284
479880,한국제15호스팩,기업인수목적회사(SPAC),284
482690,대신밸런스제19호스팩,기업인수목적회사(SPAC),284
487720,키움제10호스팩,기업인수목적회사(SPAC),284
489480,키움제11호스팩,기업인수목적회사(SPAC),284
489730,디비금융제13호스팩,기업인수목적회사(SPAC),284
469900,하나31호스팩,기업인수목적회사(SPAC),284
452980,신한제11호스팩,기업인수목적회사(SPAC),284
469880,하나30호스팩,기업인수목적회사(SPAC),284
462020,에이치엠씨제6호스팩,기업인수목적회사(SPAC),284
466910,엔에이치스팩30호,기업인수목적회사(SPAC),284
465320,교보15호스팩,기업인수목적회사(SPAC),284
493790,유안타제17호스팩,기업인수목적회사(SPAC),284
467930,IBKS제23호스팩,기업인수목적회사(SPAC),284
464440,한국제13호스팩,기업인수목적회사(SPAC),284
474490,유안타제16호스팩,기업인수목적회사(SPAC),284
473050,유안타제15호스팩,기업인수목적회사(SPAC),284
486630,KB제30호스팩,기업인수목적회사(SPAC),284
489210,교보17호스팩,기업인수목적회사(SPAC),284
478110,이베스트스팩6호,기업인수목적회사(SPAC),284
496070,신한제16호스팩,기업인수목적회사(SPAC),284
487360,신한제14호스팩,기업인수목적회사(SPAC),284
451700,엔에이치스팩29호,기업인수목적회사(SPAC),284
472230,에스케이증권제11호스팩,기업인수목적회사(SPAC),284
482680,미래에셋비전스팩7호,기업인수목적회사(SPAC),284
487830,신한제15호스팩,기업인수목적회사(SPAC),284
478440,미래에셋비전스팩6호,기업인수목적회사(SPAC),284
492220,KB제31호스팩,기업인수목적회사(SPAC),284
466690,키움히어로제1호스팩,기업인수목적회사(SPAC),284
027710,팜스토리,구제역/광우병 수혜,16
005860,한일사료,구제역/광우병 수혜,16
088910,동우팜투테이블,구제역/광우병 수혜,16
006040,동원산업,구제역/광우병 수혜,16
006090,사조오양,구제역/광우병 수혜,16
011150,CJ씨푸드,구제역/광우병 수혜,16
036480,대성미생물,구제역/광우병 수혜,16
018620,우진비앤지,구제역/광우병 수혜,16
208140,정다운,구제역/광우병 수혜,16
027740,마니커,구제역/광우병 수혜,16
136480,하림,구제역/광우병 수혜,16
004970,신라교역,구제역/광우병 수혜,16
007160,사조산업,구제역/광우병 수혜,16
003680,한성기업,구제역/광우병 수혜,16
006980,우성,구제역/광우병 수혜,16
035810,이지홀딩스,구제역/광우병 수혜,16
003960,사조대림,구제역/광우병 수혜,16
030720,동원수산,구제역/광우병 수혜,16
014580,태경비케이,구제역/광우병 수혜,16
025870,신라에스지,구제역/광우병 수혜,16
432720,퀄리타스반도체,온디바이스 AI,545
330860,네패스아크,온디바이스 AI,545
058470,리노공업,온디바이스 AI,545
405100,큐알티,온디바이스 AI,545
394280,오픈엣지테크놀로지,온디바이스 AI,545
009150,삼성전기,온디바이스 AI,545
102120,어보브반도체,온디바이스 AI,545
033640,네패스,온디바이스 AI,545
200470,에이팩트,온디바이스 AI,545
094360,칩스앤미디어,온디바이스 AI,545
000660,SK하이닉스,온디바이스 AI,545
377480,마음AI,온디바이스 AI,545
054450,텔레칩스,온디바이스 AI,545
077500,유니퀘스트,온디바이스 AI,545
486990,노타,온디바이스 AI,545
464500,아이언디바이스,온디바이스 AI,545
403870,HPSP,온디바이스 AI,545
399720,가온칩스,온디바이스 AI,545
080220,제주반도체,온디바이스 AI,545
353200,대덕전자,온디바이스 AI,545
005930,삼성전자,온디바이스 AI,545
222800,심텍,온디바이스 AI,545
200710,에이디테크놀로지,온디바이스 AI,545
323280,태성,온디바이스 AI,545
097870,효성오앤비,조림사업,400
137950,제이씨케미칼,조림사업,400
025750,한솔홈데코,조림사업,400
034730,SK,조림사업,400
043910,자연과환경,조림사업,400
002820,SUN&L,조림사업,400
008250,이건산업,조림사업,400
009580,무림P&P,조림사업,400
000180,성창기업지주,조림사업,400
039020,이건홀딩스,조림사업,400
025950,동신건설,조림사업,400
017390,서울가스,도시가스,176
117580,대성에너지,도시가스,176
034590,인천도시가스,도시가스,176
053050,지에스이,도시가스,176
016710,대성홀딩스,도시가스,176
004690,삼천리,도시가스,176
036460,한국가스공사,도시가스,176
267290,경동도시가스,도시가스,176
015360,INVENI,도시가스,176
043200,파루,아프리카 돼지열병(ASF),417
027710,팜스토리,아프리카 돼지열병(ASF),417
005860,한일사료,아프리카 돼지열병(ASF),417
218150,미래생명자원,아프리카 돼지열병(ASF),417
088910,동우팜투테이블,아프리카 돼지열병(ASF),417
900340,윙입푸드,아프리카 돼지열병(ASF),417
110020,전진바이오팜,아프리카 돼지열병(ASF),417
188260,세니젠,아프리카 돼지열병(ASF),417
060590,씨티씨바이오,아프리카 돼지열병(ASF),417
036480,대성미생물,아프리카 돼지열병(ASF),417
018620,우진비앤지,아프리카 돼지열병(ASF),417
208140,정다운,아프리카 돼지열병(ASF),417
033250,체시스,아프리카 돼지열병(ASF),417
086060,진바이오텍,아프리카 돼지열병(ASF),417
027740,마니커,아프리카 돼지열병(ASF),417
073560,우리손에프앤지,아프리카 돼지열병(ASF),417
054670,대한뉴팜,아프리카 돼지열병(ASF),417
136480,하림,아프리카 돼지열병(ASF),417
044960,이글벳,아프리카 돼지열병(ASF),417
006980,우성,아프리카 돼지열병(ASF),417
072020,중앙백신,아프리카 돼지열병(ASF),417
035810,이지홀딩스,아프리카 돼지열병(ASF),417
198440,강동씨앤엘,아프리카 돼지열병(ASF),417
153710,옵티팜,아프리카 돼지열병(ASF),417
014580,태경비케이,아프리카 돼지열병(ASF),417
025870,신라에스지,아프리카 돼지열병(ASF),417
136490,선진,아프리카 돼지열병(ASF),417
353810,이지바이오,아프리카 돼지열병(ASF),417
041960,코미팜,아프리카 돼지열병(ASF),417
036580,팜스코,아프리카 돼지열병(ASF),417
331920,셀레믹스,아프리카 돼지열병(ASF),417
059090,미코,고체산화물 연료전지(SOFC),559
089890,코세스,고체산화물 연료전지(SOFC),559
336260,두산퓨얼셀,고체산화물 연료전지(SOFC),559
452280,한선엔지니어링,고체산화물 연료전지(SOFC),559
282720,금양그린파워,고체산화물 연료전지(SOFC),559
382900,범한퓨얼셀,고체산화물 연료전지(SOFC),559
357580,아모센스,고체산화물 연료전지(SOFC),559
475150,SK이터닉스,고체산화물 연료전지(SOFC),559
056190,에스에프에이,고체산화물 연료전지(SOFC),559
083650,비에이치아이,고체산화물 연료전지(SOFC),559
417200,LS머트리얼즈,고체산화물 연료전지(SOFC),559
170920,엘티씨,고체산화물 연료전지(SOFC),559
126340,비나텍,고체산화물 연료전지(SOFC),559
076610,해성옵틱스,스마트폰,279
059120,아진엑스텍,스마트폰,279
115610,이미지스,스마트폰,279
094170,동운아나텍,스마트폰,279
178320,서진시스템,스마트폰,279
061040,알에프텍,스마트폰,279
032580,피델릭스,스마트폰,279
091120,이엠텍,스마트폰,279
179900,유티아이,스마트폰,279
036010,아비코전자,스마트폰,279
125210,아모그린텍,스마트폰,279
056700,신화인터텍,스마트폰,279
190510,나무가,스마트폰,279
080420,모다이노칩,스마트폰,279
050110,캠시스,스마트폰,279
332570,PS일렉트로닉스,스마트폰,279
096870,엘디티,스마트폰,279
285490,노바텍,스마트폰,279
073110,엘엠에스,스마트폰,279
051360,토비스,스마트폰,279
290740,액트로,스마트폰,279
079190,케스피온,스마트폰,279
376290,씨유테크,스마트폰,279
373200,엑스플러스,스마트폰,279
054040,한국컴퓨터,스마트폰,279
193250,링크드,스마트폰,279
081580,성우전자,스마트폰,279
192440,슈피겐코리아,스마트폰,279
069330,유아이디,스마트폰,279
043590,웰킵스하이텍,스마트폰,279
154040,다산솔루에타,스마트폰,279
049520,유아이엘,스마트폰,279
091700,파트론,스마트폰,279
148150,세경하이테크,스마트폰,279
066670,디티씨,스마트폰,279
049070,인탑스,스마트폰,279
034220,LG디스플레이,스마트폰,279
060720,KH바텍,스마트폰,279
047310,파워로직스,스마트폰,279
191410,육일씨엔에쓰,스마트폰,279
033240,자화전자,스마트폰,279
192650,드림텍,스마트폰,279
353200,대덕전자,스마트폰,279
064520,테크엘,스마트폰,279
006400,삼성SDI,스마트폰,279
005930,삼성전자,스마트폰,279
204270,제이앤티씨,스마트폰,279
025320,시노펙스,스마트폰,279
101330,모베이스,스마트폰,279
459550,알트,스마트폰,279
198080,캐프,스마트폰,279
011070,LG이노텍,스마트폰,279
051370,인터플렉스,스마트폰,279
294140,레몬,스마트폰,279
052860,아이앤씨,스마트폰,279
290550,디케이티,스마트폰,279
213420,덕산네오룩스,스마트폰,279
126700,하이비젼시스템,스마트폰,279
055490,테이팩스,스마트폰,279
052710,아모텍,스마트폰,279
049080,기가레인,스마트폰,279
089010,켐트로닉스,스마트폰,279
017810,풀무원,김밥(냉동김밥 등),585
011150,CJ씨푸드,김밥(냉동김밥 등),585
103840,우양,김밥(냉동김밥 등),585
276730,한울앤제주,김밥(냉동김밥 등),585
003680,한성기업,김밥(냉동김밥 등),585
003960,사조대림,김밥(냉동김밥 등),585
065440,이루온,5G(5세대 이동통신),373
355150,코스텍시스,5G(5세대 이동통신),373
050890,쏠리드,5G(5세대 이동통신),373
178320,서진시스템,5G(5세대 이동통신),373
061040,알에프텍,5G(5세대 이동통신),373
066570,LG전자,5G(5세대 이동통신),373
035460,기산텔레콤,5G(5세대 이동통신),373
115440,우리넷,5G(5세대 이동통신),373
073490,LIG아큐버,5G(5세대 이동통신),373
007660,이수페타시스,5G(5세대 이동통신),373
218410,RFHIC,5G(5세대 이동통신),373
138080,오이솔루션,5G(5세대 이동통신),373
073540,에프알텍,5G(5세대 이동통신),373
230240,에치에프알,5G(5세대 이동통신),373
060370,LS마린솔루션,5G(5세대 이동통신),373
095270,웨이브일렉트로,5G(5세대 이동통신),373
030200,KT,5G(5세대 이동통신),373
010170,대한광통신,5G(5세대 이동통신),373
332570,PS일렉트로닉스,5G(5세대 이동통신),373
069410,엔텔스,5G(5세대 이동통신),373
389020,자람테크놀로지,5G(5세대 이동통신),373
289930,웨이비스,5G(5세대 이동통신),373
264450,유비쿼스,5G(5세대 이동통신),373
321370,센서뷰,5G(5세대 이동통신),373
032500,케이엠더블유,5G(5세대 이동통신),373
065770,CS,5G(5세대 이동통신),373
088280,쏘닉스,5G(5세대 이동통신),373
242040,나무기술,5G(5세대 이동통신),373
037460,삼지전자,5G(5세대 이동통신),373
017670,SK텔레콤,5G(5세대 이동통신),373
388790,라이콤,5G(5세대 이동통신),373
192410,오늘이엔엠,5G(5세대 이동통신),373
175140,휴먼테크놀로지,5G(5세대 이동통신),373
088800,에이스테크,5G(5세대 이동통신),373
122990,와이솔,5G(5세대 이동통신),373
032640,LG유플러스,5G(5세대 이동통신),373
078000,텔코웨어,5G(5세대 이동통신),373
052460,아이크래프트,5G(5세대 이동통신),373
091440,한울소재과학,5G(5세대 이동통신),373
353200,대덕전자,5G(5세대 이동통신),373
340360,다보링크,5G(5세대 이동통신),373
173130,오파스넷,5G(5세대 이동통신),373
005930,삼성전자,5G(5세대 이동통신),373
065530,와이어블,5G(5세대 이동통신),373
056360,코위버,5G(5세대 이동통신),373
062970,한국첨단소재,5G(5세대 이동통신),373
178920,PI첨단소재,5G(5세대 이동통신),373
069540,빛과전자,5G(5세대 이동통신),373
229640,LS에코에너지,5G(5세대 이동통신),373
153460,네이블,5G(5세대 이동통신),373
377330,이지트로닉스,5G(5세대 이동통신),373
046970,우리로,5G(5세대 이동통신),373
049080,기가레인,5G(5세대 이동통신),373
215790,이노인스트루먼트,5G(5세대 이동통신),373
077360,덕산하이메탈,그래핀,415
900250,크리스탈신소재,그래핀,415
079980,휴비스,그래핀,415
073110,엘엠에스,그래핀,415
012800,대창,그래핀,415
027580,상보,그래핀,415
054940,엑사이엔씨,그래핀,415
078130,국일제지,그래핀,415
154040,다산솔루에타,그래핀,415
012610,경인양행,그래핀,415
024900,디와이덕양,그래핀,415
065500,오리엔트정공,그래핀,415
119830,아이텍,그래핀,415
108670,LX하우시스,리모델링/인테리어,13
285800,진영,리모델링/인테리어,13
007210,벽산,리모델링/인테리어,13
025750,한솔홈데코,리모델링/인테리어,13
009240,한샘,리모델링/인테리어,13
079430,현대리바트,리모델링/인테리어,13
037070,파세코,리모델링/인테리어,13
018310,삼목에스폼,리모델링/인테리어,13
344820,KCC글라스,리모델링/인테리어,13
011090,에넥스,리모델링/인테리어,13
066130,하츠,리모델링/인테리어,13
002820,SUN&L,리모델링/인테리어,13
008250,이건산업,리모델링/인테리어,13
446070,유니드비티플러스,리모델링/인테리어,13
006570,대림통상,리모델링/인테리어,13
005750,대림바스,리모델링/인테리어,13
066620,국보디자인,리모델링/인테리어,13
039020,이건홀딩스,리모델링/인테리어,13
309930,조이웍스앤코,리모델링/인테리어,13
037440,희림,리모델링/인테리어,13
020710,시공테크,리모델링/인테리어,13
171120,라이온켐텍,리모델링/인테리어,13
002380,KCC,리모델링/인테리어,13
025900,동화기업,리모델링/인테리어,13
059120,아진엑스텍,스마트팩토리(스마트공장),392
381620,제닉스로보틱스,스마트팩토리(스마트공장),392
484810,티엑스알로보틱스,스마트팩토리(스마트공장),392
048770,TPC로보틱스,스마트팩토리(스마트공장),392
388720,유일로보틱스,스마트팩토리(스마트공장),392
282880,코윈테크,스마트팩토리(스마트공장),392
010120,LS ELECTRIC,스마트팩토리(스마트공장),392
086670,비엠티,스마트팩토리(스마트공장),392
003550,LG,스마트팩토리(스마트공장),392
347890,엠엑스온,스마트팩토리(스마트공장),392
351330,이삭엔지니어링,스마트팩토리(스마트공장),392
034730,SK,스마트팩토리(스마트공장),392
086960,MDS테크,스마트팩토리(스마트공장),392
012510,더존비즈온,스마트팩토리(스마트공장),392
317830,에스피시스템스,스마트팩토리(스마트공장),392
094280,효성ITX,스마트팩토리(스마트공장),392
373170,엠아이큐브솔루션,스마트팩토리(스마트공장),392
219420,링크제니시스,스마트팩토리(스마트공장),392
075970,동국알앤에스,스마트팩토리(스마트공장),392
140670,알에스오토메이션,스마트팩토리(스마트공장),392
319400,현대무벡스,스마트팩토리(스마트공장),392
004380,삼익THK,스마트팩토리(스마트공장),392
108230,톱텍,스마트팩토리(스마트공장),392
056190,에스에프에이,스마트팩토리(스마트공장),392
007820,엠엑스로보틱스,스마트팩토리(스마트공장),392
232680,라온로보틱스,스마트팩토리(스마트공장),392
011700,한신기계,스마트팩토리(스마트공장),392
090710,휴림로봇,스마트팩토리(스마트공장),392
018260,삼성에스디에스,스마트팩토리(스마트공장),392
064400,LG씨엔에스,스마트팩토리(스마트공장),392
391710,코닉오토메이션,스마트팩토리(스마트공장),392
452450,피아이이,스마트팩토리(스마트공장),392
290090,트윔,스마트팩토리(스마트공장),392
271830,팸텍,스마트팩토리(스마트공장),392
099440,스맥,스마트팩토리(스마트공장),392
022100,포스코DX,스마트팩토리(스마트공장),392
098460,고영,스마트팩토리(스마트공장),392
322180,LS티라유텍,스마트팩토리(스마트공장),392
049480,오픈베이스,스마트팩토리(스마트공장),392
357230,에이치피오,음식료업종,113
222040,코스맥스엔비티,음식료업종,113
006880,신송홀딩스,음식료업종,113
218150,미래생명자원,음식료업종,113
453340,현대그린푸드,음식료업종,113
003230,삼양식품,음식료업종,113
097950,CJ제일제당,음식료업종,113
188040,바이오포트,음식료업종,113
267980,매일유업,음식료업종,113
000140,하이트진로홀딩스,음식료업종,113
002680,한탑,음식료업종,113
026960,동서,음식료업종,113
195500,마니커에프앤지,음식료업종,113
131100,티엔엔터테인먼트,음식료업종,113
189980,흥국에프엔비,음식료업종,113
277410,인산가,음식료업종,113
318010,팜스빌,음식료업종,113
017810,풀무원,음식료업종,113
008040,사조동아원,음식료업종,113
103840,우양,음식료업종,113
002600,조흥,음식료업종,113
276730,한울앤제주,음식료업종,113
001130,대한제분,음식료업종,113
208140,정다운,음식료업종,113
353190,휴럼,음식료업종,113
007310,오뚜기,음식료업종,113
004410,서울식품,음식료업종,113
005610,삼립,음식료업종,113
475460,미트박스,음식료업종,113
342870,오아,음식료업종,113
101530,해태제과식품,음식료업종,113
051900,LG생활건강,음식료업종,113
043650,국순당,음식료업종,113
005180,빙그레,음식료업종,113
403490,우듬지팜,음식료업종,113
248170,샘표식품,음식료업종,113
003920,남양유업,음식료업종,113
051500,CJ프레시웨이,음식료업종,113
001680,대상,음식료업종,113
339770,교촌에프앤비,음식료업종,113
264900,크라운제과,음식료업종,113
311390,네오크레마,음식료업종,113
005300,롯데칠성,음식료업종,113
250000,보라티알,음식료업종,113
005670,푸드웰,음식료업종,113
000080,하이트진로,음식료업종,113
475560,더본코리아,음식료업종,113
031440,신세계푸드,음식료업종,113
009780,엠에스씨,음식료업종,113
280360,롯데웰푸드,음식료업종,113
238200,비피도,음식료업종,113
001420,태원물산,음식료업종,113
260970,에스앤디,음식료업종,113
270870,뉴트리,음식료업종,113
145990,삼양사,음식료업종,113
271560,오리온,음식료업종,113
290720,푸드나무,음식료업종,113
004370,농심,음식료업종,113
194700,노바렉스,음식료업종,113
239610,에이치엘사이언스,음식료업종,113
032750,삼진식품,음식료업종,113
001790,대한제당,음식료업종,113
222980,한국맥널티,음식료업종,113
435570,에르코스,음식료업종,113
007390,네이처셀,음식료업종,113
195940,HK이노엔,음식료업종,113
215100,로보로보,교육/온라인 교육,52
096240,크레버스,교육/온라인 교육,52
057030,YBM넷,교육/온라인 교육,52
317530,에피소드컴퍼니,교육/온라인 교육,52
072870,메가스터디,교육/온라인 교육,52
072130,유엔젤,교육/온라인 교육,52
084440,유비온,교육/온라인 교육,52
475580,에이럭스,교육/온라인 교육,52
053290,NE능률,교육/온라인 교육,52
049470,비트플래닛,교육/온라인 교육,52
095720,웅진씽크빅,교육/온라인 교육,52
035290,골드앤에스,교육/온라인 교육,52
339950,아이비김영,교육/온라인 교육,52
100220,비상교육,교육/온라인 교육,52
068930,디지털대성,교육/온라인 교육,52
040420,정상제이엘에스,교육/온라인 교육,52
067280,멀티캠퍼스,교육/온라인 교육,52
068290,삼성출판사,교육/온라인 교육,52
134060,이퓨쳐,교육/온라인 교육,52
019680,대교,교육/온라인 교육,52
289010,아이스크림에듀,교육/온라인 교육,52
133750,메가엠디,교육/온라인 교육,52
012030,DB,교육/온라인 교육,52
461300,아이스크림미디어,교육/온라인 교육,52
215200,메가스터디교육,교육/온라인 교육,52
032850,비트컴퓨터,교육/온라인 교육,52
373160,데이원컴퍼니,교육/온라인 교육,52
014710,사조씨푸드,수산,90
006040,동원산업,수산,90
006090,사조오양,수산,90
011150,CJ씨푸드,수산,90
004970,신라교역,수산,90
007160,사조산업,수산,90
003680,한성기업,수산,90
003960,사조대림,수산,90
030720,동원수산,수산,90
025870,신라에스지,수산,90
459510,나우로보틱스,피지컬 AI/휴머노이드 로봇,587
059120,아진엑스텍,피지컬 AI/휴머노이드 로봇,587
448900,한국피아이엠,피지컬 AI/휴머노이드 로봇,587
117730,티로보틱스,피지컬 AI/휴머노이드 로봇,587
066570,LG전자,피지컬 AI/휴머노이드 로봇,587
307180,아이엘,피지컬 AI/휴머노이드 로봇,587
199430,케이엔알시스템,피지컬 AI/휴머노이드 로봇,587
264450,유비쿼스,피지컬 AI/휴머노이드 로봇,587
277810,레인보우로보틱스,피지컬 AI/휴머노이드 로봇,587
086960,MDS테크,피지컬 AI/휴머노이드 로봇,587
264850,이랜시스,피지컬 AI/휴머노이드 로봇,587
000850,화천기공,피지컬 AI/휴머노이드 로봇,587
377480,마음AI,피지컬 AI/휴머노이드 로봇,587
286940,롯데이노베이트,피지컬 AI/휴머노이드 로봇,587
234030,싸이닉솔루션,피지컬 AI/휴머노이드 로봇,587
056080,유진로봇,피지컬 AI/휴머노이드 로봇,587
241690,유니테크노,피지컬 AI/휴머노이드 로봇,587
140670,알에스오토메이션,피지컬 AI/휴머노이드 로봇,587
348340,뉴로메카,피지컬 AI/휴머노이드 로봇,587
464080,에스오에스랩,피지컬 AI/휴머노이드 로봇,587
298830,슈어소프트테크,피지컬 AI/휴머노이드 로봇,587
475400,씨메스로보틱스,피지컬 AI/휴머노이드 로봇,587
005930,삼성전자,피지컬 AI/휴머노이드 로봇,587
389500,에스비비테크,피지컬 AI/휴머노이드 로봇,587
466100,클로봇,피지컬 AI/휴머노이드 로봇,587
012330,현대모비스,피지컬 AI/휴머노이드 로봇,587
011070,LG이노텍,피지컬 AI/휴머노이드 로봇,587
000270,기아,피지컬 AI/휴머노이드 로봇,587
437730,삼현,피지컬 AI/휴머노이드 로봇,587
108490,로보티즈,피지컬 AI/휴머노이드 로봇,587
432470,케이엔에스,피지컬 AI/휴머노이드 로봇,587
022100,포스코DX,피지컬 AI/휴머노이드 로봇,587
101170,우림피티에스,피지컬 AI/휴머노이드 로봇,587
125490,한라캐스트,피지컬 AI/휴머노이드 로봇,587
011210,현대위아,피지컬 AI/휴머노이드 로봇,587
267320,나인테크,피지컬 AI/휴머노이드 로봇,587
005380,현대차,피지컬 AI/휴머노이드 로봇,587
086280,현대글로비스,피지컬 AI/휴머노이드 로봇,587
307950,현대오토에버,피지컬 AI/휴머노이드 로봇,587
175330,JB금융지주,은행,165
086790,하나금융지주,은행,165
139130,iM금융지주,은행,165
024110,기업은행,은행,165
105560,KB금융,은행,165
055550,신한지주,은행,165
316140,우리금융지주,은행,165
138930,BNK금융지주,은행,165
323410,카카오뱅크,은행,165
279570,케이뱅크,은행,165
006220,제주은행,은행,165
095910,에스에너지,태양광에너지,191
322000,HD현대에너지솔루션,태양광에너지,191
043200,파루,태양광에너지,191
456040,OCI,태양광에너지,191
009830,한화솔루션,태양광에너지,191
099220,SDN,태양광에너지,191
115530,씨엔플러스,태양광에너지,191
382800,지앤비에스 에코,태양광에너지,191
058730,다스코,태양광에너지,191
010120,LS ELECTRIC,태양광에너지,191
050760,에스폴리텍,태양광에너지,191
282720,금양그린파워,태양광에너지,191
000880,한화,태양광에너지,191
003010,혜인,태양광에너지,191
002150,도화엔지니어링,태양광에너지,191
036930,주성엔지니어링,태양광에너지,191
012340,뉴인텍,태양광에너지,191
011930,신성이엔지,태양광에너지,191
104040,디에스엠,태양광에너지,191
109610,에스와이,태양광에너지,191
183300,코미코,태양광에너지,191
083310,엘오티베큠,태양광에너지,191
010060,OCI홀딩스,태양광에너지,191
126720,수산인더스트리,태양광에너지,191
140670,알에스오토메이션,태양광에너지,191
086390,유니테스트,태양광에너지,191
475150,SK이터닉스,태양광에너지,191
039020,이건홀딩스,태양광에너지,191
083930,아바코,태양광에너지,191
015760,한국전력,태양광에너지,191
093520,매커스,태양광에너지,191
388050,지투파워,태양광에너지,191
389260,대명에너지,태양광에너지,191
240810,원익IPS,태양광에너지,191
028260,삼성물산,태양광에너지,191
003070,코오롱글로벌,태양광에너지,191
002380,KCC,태양광에너지,191
004710,한솔테크닉스,태양광에너지,191
060900,에이전트AI,태양광에너지,191
078600,대주전자재료,태양광에너지,191
453450,그리드위즈,태양광에너지,191
121600,나노신소재,태양광에너지,191
281740,레이크머티리얼즈,태양광에너지,191
042600,새로닉스,태양광에너지,191
459510,나우로보틱스,로봇(산업용/협동로봇 등),505
059120,아진엑스텍,로봇(산업용/협동로봇 등),505
484810,티엑스알로보틱스,로봇(산업용/협동로봇 등),505
454910,두산로보틱스,로봇(산업용/협동로봇 등),505
448900,한국피아이엠,로봇(산업용/협동로봇 등),505
048770,TPC로보틱스,로봇(산업용/협동로봇 등),505
117730,티로보틱스,로봇(산업용/협동로봇 등),505
388720,유일로보틱스,로봇(산업용/협동로봇 등),505
307180,아이엘,로봇(산업용/협동로봇 등),505
090360,로보스타,로봇(산업용/협동로봇 등),505
000150,두산,로봇(산업용/협동로봇 등),505
270660,에브리봇,로봇(산업용/협동로봇 등),505
059270,해성에어로보틱스,로봇(산업용/협동로봇 등),505
130740,티피씨글로벌,로봇(산업용/협동로봇 등),505
199430,케이엔알시스템,로봇(산업용/협동로봇 등),505
277810,레인보우로보틱스,로봇(산업용/협동로봇 등),505
455900,엔젤로보틱스,로봇(산업용/협동로봇 등),505
084850,아이티엠반도체,로봇(산업용/협동로봇 등),505
317830,에스피시스템스,로봇(산업용/협동로봇 등),505
413630,씨피시스템,로봇(산업용/협동로봇 등),505
006140,피제이전자,로봇(산업용/협동로봇 등),505
264850,이랜시스,로봇(산업용/협동로봇 등),505
119500,포메탈,로봇(산업용/협동로봇 등),505
094940,푸른기술,로봇(산업용/협동로봇 등),505
093640,케이알엠,로봇(산업용/협동로봇 등),505
192410,오늘이엔엠,로봇(산업용/협동로봇 등),505
100660,서암기계공업,로봇(산업용/협동로봇 등),505
065350,신성델타테크,로봇(산업용/협동로봇 등),505
056080,유진로봇,로봇(산업용/협동로봇 등),505
251630,브이원텍,로봇(산업용/협동로봇 등),505
160190,하이젠알앤엠,로봇(산업용/협동로봇 등),505
049070,인탑스,로봇(산업용/협동로봇 등),505
140670,알에스오토메이션,로봇(산업용/협동로봇 등),505
000490,대동,로봇(산업용/협동로봇 등),505
348340,뉴로메카,로봇(산업용/협동로봇 등),505
204320,HL만도,로봇(산업용/협동로봇 등),505
319400,현대무벡스,로봇(산업용/협동로봇 등),505
060720,KH바텍,로봇(산업용/협동로봇 등),505
004380,삼익THK,로봇(산업용/협동로봇 등),505
217500,러셀,로봇(산업용/협동로봇 등),505
008830,대동기어,로봇(산업용/협동로봇 등),505
058610,에스피지,로봇(산업용/협동로봇 등),505
024880,케이피에프,로봇(산업용/협동로봇 등),505
012200,계양전기,로봇(산업용/협동로봇 등),505
232680,라온로보틱스,로봇(산업용/협동로봇 등),505
079370,제우스,로봇(산업용/협동로봇 등),505
090710,휴림로봇,로봇(산업용/협동로봇 등),505
391710,코닉오토메이션,로봇(산업용/협동로봇 등),505
011690,와이투솔루션,로봇(산업용/협동로봇 등),505
033530,SJG세종,로봇(산업용/협동로봇 등),505
389500,에스비비테크,로봇(산업용/협동로봇 등),505
079550,LIG디펜스앤에어로스페이스,로봇(산업용/협동로봇 등),505
010820,퍼스텍,로봇(산업용/협동로봇 등),505
466100,클로봇,로봇(산업용/협동로봇 등),505
206400,베노티앤알,로봇(산업용/협동로봇 등),505
437730,삼현,로봇(산업용/협동로봇 등),505
108490,로보티즈,로봇(산업용/협동로봇 등),505
099440,스맥,로봇(산업용/협동로봇 등),505
101170,우림피티에스,로봇(산업용/협동로봇 등),505
125490,한라캐스트,로봇(산업용/협동로봇 등),505
092200,디아이씨,로봇(산업용/협동로봇 등),505
322180,LS티라유텍,로봇(산업용/협동로봇 등),505
030530,원익홀딩스,로봇(산업용/협동로봇 등),505
474650,링크솔루션,로봇(산업용/협동로봇 등),505
005850,에스엘,로봇(산업용/협동로봇 등),505
138360,앤로보틱스,로봇(산업용/협동로봇 등),505
160980,싸이맥스,로봇(산업용/협동로봇 등),505
109740,디에스케이,보톡스(보툴리눔톡신),397
061040,알에프텍,보톡스(보툴리눔톡신),397
216080,제테마,보톡스(보툴리눔톡신),397
069620,대웅제약,보톡스(보툴리눔톡신),397
243070,휴온스,보톡스(보툴리눔톡신),397
362320,청담글로벌,보톡스(보툴리눔톡신),397
214450,파마리서치,보톡스(보툴리눔톡신),397
206650,유바이오로직스,보톡스(보툴리눔톡신),397
256840,한국비엔씨,보톡스(보툴리눔톡신),397
086900,메디톡스,보톡스(보툴리눔톡신),397
200670,휴메딕스,보톡스(보툴리눔톡신),397
084110,휴온스글로벌,보톡스(보툴리눔톡신),397
145020,휴젤,보톡스(보툴리눔톡신),397
023900,풍국주정,"주류업(주정, 에탄올 등)",86
000140,하이트진로홀딩스,"주류업(주정, 에탄올 등)",86
004650,창해에탄올,"주류업(주정, 에탄올 등)",86
000890,보해양조,"주류업(주정, 에탄올 등)",86
276730,한울앤제주,"주류업(주정, 에탄올 등)",86
043650,국순당,"주류업(주정, 에탄올 등)",86
018120,진로발효,"주류업(주정, 에탄올 등)",86
033920,무학,"주류업(주정, 에탄올 등)",86
005300,롯데칠성,"주류업(주정, 에탄올 등)",86
000080,하이트진로,"주류업(주정, 에탄올 등)",86
017890,한국알콜,"주류업(주정, 에탄올 등)",86
405920,나라셀라,"주류업(주정, 에탄올 등)",86
023150,MH에탄올,"주류업(주정, 에탄올 등)",86
065440,이루온,모바일솔루션(스마트폰),288
115610,이미지스,모바일솔루션(스마트폰),288
072130,유엔젤,모바일솔루션(스마트폰),288
064800,포니링크,모바일솔루션(스마트폰),288
086960,MDS테크,모바일솔루션(스마트폰),288
100030,인지소프트,모바일솔루션(스마트폰),288
051160,지어소프트,모바일솔루션(스마트폰),288
039560,다산네트웍스,모바일솔루션(스마트폰),288
139670,키네마스터,모바일솔루션(스마트폰),288
089850,유비벨록스,모바일솔루션(스마트폰),288
058970,엠로,모바일솔루션(스마트폰),288
078000,텔코웨어,모바일솔루션(스마트폰),288
065370,위세아이텍,모바일솔루션(스마트폰),288
088340,유라클,모바일솔루션(스마트폰),288
039290,인포뱅크,모바일솔루션(스마트폰),288
094480,갤럭시아머니트리,모바일솔루션(스마트폰),288
108860,셀바스AI,모바일솔루션(스마트폰),288
099390,브레인즈컴퍼니,모바일솔루션(스마트폰),288
042000,카페24,모바일솔루션(스마트폰),288
064260,다날,모바일솔루션(스마트폰),288
041020,폴라리스오피스,모바일솔루션(스마트폰),288
153460,네이블,모바일솔루션(스마트폰),288
163730,핑거,모바일솔루션(스마트폰),288
027710,팜스토리,사료,105
005860,한일사료,사료,105
218150,미래생명자원,사료,105
002680,한탑,사료,105
025880,케이씨피드,사료,105
002140,고려산업,사료,105
008040,사조동아원,사료,105
060590,씨티씨바이오,사료,105
018620,우진비앤지,사료,105
368970,오에스피,사료,105
006980,우성,사료,105
003310,대주산업,사료,105
035810,이지홀딩스,사료,105
136490,선진,사료,105
353810,이지바이오,사료,105
001790,대한제당,사료,105
036580,팜스코,사료,105
179530,애드바이오텍,사료,105
066570,LG전자,제습기,328
037070,파세코,제습기,328
002700,신일전자,제습기,328
044340,위닉스,제습기,328
021240,코웨이,제습기,328
284740,쿠쿠홈시스,제습기,328
058610,에스피지,제습기,328
005930,삼성전자,제습기,328
030200,KT,통신,126
017670,SK텔레콤,통신,126
032640,LG유플러스,통신,126
079160,CJ CGV,영화,48
086980,쇼박스,영화,48
023530,롯데쇼핑,영화,48
036420,콘텐트리중앙,영화,48
018700,바른손,영화,48
035620,바른손이앤에이,영화,48
037760,쎄니트,영화,48
206560,덱스터,영화,48
012170,아센디오,영화,48
160550,NEW,영화,48
035760,CJ ENM,영화,48
389140,포바이포,영화,48
377030,비트맥스,메타버스(Metaverse),480
059120,아진엑스텍,메타버스(Metaverse),480
089890,코세스,메타버스(Metaverse),480
336060,웨이버스,메타버스(Metaverse),480
047080,한빛소프트,메타버스(Metaverse),480
096240,크레버스,메타버스(Metaverse),480
438700,버넥트,메타버스(Metaverse),480
066310,큐에스아이,메타버스(Metaverse),480
030200,KT,메타버스(Metaverse),480
034120,SBS,메타버스(Metaverse),480
431190,케이쓰리아이,메타버스(Metaverse),480
073110,엘엠에스,메타버스(Metaverse),480
217270,넵튠,메타버스(Metaverse),480
044380,주연테크,메타버스(Metaverse),480
193250,링크드,메타버스(Metaverse),480
096630,에스코넥,메타버스(Metaverse),480
094360,칩스앤미디어,메타버스(Metaverse),480
206560,덱스터,메타버스(Metaverse),480
286940,롯데이노베이트,메타버스(Metaverse),480
052220,iMBC,메타버스(Metaverse),480
038680,에스넷,메타버스(Metaverse),480
032640,LG유플러스,메타버스(Metaverse),480
291230,엔피,메타버스(Metaverse),480
303530,이노뎁,메타버스(Metaverse),480
065370,위세아이텍,메타버스(Metaverse),480
263750,펄어비스,메타버스(Metaverse),480
299900,위지윅스튜디오,메타버스(Metaverse),480
109080,옵티시스,메타버스(Metaverse),480
201490,미투온,메타버스(Metaverse),480
340360,다보링크,메타버스(Metaverse),480
035720,카카오,메타버스(Metaverse),480
035760,CJ ENM,메타버스(Metaverse),480
289220,자이언트스텝,메타버스(Metaverse),480
108860,셀바스AI,메타버스(Metaverse),480
171090,선익시스템,메타버스(Metaverse),480
027830,대성창투,메타버스(Metaverse),480
058630,엠게임,메타버스(Metaverse),480
011070,LG이노텍,메타버스(Metaverse),480
357880,SKAI,메타버스(Metaverse),480
054210,이랜텍,메타버스(Metaverse),480
085670,뉴프렉스,메타버스(Metaverse),480
035420,NAVER,메타버스(Metaverse),480
005380,현대차,메타버스(Metaverse),480
189330,씨이랩,메타버스(Metaverse),480
376300,디어유,메타버스(Metaverse),480
163730,핑거,메타버스(Metaverse),480
347860,알체라,메타버스(Metaverse),480
290520,신도기연,메타버스(Metaverse),480
002870,신풍,제지,63
009200,무림페이퍼,제지,63
213500,한솔제지,제지,63
001020,페이퍼코리아,제지,63
009460,한창제지,제지,63
078130,국일제지,제지,63
009580,무림P&P,제지,63
027970,한국제지,제지,63
034810,해성산업,제지,63
004540,깨끗한나라,제지,63
002200,한국수출포장,제지,63
002310,아세아제지,제지,63
009770,삼정펄프,제지,63
001810,무림SP,제지,63
050890,쏠리드,양자암호/양자컴퓨팅,426
356680,엑스게이트,양자암호/양자컴퓨팅,426
115440,우리넷,양자암호/양자컴퓨팅,426
123010,알엔티엑스,양자암호/양자컴퓨팅,426
042510,라온시큐어,양자암호/양자컴퓨팅,426
066310,큐에스아이,양자암호/양자컴퓨팅,426
456010,아이씨티케이,양자암호/양자컴퓨팅,426
030200,KT,양자암호/양자컴퓨팅,426
172670,에이엘티,양자암호/양자컴퓨팅,426
115500,케이씨에스,양자암호/양자컴퓨팅,426
223310,사토시홀딩스,양자암호/양자컴퓨팅,426
158430,아톤,양자암호/양자컴퓨팅,426
131760,파인텍,양자암호/양자컴퓨팅,426
053300,한국정보인증,양자암호/양자컴퓨팅,426
009580,무림P&P,양자암호/양자컴퓨팅,426
017670,SK텔레콤,양자암호/양자컴퓨팅,426
208710,포톤,양자암호/양자컴퓨팅,426
317120,라닉스,양자암호/양자컴퓨팅,426
032640,LG유플러스,양자암호/양자컴퓨팅,426
091440,한울소재과학,양자암호/양자컴퓨팅,426
056360,코위버,양자암호/양자컴퓨팅,426
062970,한국첨단소재,양자암호/양자컴퓨팅,426
232830,아이티센피엔에스,양자암호/양자컴퓨팅,426
203650,드림시큐리티,양자암호/양자컴퓨팅,426
046970,우리로,양자암호/양자컴퓨팅,426
054920,한컴위드,양자암호/양자컴퓨팅,426
101140,인바이오젠,키오스크(KIOSK),385
115500,케이씨에스,키오스크(KIOSK),385
089150,케이씨티,키오스크(KIOSK),385
177830,파버나인,키오스크(KIOSK),385
136540,윈스테크넷,키오스크(KIOSK),385
063570,NICE인프라,키오스크(KIOSK),385
094940,푸른기술,키오스크(KIOSK),385
105760,포스뱅크,키오스크(KIOSK),385
052600,한네트,키오스크(KIOSK),385
004920,씨아이테크,키오스크(KIOSK),385
377030,비트맥스,가상화폐(비트코인 등),331
184230,SGA솔루션즈,가상화폐(비트코인 등),331
101140,인바이오젠,가상화폐(비트코인 등),331
290560,파라택시스이더리움,가상화폐(비트코인 등),331
019550,SBI인베스트먼트,가상화폐(비트코인 등),331
049470,비트플래닛,가상화폐(비트코인 등),331
036090,위지트,가상화폐(비트코인 등),331
112040,위메이드,가상화폐(비트코인 등),331
042420,네오위즈홀딩스,가상화폐(비트코인 등),331
063080,컴투스홀딩스,가상화폐(비트코인 등),331
033320,제이씨현시스템,가상화폐(비트코인 등),331
021080,에이티넘인베스트,가상화폐(비트코인 등),331
214270,FSN,가상화폐(비트코인 등),331
046440,KG파이낸셜,가상화폐(비트코인 등),331
093520,매커스,가상화폐(비트코인 등),331
035720,카카오,가상화폐(비트코인 등),331
094480,갤럭시아머니트리,가상화폐(비트코인 등),331
058630,엠게임,가상화폐(비트코인 등),331
095660,네오위즈,가상화폐(비트코인 등),331
246690,TS인베스트먼트,가상화폐(비트코인 등),331
036620,감성코퍼레이션,가상화폐(비트코인 등),331
064260,다날,가상화폐(비트코인 등),331
003530,한화투자증권,가상화폐(비트코인 등),331
041190,우리기술투자,가상화폐(비트코인 등),331
057680,티사이언티픽,가상화폐(비트코인 등),331
094170,동운아나텍,가상현실(VR),352
066570,LG전자,가상현실(VR),352
047080,한빛소프트,가상현실(VR),352
053450,세코닉스,가상현실(VR),352
418620,E8,가상현실(VR),352
066310,큐에스아이,가상현실(VR),352
190510,나무가,가상현실(VR),352
045340,토탈소프트,가상현실(VR),352
431190,케이쓰리아이,가상현실(VR),352
035620,바른손이앤에이,가상현실(VR),352
096630,에스코넥,가상현실(VR),352
274400,이노시뮬레이션,가상현실(VR),352
193250,링크드,가상현실(VR),352
094360,칩스앤미디어,가상현실(VR),352
206560,덱스터,가상현실(VR),352
038680,에스넷,가상현실(VR),352
033320,제이씨현시스템,가상현실(VR),352
299900,위지윅스튜디오,가상현실(VR),352
058610,에스피지,가상현실(VR),352
005930,삼성전자,가상현실(VR),352
418420,라온텍,가상현실(VR),352
020710,시공테크,가상현실(VR),352
067160,SOOP,가상현실(VR),352
194480,데브시스터즈,가상현실(VR),352
054210,이랜텍,가상현실(VR),352
126700,하이비젼시스템,가상현실(VR),352
290520,신도기연,가상현실(VR),352
255220,SG,아스콘(아스팔트 콘크리트),402
048830,엔피케이,아스콘(아스팔트 콘크리트),402
004090,한국석유,아스콘(아스팔트 콘크리트),402
031820,아이티센씨티에스,아스콘(아스팔트 콘크리트),402
225530,HC보광산업,아스콘(아스팔트 콘크리트),402
014530,극동유화,아스콘(아스팔트 콘크리트),402
013810,스페코,아스콘(아스팔트 콘크리트),402
023410,유진기업,아스콘(아스팔트 콘크리트),402
060560,HC홈센타,아스콘(아스팔트 콘크리트),402
285800,진영,탈 플라스틱(친환경/생분해성 등),581
340440,세림B&G,탈 플라스틱(친환경/생분해성 등),581
272550,삼양패키징,탈 플라스틱(친환경/생분해성 등),581
037230,한국팩키지,탈 플라스틱(친환경/생분해성 등),581
260930,씨티케이,탈 플라스틱(친환경/생분해성 등),581
038110,에코플라스틱,탈 플라스틱(친환경/생분해성 등),581
014970,삼륭물산,탈 플라스틱(친환경/생분해성 등),581
092200,디아이씨,탈 플라스틱(친환경/생분해성 등),581
007610,선도전기,철도,250
006340,대원전선,철도,250
033100,제룡전기,철도,250
115440,우리넷,철도,250
017510,세명전기,철도,250
064350,현대로템,철도,250
115500,케이씨에스,철도,250
002150,도화엔지니어링,철도,250
054220,비츠로시스,철도,250
039570,HDC랩스,철도,250
094940,푸른기술,철도,250
026150,특수건설,철도,250
100660,서암기계공업,철도,250
108380,대양전기공업,철도,250
011370,서한,철도,250
028100,동아지질,철도,250
023350,한국종합기술,철도,250
032560,황금에스티,철도,250
002690,동일제강,철도,250
001260,남광토건,철도,250
234300,에스트래픽,철도,250
006050,국영지앤엠,철도,250
013030,하이록코리아,철도,250
109080,옵티시스,철도,250
004440,삼일씨엔에스,철도,250
058610,에스피지,철도,250
011390,부산산업,철도,250
042370,비츠로테크,철도,250
065530,와이어블,철도,250
054930,유신,철도,250
032820,우리기술,철도,250
039980,폴라리스AI,철도,250
045390,대아티아이,철도,250
101170,우림피티에스,철도,250
046940,우원개발,철도,250
017480,삼현철강,철도,250
072950,빛샘전자,철도,250
004020,현대제철,철도,250
001780,알루코,철도,250
237750,피앤씨테크,철도,250
017390,서울가스,겨울,266
117580,대성에너지,겨울,266
009450,경동나비엔,겨울,266
037070,파세코,겨울,266
002700,신일전자,겨울,266
034590,인천도시가스,겨울,266
053050,지에스이,겨울,266
005610,삼립,겨울,266
215000,골프존,겨울,266
016710,대성홀딩스,겨울,266
071320,지역난방공사,겨울,266
004690,삼천리,겨울,266
036460,한국가스공사,겨울,266
000020,동화약품,겨울,266
267290,경동도시가스,겨울,266
008470,부스타,겨울,266
006280,녹십자,겨울,266
111770,영원무역,겨울,266
000100,유한양행,겨울,266
015360,INVENI,겨울,266
009290,광동제약,겨울,266
128940,한미약품,겨울,266
101930,인화정공,자동차부품,27
024840,KBI메탈,자동차부품,27
007340,DN오토모티브,자동차부품,27
088290,이원컴포텍,자동차부품,27
396300,세아메카닉스,자동차부품,27
448900,한국피아이엠,자동차부품,27
108670,LX하우시스,자동차부품,27
009320,아진전자부품,자동차부품,27
290120,DH오토리드,자동차부품,27
010580,에스엠벡셀,자동차부품,27
003570,SNT다이내믹스,자동차부품,27
093380,풍강,자동차부품,27
069510,에스텍,자동차부품,27
378850,화승알앤에이,자동차부품,27
002880,디와이에이,자동차부품,27
025540,한국단자,자동차부품,27
105330,케이엔더블유,자동차부품,27
071850,캐스텍코리아,자동차부품,27
036170,에이치엠넥스,자동차부품,27
025440,DH오토웨어,자동차부품,27
051490,나라엠앤디,자동차부품,27
024830,세원물산,자동차부품,27
080470,성창오토텍,자동차부품,27
000430,대원강업,자동차부품,27
023800,인지컨트롤스,자동차부품,27
130740,티피씨글로벌,자동차부품,27
016740,두올,자동차부품,27
126640,화신정공,자동차부품,27
013720,THE CUBE&,자동차부품,27
018500,동원금속,자동차부품,27
011320,유니크,자동차부품,27
001380,SG글로벌,자동차부품,27
001620,케이비아이동국실업,자동차부품,27
033250,체시스,자동차부품,27
040610,SG&G,자동차부품,27
078590,휴림에이텍,자동차부품,27
097780,에코볼트,자동차부품,27
104040,디에스엠,자동차부품,27
198940,한주라이트메탈,자동차부품,27
212560,네오오토,자동차부품,27
214330,금호에이치티,자동차부품,27
234100,폴라리스세원,자동차부품,27
263600,덕우전자,자동차부품,27
458650,성우,자동차부품,27
126600,BGF에코머티리얼즈,자동차부품,27
122690,서진오토모티브,자동차부품,27
067570,엔브이에이치코리아,자동차부품,27
090080,평화산업,자동차부품,27
105550,엣지파운드리,자동차부품,27
024120,KB오토시스,자동차부품,27
310870,디와이씨,자동차부품,27
085910,네오티스,자동차부품,27
092780,DYP,자동차부품,27
023000,삼원강재,자동차부품,27
014440,영보화학,자동차부품,27
271940,일진하이솔루스,자동차부품,27
119500,포메탈,자동차부품,27
015260,에이엔피,자동차부품,27
091700,파트론,자동차부품,27
010660,화천기계,자동차부품,27
075180,새론오토모티브,자동차부품,27
013570,디와이,자동차부품,27
031510,오스템,자동차부품,27
024910,경창산업,자동차부품,27
354320,알멕,자동차부품,27
041930,SY동아,자동차부품,27
041650,상신브레이크,자동차부품,27
023810,인팩,자동차부품,27
118990,모트렉스,자동차부품,27
001420,태원물산,자동차부품,27
241690,유니테크노,자동차부품,27
048430,유라테크,자동차부품,27
049070,인탑스,자동차부품,27
013870,지엠비코리아,자동차부품,27
019540,일지테크,자동차부품,27
128540,에코캡,자동차부품,27
053060,세동,자동차부품,27
053270,구영테크,자동차부품,27
265560,영화테크,자동차부품,27
005710,대원산업,자동차부품,27
204320,HL만도,자동차부품,27
463480,모티브링크,자동차부품,27
038110,에코플라스틱,자동차부품,27
113810,디젠스,자동차부품,27
024900,디와이덕양,자동차부품,27
123700,SJM,자동차부품,27
009680,모토닉,자동차부품,27
008830,대동기어,자동차부품,27
170030,현대공업,자동차부품,27
007530,와이엠,자동차부품,27
336680,탑런토탈솔루션,자동차부품,27
191410,육일씨엔에쓰,자동차부품,27
060980,HL홀딩스,자동차부품,27
123410,코리아에프티,자동차부품,27
017370,우신시스템,자동차부품,27
208860,다산디엠씨,자동차부품,27
215360,우리산업,자동차부품,27
024880,케이피에프,자동차부품,27
130500,GH신소재,자동차부품,27
006660,삼성공조,자동차부품,27
012200,계양전기,자동차부품,27
002920,유성기업,자동차부품,27
021820,세원정공,자동차부품,27
196700,웹스,자동차부품,27
123040,엠에스오토텍,자동차부품,27
008500,일정실업,자동차부품,27
089470,HDC현대EP,자동차부품,27
122350,삼기,자동차부품,27
043370,피에이치에이,자동차부품,27
065500,오리엔트정공,자동차부품,27
025320,시노펙스,자동차부품,27
101330,모베이스,자동차부품,27
019770,서연탑메탈,자동차부품,27
033530,SJG세종,자동차부품,27
308170,씨티알모빌리티,자동차부품,27
024740,한일단조,자동차부품,27
013310,아진산업,자동차부품,27
018880,한온시스템,자동차부품,27
298050,HS효성첨단소재,자동차부품,27
053700,삼보모터스,자동차부품,27
012280,영화금속,자동차부품,27
012160,영흥,자동차부품,27
019180,티에이치엔,자동차부품,27
200880,서연이화,자동차부품,27
012330,현대모비스,자동차부품,27
011070,LG이노텍,자동차부품,27
010690,화신,자동차부품,27
012860,모베이스전자,자동차부품,27
004100,태양금속,자동차부품,27
437730,삼현,자동차부품,27
010100,한국무브넥스,자동차부품,27
012210,삼미금속,자동차부품,27
015750,성우하이텍,자동차부품,27
090150,아이윈,자동차부품,27
125490,한라캐스트,자동차부품,27
011210,현대위아,자동차부품,27
047400,유니온머티리얼,자동차부품,27
008350,남선알미늄,자동차부품,27
092200,디아이씨,자동차부품,27
107640,한중엔시에스,자동차부품,27
066590,스모트로닉,자동차부품,27
005850,에스엘,자동차부품,27
020400,대동금속,자동차부품,27
064960,SNT모티브,자동차부품,27
009900,명신산업,자동차부품,27
217190,제너셈,전자파,18
042700,한미반도체,전자파,18
053610,프로텍,전자파,18
368600,아이씨에이치,전자파,18
081580,성우전자,전자파,18
049550,잉크테크,전자파,18
032960,동일기연,전자파,18
263810,상신전자,전자파,18
154040,다산솔루에타,전자파,18
294140,레몬,전자파,18
052710,아모텍,전자파,18
089010,켐트로닉스,전자파,18
443250,레뷰코퍼레이션,광고,59
214320,이노션,광고,59
089600,KT나스미디어,광고,59
030000,제일기획,광고,59
035000,HS애드,광고,59
216050,인크로스,광고,59
321820,아티스트컴퍼니,광고,59
123570,이엠넷,광고,59
230360,에코마케팅,광고,59
273060,와이즈버즈,광고,59
051160,지어소프트,광고,59
362990,드림인사이트,광고,59
010470,오리콤,광고,59
363260,모비데이즈,광고,59
351870,차이커뮤니케이션,광고,59
048550,SM C&C,광고,59
397810,애드포러스,광고,59
291230,엔피,광고,59
236810,엔비티,광고,59
214270,FSN,광고,59
050090,비케이홀딩스,광고,59
037270,YG PLUS,광고,59
263700,케어랩스,광고,59
237820,플레이디,광고,59
127710,아시아경제,광고,59
016590,신대양제지,골판지 제조,170
023600,삼보판지,골판지 제조,170
014160,대영포장,골판지 제조,170
011280,태림포장,골판지 제조,170
004150,한솔홀딩스,골판지 제조,170
017650,대림제지,골판지 제조,170
002200,한국수출포장,골판지 제조,170
002310,아세아제지,골판지 제조,170
006740,블루산업개발,골판지 제조,170
016100,리더스코스메틱,골판지 제조,170
052330,코텍,카지노,47
051360,토비스,카지노,47
035250,강원랜드,카지노,47
114090,GKL,카지노,47
034230,파라다이스,카지노,47
032350,롯데관광개발,카지노,47
033130,디지틀조선,미디어(방송/신문),232
034120,SBS,미디어(방송/신문),232
033830,티비씨,미디어(방송/신문),232
036420,콘텐트리중앙,미디어(방송/신문),232
310200,애니플러스,미디어(방송/신문),232
040300,YTN,미디어(방송/신문),232
053210,스카이라이프,미디어(방송/신문),232
039340,한국경제TV,미디어(방송/신문),232
058400,KNN,미디어(방송/신문),232
052220,iMBC,미디어(방송/신문),232
035760,CJ ENM,미디어(방송/신문),232
127710,아시아경제,미디어(방송/신문),232
104200,NHN벅스,음원/음반,98
352820,하이브,음원/음반,98
173940,에프엔씨엔터,음원/음반,98
043610,KT지니뮤직,음원/음반,98
032800,판타지오,음원/음반,98
361570,알비더블유,음원/음반,98
041510,에스엠,음원/음반,98
060570,드림어스컴퍼니,음원/음반,98
122870,와이지엔터테인먼트,음원/음반,98
035720,카카오,음원/음반,98
037270,YG PLUS,음원/음반,98
035760,CJ ENM,음원/음반,98
035900,JYP Ent.,음원/음반,98
064260,다날,음원/음반,98
403850,더핑크퐁컴퍼니,음원/음반,98
365550,ESR켄달스퀘어리츠,쿠팡(coupang),474
218150,미래생명자원,쿠팡(coupang),474
006890,태경케미컬,쿠팡(coupang),474
297570,알로이스,쿠팡(coupang),474
086980,쇼박스,쿠팡(coupang),474
234340,헥토파이낸셜,쿠팡(coupang),474
025770,한국정보통신,쿠팡(coupang),474
189980,흥국에프엔비,쿠팡(coupang),474
321820,아티스트컴퍼니,쿠팡(coupang),474
004410,서울식품,쿠팡(coupang),474
006200,한국전자홀딩스,쿠팡(coupang),474
004140,동방,쿠팡(coupang),474
289010,아이스크림에듀,쿠팡(coupang),474
160550,NEW,쿠팡(coupang),474
236810,엔비티,쿠팡(coupang),474
009070,KCTC,쿠팡(coupang),474
094480,갤럭시아머니트리,쿠팡(coupang),474
067170,오텍,쿠팡(coupang),474
064260,다날,쿠팡(coupang),474
054300,팬스타엔터프라이즈,쿠팡(coupang),474
092200,디아이씨,쿠팡(coupang),474
168360,펨트론,소캠(SOCAMM),599
356860,티엘비,소캠(SOCAMM),599
425420,티에프이,소캠(SOCAMM),599
000660,SK하이닉스,소캠(SOCAMM),599
095340,ISC,소캠(SOCAMM),599
033160,엠케이전자,소캠(SOCAMM),599
353200,대덕전자,소캠(SOCAMM),599
005930,삼성전자,소캠(SOCAMM),599
309960,LB인베스트먼트,소캠(SOCAMM),599
222800,심텍,소캠(SOCAMM),599
007810,코리아써키트,소캠(SOCAMM),599
028080,휴맥스홀딩스,지주사,111
007340,DN오토모티브,지주사,111
006260,LS,지주사,111
016880,웅진,지주사,111
489790,한화비전,지주사,111
006880,신송홀딩스,지주사,111
001430,세아베스틸지주,지주사,111
267250,HD현대,지주사,111
001800,오리온홀딩스,지주사,111
004800,효성,지주사,111
000150,두산,지주사,111
002030,아세아,지주사,111
402340,SK스퀘어,지주사,111
000140,하이트진로홀딩스,지주사,111
003550,LG,지주사,111
000590,CS홀딩스,지주사,111
175330,JB금융지주,지주사,111
000880,한화,지주사,111
086790,하나금융지주,지주사,111
034310,NICE,지주사,111
092230,KPX홀딩스,지주사,111
139130,iM금융지주,지주사,111
054800,아이디스홀딩스,지주사,111
100250,진양홀딩스,지주사,111
005250,녹십자홀딩스,지주사,111
006040,동원산업,지주사,111
003300,한일홀딩스,지주사,111
017810,풀무원,지주사,111
036420,콘텐트리중앙,지주사,111
010770,평화홀딩스,지주사,111
044820,코스맥스비티아이,지주사,111
000480,CR홀딩스,지주사,111
001230,동국홀딩스,지주사,111
006200,한국전자홀딩스,지주사,111
034730,SK,지주사,111
121440,골프존홀딩스,지주사,111
487570,HS효성,지주사,111
105560,KB금융,지주사,111
055550,신한지주,지주사,111
004150,한솔홀딩스,지주사,111
072710,농심홀딩스,지주사,111
078930,GS,지주사,111
058650,세아홀딩스,지주사,111
005990,매일홀딩스,지주사,111
000070,삼양홀딩스,지주사,111
015860,일진홀딩스,지주사,111
107590,미원홀딩스,지주사,111
241590,화승엔터프라이즈,지주사,111
363280,티와이홀딩스,지주사,111
316140,우리금융지주,지주사,111
180640,한진칼,지주사,111
001940,KISCO홀딩스,지주사,111
004840,DRB동일,지주사,111
003090,대웅,지주사,111
138930,BNK금융지주,지주사,111
035810,이지홀딩스,지주사,111
025530,SJM홀딩스,지주사,111
008930,한미사이언스,지주사,111
000240,한국앤컴퍼니,지주사,111
006840,AK홀딩스,지주사,111
010060,OCI홀딩스,지주사,111
013570,디와이,지주사,111
016450,한세예스24홀딩스,지주사,111
035610,솔본,지주사,111
000180,성창기업지주,지주사,111
001630,종근당홀딩스,지주사,111
002620,제일파마홀딩스,지주사,111
005740,크라운해태홀딩스,지주사,111
034810,해성산업,지주사,111
027410,BGF,지주사,111
042420,네오위즈홀딩스,지주사,111
063080,컴투스홀딩스,지주사,111
007700,F&F홀딩스,지주사,111
001040,CJ,지주사,111
005810,풍산홀딩스,지주사,111
008060,대덕,지주사,111
900140,엘브이엠씨홀딩스,지주사,111
084690,대상홀딩스,지주사,111
000700,유수홀딩스,지주사,111
072470,우리산업홀딩스,지주사,111
007540,샘표,지주사,111
015360,INVENI,지주사,111
060980,HL홀딩스,지주사,111
039020,이건홀딩스,지주사,111
009970,영원무역홀딩스,지주사,111
005720,넥센,지주사,111
081660,미스토홀딩스,지주사,111
138040,메리츠금융지주,지주사,111
012030,DB,지주사,111
007860,서연,지주사,111
000320,노루홀딩스,지주사,111
024720,콜마홀딩스,지주사,111
383800,LX홀딩스,지주사,111
078070,유비쿼스홀딩스,지주사,111
000640,동아쏘시오홀딩스,지주사,111
003480,한진중공업홀딩스,지주사,111
009540,HD한국조선해양,지주사,111
003030,세아제강지주,지주사,111
045970,코아시아,지주사,111
096760,JW홀딩스,지주사,111
123040,엠에스오토텍,지주사,111
004990,롯데지주,지주사,111
042370,비츠로테크,지주사,111
012630,HDC,지주사,111
102260,동성케미컬,지주사,111
950250,테라뷰,지주사,111
003380,하림지주,지주사,111
036530,SNT홀딩스,지주사,111
002790,아모레퍼시픽홀딩스,지주사,111
028260,삼성물산,지주사,111
241560,두산밥캣,지주사,111
192400,쿠쿠홀딩스,지주사,111
071050,한국금융지주,지주사,111
005440,현대지에프홀딩스,지주사,111
054620,APS,지주사,111
084110,휴온스글로벌,지주사,111
002020,코오롱,지주사,111
229640,LS에코에너지,지주사,111
086520,에코프로,지주사,111
088390,이녹스,지주사,111
030530,원익홀딩스,지주사,111
006120,SK디스커버리,지주사,111
012320,경동인베스트,지주사,111
499790,GS피앤엘,지주사,111
000210,DL,지주사,111
036830,솔브레인홀딩스,지주사,111
101930,인화정공,조선기자재,94
092460,한라IMS,조선기자재,94
086670,비엠티,조선기자재,94
100090,SK오션플랜트,조선기자재,94
333430,일승,조선기자재,94
103230,에스앤더블류,조선기자재,94
382900,범한퓨얼셀,조선기자재,94
082740,한화엔진,조선기자재,94
085310,엔케이,조선기자재,94
413630,씨피시스템,조선기자재,94
096350,대창솔루션,조선기자재,94
033500,동성화인텍,조선기자재,94
108380,대양전기공업,조선기자재,94
133820,화인베스틸,조선기자재,94
443060,HD현대마린솔루션,조선기자재,94
355690,에이텀,조선기자재,94
101000,KS인더스트리,조선기자재,94
120030,조선선재,조선기자재,94
013030,하이록코리아,조선기자재,94
017960,한국카본,조선기자재,94
099410,동방선기,조선기자재,94
044490,태웅,조선기자재,94
217590,티엠씨,조선기자재,94
014940,오리엔탈정공,조선기자재,94
064820,케이프,조선기자재,94
073010,케이에스피,조선기자재,94
014620,성광벤드,조선기자재,94
023160,태광,조선기자재,94
075580,세진중공업,조선기자재,94
054540,삼영엠텍,조선기자재,94
071970,HD현대마린엔진,조선기자재,94
012210,삼미금속,조선기자재,94
460930,현대힘스,조선기자재,94
333620,에스엔시스,조선기자재,94
077970,STX엔진,조선기자재,94
340810,시선AI,딥페이크(deepfake),566
047080,한빛소프트,딥페이크(deepfake),566
042510,라온시큐어,딥페이크(deepfake),566
476080,M83,딥페이크(deepfake),566
456010,아이씨티케이,딥페이크(deepfake),566
197140,디지캡,딥페이크(deepfake),566
075130,플랜티넷,딥페이크(deepfake),566
411080,샌즈랩,딥페이크(deepfake),566
443670,에스피소프트,딥페이크(deepfake),566
047560,이스트소프트,딥페이크(deepfake),566
330730,스톤브릿지벤처스,딥페이크(deepfake),566
355390,크라우드웍스,딥페이크(deepfake),566
150900,파수에이아이,딥페이크(deepfake),566
347860,알체라,딥페이크(deepfake),566
065440,이루온,삼성페이,348
061040,알에프텍,삼성페이,348
004800,효성,삼성페이,348
042510,라온시큐어,삼성페이,348
029780,삼성카드,삼성페이,348
025770,한국정보통신,삼성페이,348
303030,지니틱스,삼성페이,348
035600,KG이니시스,삼성페이,348
094280,효성ITX,삼성페이,348
053300,한국정보인증,삼성페이,348
091700,파트론,삼성페이,348
089850,유비벨록스,삼성페이,348
224110,에이텍모빌리티,삼성페이,348
192250,케이사인,삼성페이,348
115310,인포바인,삼성페이,348
046440,KG파이낸셜,삼성페이,348
052400,코나아이,삼성페이,348
005930,삼성전자,삼성페이,348
060250,NHN KCP,삼성페이,348
094480,갤럭시아머니트리,삼성페이,348
036800,나이스정보통신,삼성페이,348
064260,다날,삼성페이,348
004710,한솔테크닉스,삼성페이,348
203650,드림시큐리티,삼성페이,348
052710,아모텍,삼성페이,348
060230,제이케이시냅스,삼성페이,348
444530,심플랫폼,지능형로봇/인공지능(AI),99
215100,로보로보,지능형로봇/인공지능(AI),99
340810,시선AI,지능형로봇/인공지능(AI),99
148780,비큐AI,지능형로봇/인공지능(AI),99
117730,티로보틱스,지능형로봇/인공지능(AI),99
388720,유일로보틱스,지능형로봇/인공지능(AI),99
066570,LG전자,지능형로봇/인공지능(AI),99
463020,뉴엔AI,지능형로봇/인공지능(AI),99
090360,로보스타,지능형로봇/인공지능(AI),99
301300,바이브컴퍼니,지능형로봇/인공지능(AI),99
205100,엑셈,지능형로봇/인공지능(AI),99
078890,가온그룹,지능형로봇/인공지능(AI),99
413640,비아이매트릭스,지능형로봇/인공지능(AI),99
270660,에브리봇,지능형로봇/인공지능(AI),99
460940,피앤에스로보틱스,지능형로봇/인공지능(AI),99
033640,네패스,지능형로봇/인공지능(AI),99
321820,아티스트컴퍼니,지능형로봇/인공지능(AI),99
455900,엔젤로보틱스,지능형로봇/인공지능(AI),99
389680,유디엠텍,지능형로봇/인공지능(AI),99
012450,한화에어로스페이스,지능형로봇/인공지능(AI),99
219420,링크제니시스,지능형로봇/인공지능(AI),99
377480,마음AI,지능형로봇/인공지능(AI),99
286940,롯데이노베이트,지능형로봇/인공지능(AI),99
419120,산돌,지능형로봇/인공지능(AI),99
175140,휴먼테크놀로지,지능형로봇/인공지능(AI),99
056080,유진로봇,지능형로봇/인공지능(AI),99
290660,다이나믹솔루션,지능형로봇/인공지능(AI),99
486990,노타,지능형로봇/인공지능(AI),99
058970,엠로,지능형로봇/인공지능(AI),99
263800,데이타솔루션,지능형로봇/인공지능(AI),99
239340,이스트에이드,지능형로봇/인공지능(AI),99
049950,미래컴퍼니,지능형로봇/인공지능(AI),99
143540,영우디에스피,지능형로봇/인공지능(AI),99
217500,러셀,지능형로봇/인공지능(AI),99
303530,이노뎁,지능형로봇/인공지능(AI),99
065370,위세아이텍,지능형로봇/인공지능(AI),99
096250,와이즈넛,지능형로봇/인공지능(AI),99
041460,한국전자인증,지능형로봇/인공지능(AI),99
250060,모비스,지능형로봇/인공지능(AI),99
300120,라온피플,지능형로봇/인공지능(AI),99
475400,씨메스로보틱스,지능형로봇/인공지능(AI),99
299170,더블유에스아이,지능형로봇/인공지능(AI),99
090710,휴림로봇,지능형로봇/인공지능(AI),99
018260,삼성에스디에스,지능형로봇/인공지능(AI),99
402030,코난테크놀로지,지능형로봇/인공지능(AI),99
060280,큐렉소,지능형로봇/인공지능(AI),99
488280,에스투더블유,지능형로봇/인공지능(AI),99
108860,셀바스AI,지능형로봇/인공지능(AI),99
099390,브레인즈컴퍼니,지능형로봇/인공지능(AI),99
010820,퍼스텍,지능형로봇/인공지능(AI),99
355390,크라우드웍스,지능형로봇/인공지능(AI),99
466100,클로봇,지능형로봇/인공지능(AI),99
452450,피아이이,지능형로봇/인공지능(AI),99
290090,트윔,지능형로봇/인공지능(AI),99
304100,솔트룩스,지능형로봇/인공지능(AI),99
288980,모아데이타,지능형로봇/인공지능(AI),99
108490,로보티즈,지능형로봇/인공지능(AI),99
099440,스맥,지능형로봇/인공지능(AI),99
125490,한라캐스트,지능형로봇/인공지능(AI),99
098460,고영,지능형로봇/인공지능(AI),99
189330,씨이랩,지능형로봇/인공지능(AI),99
291810,핀텔,지능형로봇/인공지능(AI),99
417860,오브젠,지능형로봇/인공지능(AI),99
049480,오픈베이스,지능형로봇/인공지능(AI),99
347860,알체라,지능형로봇/인공지능(AI),99
127980,화인써키트,PCB(FPCB 등),287
251370,와이엠티,PCB(FPCB 등),287
168360,펨트론,PCB(FPCB 등),287
356860,티엘비,PCB(FPCB 등),287
007660,이수페타시스,PCB(FPCB 등),287
066900,디에이피,PCB(FPCB 등),287
036010,아비코전자,PCB(FPCB 등),287
125210,아모그린텍,PCB(FPCB 등),287
082850,우리바이오,PCB(FPCB 등),287
009150,삼성전기,PCB(FPCB 등),287
085910,네오티스,PCB(FPCB 등),287
015260,에이엔피,PCB(FPCB 등),287
092300,현우산업,PCB(FPCB 등),287
045300,성우테크론,PCB(FPCB 등),287
353200,대덕전자,PCB(FPCB 등),287
090460,비에이치,PCB(FPCB 등),287
020150,롯데에너지머티리얼즈,PCB(FPCB 등),287
222800,심텍,PCB(FPCB 등),287
025320,시노펙스,PCB(FPCB 등),287
254120,자비스,PCB(FPCB 등),287
007810,코리아써키트,PCB(FPCB 등),287
272290,이녹스첨단소재,PCB(FPCB 등),287
161580,필옵틱스,PCB(FPCB 등),287
178920,PI첨단소재,PCB(FPCB 등),287
089980,상아프론테크,PCB(FPCB 등),287
051370,인터플렉스,PCB(FPCB 등),287
085670,뉴프렉스,PCB(FPCB 등),287
219130,타이거일렉,PCB(FPCB 등),287
131400,이브이첨단소재,PCB(FPCB 등),287
209640,와이제이링크,PCB(FPCB 등),287
323280,태성,PCB(FPCB 등),287
322000,HD현대에너지솔루션,우주태양광(페로브스카이트 등),595
009830,한화솔루션,우주태양광(페로브스카이트 등),595
489500,엘케이켐,우주태양광(페로브스카이트 등),595
086390,유니테스트,우주태양광(페로브스카이트 등),595
015760,한국전력,우주태양광(페로브스카이트 등),595
357550,석경에이티,우주태양광(페로브스카이트 등),595
171090,선익시스템,우주태양광(페로브스카이트 등),595
255440,야스,우주태양광(페로브스카이트 등),595
078600,대주전자재료,우주태양광(페로브스카이트 등),595
241770,메카로,우주태양광(페로브스카이트 등),595
327260,RF머트리얼즈,통신장비,92
050890,쏠리드,통신장비,92
178320,서진시스템,통신장비,92
035460,기산텔레콤,통신장비,92
115440,우리넷,통신장비,92
073490,LIG아큐버,통신장비,92
218410,RFHIC,통신장비,92
170790,파이오링크,통신장비,92
138080,오이솔루션,통신장비,92
073540,에프알텍,통신장비,92
078890,가온그룹,통신장비,92
230240,에치에프알,통신장비,92
060370,LS마린솔루션,통신장비,92
095270,웨이브일렉트로,통신장비,92
389020,자람테크놀로지,통신장비,92
289930,웨이비스,통신장비,92
264450,유비쿼스,통신장비,92
088280,쏘닉스,통신장비,92
032500,케이엠더블유,통신장비,92
321370,센서뷰,통신장비,92
065770,CS,통신장비,92
039560,다산네트웍스,통신장비,92
037460,삼지전자,통신장비,92
388790,라이콤,통신장비,92
192410,오늘이엔엠,통신장비,92
175140,휴먼테크놀로지,통신장비,92
088800,에이스테크,통신장비,92
200230,텔콘RF제약,통신장비,92
109070,주성코퍼레이션,통신장비,92
109080,옵티시스,통신장비,92
217590,티엠씨,통신장비,92
091440,한울소재과학,통신장비,92
340360,다보링크,통신장비,92
211270,AP위성,통신장비,92
065530,와이어블,통신장비,92
056360,코위버,통신장비,92
062970,한국첨단소재,통신장비,92
189300,인텔리안테크,통신장비,92
069540,빛과전자,통신장비,92
148250,알엔투테크놀로지,통신장비,92
100590,머큐리,통신장비,92
046970,우리로,통신장비,92
072950,빛샘전자,통신장비,92
033790,피노,통신장비,92
049080,기가레인,통신장비,92
215790,이노인스트루먼트,통신장비,92
023530,롯데쇼핑,백화점,318
006370,대구백화점,백화점,318
004170,신세계,백화점,318
037710,광주신세계,백화점,318
069960,현대백화점,백화점,318
452260,한화갤러리아,백화점,318
010950,S-Oil,정유,185
078930,GS,정유,185
096770,SK이노베이션,정유,185
408900,스튜디오미르,영상콘텐츠,127
173940,에프엔씨엔터,영상콘텐츠,127
317530,에피소드컴퍼니,영상콘텐츠,127
458350,에스팀,영상콘텐츠,127
086980,쇼박스,영상콘텐츠,127
476080,M83,영상콘텐츠,127
034120,SBS,영상콘텐츠,127
036420,콘텐트리중앙,영상콘텐츠,127
046390,삼화네트웍스,영상콘텐츠,127
322780,코퍼스코리아,영상콘텐츠,127
051780,큐로홀딩스,영상콘텐츠,127
310200,애니플러스,영상콘텐츠,127
035620,바른손이앤에이,영상콘텐츠,127
018700,바른손,영상콘텐츠,127
206560,덱스터,영상콘텐츠,127
068050,팬엔터테인먼트,영상콘텐츠,127
200350,아티스트스튜디오,영상콘텐츠,127
241840,에이스토리,영상콘텐츠,127
048550,SM C&C,영상콘텐츠,127
054780,키이스트,영상콘텐츠,127
048910,대원미디어,영상콘텐츠,127
122450,KX,영상콘텐츠,127
210120,캔버스엔,영상콘텐츠,127
160550,NEW,영상콘텐츠,127
432430,와이랩,영상콘텐츠,127
299900,위지윅스튜디오,영상콘텐츠,127
950190,고스트스튜디오,영상콘텐츠,127
253450,스튜디오드래곤,영상콘텐츠,127
035760,CJ ENM,영상콘텐츠,127
047820,초록뱀미디어,영상콘텐츠,127
035900,JYP Ent.,영상콘텐츠,127
289220,자이언트스텝,영상콘텐츠,127
389140,포바이포,영상콘텐츠,127
403850,더핑크퐁컴퍼니,영상콘텐츠,127
419530,SAMG엔터,영상콘텐츠,127
066570,LG전자,IT 대표주,173
000660,SK하이닉스,IT 대표주,173
034220,LG디스플레이,IT 대표주,173
018260,삼성에스디에스,IT 대표주,173
006400,삼성SDI,IT 대표주,173
005930,삼성전자,IT 대표주,173
066570,LG전자,냉각시스템(액침냉각 등),560
060310,3S,냉각시스템(액침냉각 등),560
053080,케이엔솔,냉각시스템(액침냉각 등),560
034730,SK,냉각시스템(액침냉각 등),560
396470,워트,냉각시스템(액침냉각 등),560
012450,한화에어로스페이스,냉각시스템(액침냉각 등),560
078930,GS,냉각시스템(액침냉각 등),560
083450,GST,냉각시스템(액침냉각 등),560
096770,SK이노베이션,냉각시스템(액침냉각 등),560
036200,유니셈,냉각시스템(액침냉각 등),560
067170,오텍,냉각시스템(액침냉각 등),560
107640,한중엔시에스,냉각시스템(액침냉각 등),560
006260,LS,무선충전기술,321
061040,알에프텍,무선충전기술,321
066570,LG전자,무선충전기술,321
043590,웰킵스하이텍,무선충전기술,321
357580,아모센스,무선충전기술,321
090460,비에이치,무선충전기술,321
005930,삼성전자,무선충전기술,321
459100,위츠,무선충전기술,321
011070,LG이노텍,무선충전기술,321
054210,이랜텍,무선충전기술,321
004710,한솔테크닉스,무선충전기술,321
089010,켐트로닉스,무선충전기술,321
355150,코스텍시스,전력반도체,533
000990,DB하이텍,전력반도체,533
405100,큐알티,전력반도체,533
102120,어보브반도체,전력반도체,533
172670,에이엘티,전력반도체,533
096690,에이루트,전력반도체,533
092220,KEC,전력반도체,533
247660,나노씨엠에스,전력반도체,533
000660,SK하이닉스,전력반도체,533
464500,아이언디바이스,전력반도체,533
061970,LB세미콘,전력반도체,533
005930,삼성전자,전력반도체,533
037030,파워넷,전력반도체,533
095610,테스,전력반도체,533
110990,디아이티,전력반도체,533
039440,에스티아이,전력반도체,533
429270,시지트로닉스,전력반도체,533
432470,케이엔에스,전력반도체,533
038880,아이에이,전력반도체,533
053080,케이엔솔,코로나19(음압병실/음압구급차),452
011930,신성이엔지,코로나19(음압병실/음압구급차),452
067570,엔브이에이치코리아,코로나19(음압병실/음압구급차),452
109610,에스와이,코로나19(음압병실/음압구급차),452
215380,우정바이오,코로나19(음압병실/음압구급차),452
130500,GH신소재,코로나19(음압병실/음압구급차),452
067170,오텍,코로나19(음압병실/음압구급차),452
006890,태경케미컬,콜드체인(저온 유통),464
246960,SCL사이언스,콜드체인(저온 유통),464
115450,HLB테라퓨틱스,콜드체인(저온 유통),464
014130,한익스프레스,콜드체인(저온 유통),464
096350,대창솔루션,콜드체인(저온 유통),464
131220,대한과학,콜드체인(저온 유통),464
038070,서린바이오,콜드체인(저온 유통),464
000640,동아쏘시오홀딩스,콜드체인(저온 유통),464
083450,GST,콜드체인(저온 유통),464
144510,지씨셀,콜드체인(저온 유통),464
068330,일신바이오,콜드체인(저온 유통),464
119830,아이텍,콜드체인(저온 유통),464
184230,SGA솔루션즈,클라우드 컴퓨팅,276
010280,아이티센엔텍,클라우드 컴퓨팅,276
205100,엑셈,클라우드 컴퓨팅,276
170790,파이오링크,클라우드 컴퓨팅,276
030200,KT,클라우드 컴퓨팅,276
072130,유엔젤,클라우드 컴퓨팅,276
069410,엔텔스,클라우드 컴퓨팅,276
189690,포시에스,클라우드 컴퓨팅,276
079940,가비아,클라우드 컴퓨팅,276
064800,포니링크,클라우드 컴퓨팅,276
049470,비트플래닛,클라우드 컴퓨팅,276
034730,SK,클라우드 컴퓨팅,276
328380,솔트웨어,클라우드 컴퓨팅,276
012510,더존비즈온,클라우드 컴퓨팅,276
094280,효성ITX,클라우드 컴퓨팅,276
242040,나무기술,클라우드 컴퓨팅,276
060850,영림원소프트랩,클라우드 컴퓨팅,276
017670,SK텔레콤,클라우드 컴퓨팅,276
093320,케이아이엔엑스,클라우드 컴퓨팅,276
058970,엠로,클라우드 컴퓨팅,276
192250,케이사인,클라우드 컴퓨팅,276
023590,다우기술,클라우드 컴퓨팅,276
012030,DB,클라우드 컴퓨팅,276
443670,에스피소프트,클라우드 컴퓨팅,276
220180,핸디소프트,클라우드 컴퓨팅,276
030520,한글과컴퓨터,클라우드 컴퓨팅,276
018260,삼성에스디에스,클라우드 컴퓨팅,276
307870,비투엔,클라우드 컴퓨팅,276
064400,LG씨엔에스,클라우드 컴퓨팅,276
053800,안랩,클라우드 컴퓨팅,276
290270,휴네시온,클라우드 컴퓨팅,276
304100,솔트룩스,클라우드 컴퓨팅,276
022100,포스코DX,클라우드 컴퓨팅,276
041020,폴라리스오피스,클라우드 컴퓨팅,276
035420,NAVER,클라우드 컴퓨팅,276
049480,오픈베이스,클라우드 컴퓨팅,276
357230,에이치피오,건강기능식품,487
222040,코스맥스엔비티,건강기능식품,487
293780,압타바이오,건강기능식품,487
065170,비엘팜텍,건강기능식품,487
033780,KT&G,건강기능식품,487
318010,팜스빌,건강기능식품,487
153490,우리이앤엘하루틴,건강기능식품,487
225430,케이엠제약,건강기능식품,487
223310,사토시홀딩스,건강기능식품,487
123840,뉴온,건강기능식품,487
314140,알피바이오,건강기능식품,487
353190,휴럼,건강기능식품,487
053950,경남제약,건강기능식품,487
051900,LG생활건강,건강기능식품,487
078160,메디포스트,건강기능식품,487
214370,케어젠,건강기능식품,487
063160,종근당바이오,건강기능식품,487
003220,대원제약,건강기능식품,487
238200,비피도,건강기능식품,487
001630,종근당홀딩스,건강기능식품,487
243070,휴온스,건강기능식품,487
180400,DXVX,건강기능식품,487
008490,서흥,건강기능식품,487
377220,프롬바이오,건강기능식품,487
260970,에스앤디,건강기능식품,487
142760,모아라이프플러스,건강기능식품,487
270870,뉴트리,건강기능식품,487
049960,쎌바이오텍,건강기능식품,487
471820,셀로맥스사이언스,건강기능식품,487
084690,대상홀딩스,건강기능식품,487
194700,노바렉스,건강기능식품,487
239610,에이치엘사이언스,건강기능식품,487
048870,시너지이노베이션,건강기능식품,487
047920,HLB제약,건강기능식품,487
200130,콜마비앤에이치,건강기능식품,487
362320,청담글로벌,건강기능식품,487
035080,그래디언트,건강기능식품,487
435570,에르코스,건강기능식품,487
195940,HK이노엔,건강기능식품,487
084990,헬릭스미스,건강기능식품,487
168330,내츄럴엔도텍,건강기능식품,487
092040,아미코젠,건강기능식품,487
234690,녹십자웰빙,건강기능식품,487
092730,네오팜,건강기능식품,487
327260,RF머트리얼즈,방위산업/전쟁 및 테러,144
474610,RF시스템즈,방위산업/전쟁 및 테러,144
140430,카티스,방위산업/전쟁 및 테러,144
077360,덕산하이메탈,방위산업/전쟁 및 테러,144
082920,비츠로셀,방위산업/전쟁 및 테러,144
010280,아이티센엔텍,방위산업/전쟁 및 테러,144
035460,기산텔레콤,방위산업/전쟁 및 테러,144
218410,RFHIC,방위산업/전쟁 및 테러,144
003570,SNT다이내믹스,방위산업/전쟁 및 테러,144
064350,현대로템,방위산업/전쟁 및 테러,144
047810,한국항공우주,방위산업/전쟁 및 테러,144
095270,웨이브일렉트로,방위산업/전쟁 및 테러,144
000880,한화,방위산업/전쟁 및 테러,144
003010,혜인,방위산업/전쟁 및 테러,144
010170,대한광통신,방위산업/전쟁 및 테러,144
289930,웨이비스,방위산업/전쟁 및 테러,144
368770,파이버프로,방위산업/전쟁 및 테러,144
096630,에스코넥,방위산업/전쟁 및 테러,144
065950,웰크론,방위산업/전쟁 및 테러,144
274400,이노시뮬레이션,방위산업/전쟁 및 테러,144
321370,센서뷰,방위산업/전쟁 및 테러,144
084850,아이티엠반도체,방위산업/전쟁 및 테러,144
040300,YTN,방위산업/전쟁 및 테러,144
012450,한화에어로스페이스,방위산업/전쟁 및 테러,144
015710,코콤,방위산업/전쟁 및 테러,144
090080,평화산업,방위산업/전쟁 및 테러,144
310870,디와이씨,방위산업/전쟁 및 테러,144
042660,한화오션,방위산업/전쟁 및 테러,144
119500,포메탈,방위산업/전쟁 및 테러,144
272210,한화시스템,방위산업/전쟁 및 테러,144
065450,빅텍,방위산업/전쟁 및 테러,144
108380,대양전기공업,방위산업/전쟁 및 테러,144
013810,스페코,방위산업/전쟁 및 테러,144
088800,에이스테크,방위산업/전쟁 및 테러,144
484870,엠앤씨솔루션,방위산업/전쟁 및 테러,144
005810,풍산홀딩스,방위산업/전쟁 및 테러,144
005870,휴니드,방위산업/전쟁 및 테러,144
129920,대성하이텍,방위산업/전쟁 및 테러,144
006050,국영지앤엠,방위산업/전쟁 및 테러,144
484590,삼양컴텍,방위산업/전쟁 및 테러,144
372910,한컴라이프케어,방위산업/전쟁 및 테러,144
081180,쎄크,방위산업/전쟁 및 테러,144
095190,신화프리텍,방위산업/전쟁 및 테러,144
003490,대한항공,방위산업/전쟁 및 테러,144
009540,HD한국조선해양,방위산업/전쟁 및 테러,144
042370,비츠로테크,방위산업/전쟁 및 테러,144
103140,풍산,방위산업/전쟁 및 테러,144
024740,한일단조,방위산업/전쟁 및 테러,144
079550,LIG디펜스앤에어로스페이스,방위산업/전쟁 및 테러,144
010820,퍼스텍,방위산업/전쟁 및 테러,144
361390,제노코,방위산업/전쟁 및 테러,144
032820,우리기술,방위산업/전쟁 및 테러,144
000270,기아,방위산업/전쟁 및 테러,144
437730,삼현,방위산업/전쟁 및 테러,144
012210,삼미금속,방위산업/전쟁 및 테러,144
011210,현대위아,방위산업/전쟁 및 테러,144
274090,켄코아에어로스페이스,방위산업/전쟁 및 테러,144
448710,코츠테크놀로지,방위산업/전쟁 및 테러,144
097230,HJ중공업,방위산업/전쟁 및 테러,144
377330,이지트로닉스,방위산업/전쟁 및 테러,144
215090,솔디펜스,방위산업/전쟁 및 테러,144
064960,SNT모티브,방위산업/전쟁 및 테러,144
214430,아이쓰리시스템,방위산업/전쟁 및 테러,144
099320,쎄트렉아이,방위산업/전쟁 및 테러,144
077970,STX엔진,방위산업/전쟁 및 테러,144
043200,파루,"백신/진단시약/방역(신종플루, AI 등)",108
261780,차백신연구소,"백신/진단시약/방역(신종플루, AI 등)",108
011000,진원생명과학,"백신/진단시약/방역(신종플루, AI 등)",108
303360,프로티아,"백신/진단시약/방역(신종플루, AI 등)",108
005250,녹십자홀딩스,"백신/진단시약/방역(신종플루, AI 등)",108
060590,씨티씨바이오,"백신/진단시약/방역(신종플루, AI 등)",108
036480,대성미생물,"백신/진단시약/방역(신종플루, AI 등)",108
003060,에이프로젠바이오로직스,"백신/진단시약/방역(신종플루, AI 등)",108
086060,진바이오텍,"백신/진단시약/방역(신종플루, AI 등)",108
061250,화일약품,"백신/진단시약/방역(신종플루, AI 등)",108
033250,체시스,"백신/진단시약/방역(신종플루, AI 등)",108
018620,우진비앤지,"백신/진단시약/방역(신종플루, AI 등)",108
054670,대한뉴팜,"백신/진단시약/방역(신종플루, AI 등)",108
348080,큐라티스,"백신/진단시약/방역(신종플루, AI 등)",108
044960,이글벳,"백신/진단시약/방역(신종플루, AI 등)",108
072020,중앙백신,"백신/진단시약/방역(신종플루, AI 등)",108
206640,바디텍메드,"백신/진단시약/방역(신종플루, AI 등)",108
153710,옵티팜,"백신/진단시약/방역(신종플루, AI 등)",108
185490,아이진,"백신/진단시약/방역(신종플루, AI 등)",108
142760,모아라이프플러스,"백신/진단시약/방역(신종플루, AI 등)",108
014570,고려제약,"백신/진단시약/방역(신종플루, AI 등)",108
302440,SK바이오사이언스,"백신/진단시약/방역(신종플루, AI 등)",108
185750,종근당,"백신/진단시약/방역(신종플루, AI 등)",108
003850,보령,"백신/진단시약/방역(신종플루, AI 등)",108
006280,녹십자,"백신/진단시약/방역(신종플루, AI 등)",108
003120,일성아이에스,"백신/진단시약/방역(신종플루, AI 등)",108
000100,유한양행,"백신/진단시약/방역(신종플루, AI 등)",108
036220,오상헬스케어,"백신/진단시약/방역(신종플루, AI 등)",108
007570,일양약품,"백신/진단시약/방역(신종플루, AI 등)",108
019170,신풍제약,"백신/진단시약/방역(신종플루, AI 등)",108
096530,씨젠,"백신/진단시약/방역(신종플루, AI 등)",108
950130,엑세스바이오,"백신/진단시약/방역(신종플루, AI 등)",108
041960,코미팜,"백신/진단시약/방역(신종플루, AI 등)",108
109820,진매트릭스,"백신/진단시약/방역(신종플루, AI 등)",108
253840,수젠텍,"백신/진단시약/방역(신종플루, AI 등)",108
206650,유바이오로직스,"백신/진단시약/방역(신종플루, AI 등)",108
009290,광동제약,"백신/진단시약/방역(신종플루, AI 등)",108
084650,랩지노믹스,"백신/진단시약/방역(신종플루, AI 등)",108
064550,바이오니아,"백신/진단시약/방역(신종플루, AI 등)",108
048530,인트론바이오,"백신/진단시약/방역(신종플루, AI 등)",108
389470,인벤티지랩,"백신/진단시약/방역(신종플루, AI 등)",108
128940,한미약품,"백신/진단시약/방역(신종플루, AI 등)",108
285130,SK케미칼,"백신/진단시약/방역(신종플루, AI 등)",108
007070,GS리테일,편의점,384
024800,유성티엔에스,편의점,384
282330,BGF리테일,편의점,384
139480,이마트,편의점,384
004990,롯데지주,편의점,384
077360,덕산하이메탈,드론(Drone),349
035460,기산텔레콤,드론(Drone),349
047080,한빛소프트,드론(Drone),349
047810,한국항공우주,드론(Drone),349
051380,피씨디렉트,드론(Drone),349
023800,인지컨트롤스,드론(Drone),349
030200,KT,드론(Drone),349
475580,에이럭스,드론(Drone),349
223310,사토시홀딩스,드론(Drone),349
096630,에스코넥,드론(Drone),349
177350,베셀,드론(Drone),349
012450,한화에어로스페이스,드론(Drone),349
015710,코콤,드론(Drone),349
272210,한화시스템,드론(Drone),349
093640,케이알엠,드론(Drone),349
005870,휴니드,드론(Drone),349
306620,지아이에스,드론(Drone),349
187220,디티앤씨,드론(Drone),349
033320,제이씨현시스템,드론(Drone),349
424960,스마트레이더시스템,드론(Drone),349
003490,대한항공,드론(Drone),349
093520,매커스,드론(Drone),349
079550,LIG디펜스앤에어로스페이스,드론(Drone),349
010820,퍼스텍,드론(Drone),349
097520,엠씨넥스,드론(Drone),349
204610,티쓰리,드론(Drone),349
274090,켄코아에어로스페이스,드론(Drone),349
099320,쎄트렉아이,드론(Drone),349
054920,한컴위드,드론(Drone),349
070960,모나용평,골프,496
110790,크리스에프앤씨,골프,496
069640,한세엠케이,골프,496
121440,골프존홀딩스,골프,496
215000,골프존,골프,496
111710,남화산업,골프,496
019010,베뉴지,골프,496
122450,KX,골프,496
365900,브이씨,골프,496
067900,와이엔텍,골프,496
025980,아난티,골프,496
081660,미스토홀딩스,골프,496
300120,라온피플,골프,496
308100,형지글로벌,골프,496
100120,뷰웍스,골프,496
047050,포스코인터내셔널,셰일가스(Shale Gas),323
018670,SK가스,셰일가스(Shale Gas),323
002360,SH에너지화학,셰일가스(Shale Gas),323
017940,E1,셰일가스(Shale Gas),323
036460,한국가스공사,셰일가스(Shale Gas),323
034020,두산에너빌리티,셰일가스(Shale Gas),323
017960,한국카본,셰일가스(Shale Gas),323
015760,한국전력,셰일가스(Shale Gas),323
083650,비에이치아이,셰일가스(Shale Gas),323
100840,SNT에너지,셰일가스(Shale Gas),323
101170,우림피티에스,셰일가스(Shale Gas),323
066570,LG전자,스마트홈(홈네트워크),104
199820,제일일렉트릭,스마트홈(홈네트워크),104
079430,현대리바트,스마트홈(홈네트워크),104
009450,경동나비엔,스마트홈(홈네트워크),104
030200,KT,스마트홈(홈네트워크),104
065770,CS,스마트홈(홈네트워크),104
039570,HDC랩스,스마트홈(홈네트워크),104
015710,코콤,스마트홈(홈네트워크),104
017670,SK텔레콤,스마트홈(홈네트워크),104
012750,에스원,스마트홈(홈네트워크),104
044340,위닉스,스마트홈(홈네트워크),104
039010,현대에이치티,스마트홈(홈네트워크),104
032640,LG유플러스,스마트홈(홈네트워크),104
038680,에스넷,스마트홈(홈네트워크),104
057540,옴니시스템,스마트홈(홈네트워크),104
091440,한울소재과학,스마트홈(홈네트워크),104
005930,삼성전자,스마트홈(홈네트워크),104
040160,누리플렉스,스마트홈(홈네트워크),104
479960,위너스일렉,스마트홈(홈네트워크),104
002230,피에스텍,스마트홈(홈네트워크),104
022100,포스코DX,스마트홈(홈네트워크),104
032790,엠젠솔루션,스마트홈(홈네트워크),104
317400,자이에스앤디,스마트홈(홈네트워크),104
018670,SK가스,LNG(액화천연가스),381
100090,SK오션플랜트,LNG(액화천연가스),381
333430,일승,LNG(액화천연가스),381
082740,한화엔진,LNG(액화천연가스),381
258610,케일럼,LNG(액화천연가스),381
085310,엔케이,LNG(액화천연가스),381
034730,SK,LNG(액화천연가스),381
071320,지역난방공사,LNG(액화천연가스),381
004690,삼천리,LNG(액화천연가스),381
028670,팬오션,LNG(액화천연가스),381
078930,GS,LNG(액화천연가스),381
036460,한국가스공사,LNG(액화천연가스),381
096350,대창솔루션,LNG(액화천연가스),381
329180,HD현대중공업,LNG(액화천연가스),381
033500,동성화인텍,LNG(액화천연가스),381
005490,POSCO홀딩스,LNG(액화천연가스),381
017960,한국카본,LNG(액화천연가스),381
005880,대한해운,LNG(액화천연가스),381
010140,삼성중공업,LNG(액화천연가스),381
015760,한국전력,LNG(액화천연가스),381
009540,HD한국조선해양,LNG(액화천연가스),381
083650,비에이치아이,LNG(액화천연가스),381
098070,한텍,LNG(액화천연가스),381
136150,원일티엔아이,LNG(액화천연가스),381
100840,SNT에너지,LNG(액화천연가스),381
097230,HJ중공업,LNG(액화천연가스),381
000140,하이트진로홀딩스,日제품 불매운동(수혜),421
001460,BYC,日제품 불매운동(수혜),421
000890,보해양조,日제품 불매운동(수혜),421
002070,비비안,日제품 불매운동(수혜),421
101530,해태제과식품,日제품 불매운동(수혜),421
012700,리드코프,日제품 불매운동(수혜),421
264900,크라운제과,日제품 불매운동(수혜),421
204020,그리티,日제품 불매운동(수혜),421
005360,모나미,日제품 불매운동(수혜),421
250000,보라티알,日제품 불매운동(수혜),421
000080,하이트진로,日제품 불매운동(수혜),421
005740,크라운해태홀딩스,日제품 불매운동(수혜),421
004540,깨끗한나라,日제품 불매운동(수혜),421
014100,메디앙스,日제품 불매운동(수혜),421
012690,모나리자,日제품 불매운동(수혜),421
084870,TBH글로벌,日제품 불매운동(수혜),421
267790,배럴,日제품 불매운동(수혜),421
013990,아가방컴퍼니,日제품 불매운동(수혜),421
033340,좋은사람들,日제품 불매운동(수혜),421
047770,코데즈컴바인,日제품 불매운동(수혜),421
095910,에스에너지,수소에너지(수소차/연료전지 등),386
009830,한화솔루션,수소에너지(수소차/연료전지 등),386
059090,미코,수소에너지(수소차/연료전지 등),386
361670,삼영에스앤씨,수소에너지(수소차/연료전지 등),386
009320,아진전자부품,수소에너지(수소차/연료전지 등),386
336260,두산퓨얼셀,수소에너지(수소차/연료전지 등),386
037370,EG,수소에너지(수소차/연료전지 등),386
023900,풍국주정,수소에너지(수소차/연료전지 등),386
010120,LS ELECTRIC,수소에너지(수소차/연료전지 등),386
064350,현대로템,수소에너지(수소차/연료전지 등),386
086670,비엠티,수소에너지(수소차/연료전지 등),386
080470,성창오토텍,수소에너지(수소차/연료전지 등),386
000430,대원강업,수소에너지(수소차/연료전지 등),386
023800,인지컨트롤스,수소에너지(수소차/연료전지 등),386
382900,범한퓨얼셀,수소에너지(수소차/연료전지 등),386
010770,평화홀딩스,수소에너지(수소차/연료전지 등),386
011320,유니크,수소에너지(수소차/연료전지 등),386
085310,엔케이,수소에너지(수소차/연료전지 등),386
078130,국일제지,수소에너지(수소차/연료전지 등),386
234100,폴라리스세원,수소에너지(수소차/연료전지 등),386
096630,에스코넥,수소에너지(수소차/연료전지 등),386
033290,로젠,수소에너지(수소차/연료전지 등),386
034730,SK,수소에너지(수소차/연료전지 등),386
012340,뉴인텍,수소에너지(수소차/연료전지 등),386
011230,삼화전자,수소에너지(수소차/연료전지 등),386
090080,평화산업,수소에너지(수소차/연료전지 등),386
092780,DYP,수소에너지(수소차/연료전지 등),386
212710,아이에스티이,수소에너지(수소차/연료전지 등),386
271940,일진하이솔루스,수소에너지(수소차/연료전지 등),386
096350,대창솔루션,수소에너지(수소차/연료전지 등),386
013570,디와이,수소에너지(수소차/연료전지 등),386
041930,SY동아,수소에너지(수소차/연료전지 등),386
013870,지엠비코리아,수소에너지(수소차/연료전지 등),386
019540,일지테크,수소에너지(수소차/연료전지 등),386
382480,지아이텍,수소에너지(수소차/연료전지 등),386
265560,영화테크,수소에너지(수소차/연료전지 등),386
145990,삼양사,수소에너지(수소차/연료전지 등),386
009680,모토닉,수소에너지(수소차/연료전지 등),386
056190,에스에프에이,수소에너지(수소차/연료전지 등),386
298040,효성중공업,수소에너지(수소차/연료전지 등),386
081000,일진다이아,수소에너지(수소차/연료전지 등),386
215360,우리산업,수소에너지(수소차/연료전지 등),386
038870,에코심플렉스,수소에너지(수소차/연료전지 등),386
122350,삼기,수소에너지(수소차/연료전지 등),386
025320,시노펙스,수소에너지(수소차/연료전지 등),386
033530,SJG세종,수소에너지(수소차/연료전지 등),386
013310,아진산업,수소에너지(수소차/연료전지 등),386
018880,한온시스템,수소에너지(수소차/연료전지 등),386
298050,HS효성첨단소재,수소에너지(수소차/연료전지 등),386
053700,삼보모터스,수소에너지(수소차/연료전지 등),386
036890,진성티이씨,수소에너지(수소차/연료전지 등),386
019180,티에이치엔,수소에너지(수소차/연료전지 등),386
105740,디케이락,수소에너지(수소차/연료전지 등),386
000270,기아,수소에너지(수소차/연료전지 등),386
136150,원일티엔아이,수소에너지(수소차/연료전지 등),386
089980,상아프론테크,수소에너지(수소차/연료전지 등),386
126880,제이엔케이글로벌,수소에너지(수소차/연료전지 등),386
110990,디아이티,수소에너지(수소차/연료전지 등),386
104830,원익머트리얼즈,수소에너지(수소차/연료전지 등),386
170920,엘티씨,수소에너지(수소차/연료전지 등),386
126340,비나텍,수소에너지(수소차/연료전지 등),386
005380,현대차,수소에너지(수소차/연료전지 등),386
066590,스모트로닉,수소에너지(수소차/연료전지 등),386
377330,이지트로닉스,수소에너지(수소차/연료전지 등),386
290520,신도기연,수소에너지(수소차/연료전지 등),386
064960,SNT모티브,수소에너지(수소차/연료전지 등),386
120110,코오롱인더,수소에너지(수소차/연료전지 등),386
038880,아이에이,수소에너지(수소차/연료전지 등),386
004020,현대제철,수소에너지(수소차/연료전지 등),386
023530,롯데쇼핑,소매유통,136
006370,대구백화점,소매유통,136
004170,신세계,소매유통,136
069920,엑시온그룹,소매유통,136
342870,오아,소매유통,136
007070,GS리테일,소매유통,136
037710,광주신세계,소매유통,136
051160,지어소프트,소매유통,136
067830,세이브존I&C,소매유통,136
415380,스튜디오삼익,소매유통,136
282330,BGF리테일,소매유통,136
071840,롯데하이마트,소매유통,136
139480,이마트,소매유통,136
035760,CJ ENM,소매유통,136
362320,청담글로벌,소매유통,136
035080,그래디언트,소매유통,136
057050,현대홈쇼핑,소매유통,136
069960,현대백화점,소매유통,136
008770,호텔신라,소매유통,136
452260,한화갤러리아,소매유통,136
006040,동원산업,서울고속버스터미널 재개발 수혜,591
004170,신세계,서울고속버스터미널 재개발 수혜,591
000650,천일고속,서울고속버스터미널 재개발 수혜,591
128820,대성산업,서울고속버스터미널 재개발 수혜,591
084670,동양고속,서울고속버스터미널 재개발 수혜,591
115500,케이씨에스,화폐/금융자동화기기(디지털화폐 등),8
089150,케이씨티,화폐/금융자동화기기(디지털화폐 등),8
063570,NICE인프라,화폐/금융자동화기기(디지털화폐 등),8
094940,푸른기술,화폐/금융자동화기기(디지털화폐 등),8
067730,로지시스,화폐/금융자동화기기(디지털화폐 등),8
053160,프리엠스,화폐/금융자동화기기(디지털화폐 등),8
377300,카카오페이,화폐/금융자동화기기(디지털화폐 등),8
052600,한네트,화폐/금융자동화기기(디지털화폐 등),8
040160,누리플렉스,화폐/금융자동화기기(디지털화폐 등),8
103140,풍산,화폐/금융자동화기기(디지털화폐 등),8
258790,소프트캠프,재택근무/스마트워크,435
131370,알서포트,재택근무/스마트워크,435
036630,세종텔레콤,재택근무/스마트워크,435
012510,더존비즈온,재택근무/스마트워크,435
189690,포시에스,재택근무/스마트워크,435
094280,효성ITX,재택근무/스마트워크,435
060850,영림원소프트랩,재택근무/스마트워크,435
067010,이씨에스,재택근무/스마트워크,435
042500,링네트,재택근무/스마트워크,435
038680,에스넷,재택근무/스마트워크,435
033320,제이씨현시스템,재택근무/스마트워크,435
173130,오파스넷,재택근무/스마트워크,435
181710,NHN,재택근무/스마트워크,435
290270,휴네시온,재택근무/스마트워크,435
041020,폴라리스오피스,재택근무/스마트워크,435
150900,파수에이아이,재택근무/스마트워크,435
205100,엑셈,카카오뱅크(kakao BANK),489
131370,알서포트,카카오뱅크(kakao BANK),489
053280,예스24,카카오뱅크(kakao BANK),489
105560,KB금융,카카오뱅크(kakao BANK),489
323410,카카오뱅크,카카오뱅크(kakao BANK),489
016450,한세예스24홀딩스,카카오뱅크(kakao BANK),489
053350,이니텍,카카오뱅크(kakao BANK),489
035720,카카오,카카오뱅크(kakao BANK),489
039290,인포뱅크,카카오뱅크(kakao BANK),489
071050,한국금융지주,카카오뱅크(kakao BANK),489
203650,드림시큐리티,카카오뱅크(kakao BANK),489
037950,엘컴텍,귀금속(금/은),593
124500,아이티센글로벌,귀금속(금/은),593
010130,고려아연,귀금속(금/은),593
000670,영풍,귀금속(금/은),593
298690,에어부산,항공/저가 항공사(LCC),166
020560,아시아나항공,항공/저가 항공사(LCC),166
180640,한진칼,항공/저가 항공사(LCC),166
006840,AK홀딩스,항공/저가 항공사(LCC),166
089590,제주항공,항공/저가 항공사(LCC),166
091810,트리니티항공,항공/저가 항공사(LCC),166
272450,진에어,항공/저가 항공사(LCC),166
003490,대한항공,항공/저가 항공사(LCC),166
004870,티웨이홀딩스,항공/저가 항공사(LCC),166
366030,공구우먼,패션/의류,32
098660,에스티오,패션/의류,32
478560,블랙야크아이앤씨,패션/의류,32
090370,메타랩스,패션/의류,32
088790,진도,패션/의류,32
110790,크리스에프앤씨,패션/의류,32
001460,BYC,패션/의류,32
006060,화승인더,패션/의류,32
069640,한세엠케이,패션/의류,32
065060,지엔코,패션/의류,32
064800,포니링크,패션/의류,32
002070,비비안,패션/의류,32
215480,토박스코리아,패션/의류,32
225590,패션플랫폼,패션/의류,32
004060,SG세계물산,패션/의류,32
011080,형지I&C,패션/의류,32
008290,원풍물산,패션/의류,32
005320,온타이드,패션/의류,32
009270,신원,패션/의류,32
005800,신영와코루,패션/의류,32
241590,화승엔터프라이즈,패션/의류,32
472850,폰드그룹,패션/의류,32
194370,제이에스코퍼레이션,패션/의류,32
111110,호전실업,패션/의류,32
900110,이스트아시아홀딩스,패션/의류,32
111380,동인기연,패션/의류,32
204020,그리티,패션/의류,32
306040,에스제이그룹,패션/의류,32
298540,더네이쳐홀딩스,패션/의류,32
383220,F&F,패션/의류,32
111770,영원무역,패션/의류,32
007980,TP,패션/의류,32
016090,대현,패션/의류,32
026040,제이에스티나,패션/의류,32
093240,형지엘리트,패션/의류,32
084870,TBH글로벌,패션/의류,32
267790,배럴,패션/의류,32
081660,미스토홀딩스,패션/의류,32
481070,에이유브랜즈,패션/의류,32
014990,인디에프,패션/의류,32
109670,씨싸이트,패션/의류,32
462310,뉴키즈온,패션/의류,32
337930,젝시믹스,패션/의류,32
308100,형지글로벌,패션/의류,32
105630,한세실업,패션/의류,32
145170,노브랜드,패션/의류,32
020000,한섬,패션/의류,32
093050,LF,패션/의류,32
033340,좋은사람들,패션/의류,32
335870,윙스풋,패션/의류,32
031430,신세계인터내셔날,패션/의류,32
028260,삼성물산,패션/의류,32
000680,LS네트웍스,패션/의류,32
036620,감성코퍼레이션,패션/의류,32
039980,폴라리스AI,패션/의류,32
047770,코데즈컴바인,패션/의류,32
278470,에이피알,패션/의류,32
120110,코오롱인더,패션/의류,32
000990,DB하이텍,스마트카(SMART CAR),332
053450,세코닉스,스마트카(SMART CAR),332
352910,오비고,스마트카(SMART CAR),332
087260,모바일어플라이언스,스마트카(SMART CAR),332
086960,MDS테크,스마트카(SMART CAR),332
089850,유비벨록스,스마트카(SMART CAR),332
118990,모트렉스,스마트카(SMART CAR),332
204320,HL만도,스마트카(SMART CAR),332
039290,인포뱅크,스마트카(SMART CAR),332
097520,엠씨넥스,스마트카(SMART CAR),332
012330,현대모비스,스마트카(SMART CAR),332
011070,LG이노텍,스마트카(SMART CAR),332
038880,아이에이,스마트카(SMART CAR),332
037370,EG,페라이트,534
125210,아모그린텍,페라이트,534
079190,케스피온,페라이트,534
007770,한일화학,페라이트,534
011230,삼화전자,페라이트,534
015890,태경산업,페라이트,534
263810,상신전자,페라이트,534
009470,삼화전기,페라이트,534
357580,아모센스,페라이트,534
101240,씨큐브,페라이트,534
095500,미래나노텍,페라이트,534
148250,알엔투테크놀로지,페라이트,534
047400,유니온머티리얼,페라이트,534
004710,한솔테크닉스,페라이트,534
184230,SGA솔루션즈,SI(시스템통합),17
010280,아이티센엔텍,SI(시스템통합),17
045510,정원엔시스,SI(시스템통합),17
053980,오상자이엘,SI(시스템통합),17
115500,케이씨에스,SI(시스템통합),17
070590,인티큐브,SI(시스템통합),17
034730,SK,SI(시스템통합),17
049470,비트플래닛,SI(시스템통합),17
242040,나무기술,SI(시스템통합),17
272210,한화시스템,SI(시스템통합),17
042500,링네트,SI(시스템통합),17
286940,롯데이노베이트,SI(시스템통합),17
124500,아이티센글로벌,SI(시스템통합),17
263800,데이타솔루션,SI(시스템통합),17
234300,에스트래픽,SI(시스템통합),17
319400,현대무벡스,SI(시스템통합),17
052460,아이크래프트,SI(시스템통합),17
029480,광무,SI(시스템통합),17
023590,다우기술,SI(시스템통합),17
267850,아시아나IDT,SI(시스템통합),17
012030,DB,SI(시스템통합),17
020180,대신정보통신,SI(시스템통합),17
173130,오파스넷,SI(시스템통합),17
018260,삼성에스디에스,SI(시스템통합),17
064400,LG씨엔에스,SI(시스템통합),17
039420,케이엘넷,SI(시스템통합),17
032850,비트컴퓨터,SI(시스템통합),17
022100,포스코DX,SI(시스템통합),17
307950,현대오토에버,SI(시스템통합),17
035510,신세계 I&C,SI(시스템통합),17
097950,CJ제일제당,환율하락 수혜,31
002680,한탑,환율하락 수혜,31
003010,혜인,환율하락 수혜,31
010950,S-Oil,환율하락 수혜,31
001130,대한제분,환율하락 수혜,31
007310,오뚜기,환율하락 수혜,31
036460,한국가스공사,환율하락 수혜,31
020560,아시아나항공,환율하락 수혜,31
000070,삼양홀딩스,환율하락 수혜,31
001680,대상,환율하락 수혜,31
000080,하이트진로,환율하락 수혜,31
080160,모두투어,환율하락 수혜,31
005490,POSCO홀딩스,환율하락 수혜,31
010130,고려아연,환율하락 수혜,31
271560,오리온,환율하락 수혜,31
005880,대한해운,환율하락 수혜,31
004370,농심,환율하락 수혜,31
039130,하나투어,환율하락 수혜,31
015760,한국전력,환율하락 수혜,31
001790,대한제당,환율하락 수혜,31
003490,대한항공,환율하락 수혜,31
103140,풍산,환율하락 수혜,31
004020,현대제철,환율하락 수혜,31
038390,레드캡투어,여행,147
039310,세중,여행,147
094850,참좋은여행,여행,147
048550,SM C&C,여행,147
080160,모두투어,여행,147
104620,노랑풍선,여행,147
039130,하나투어,여행,147
035080,그래디언트,여행,147
032350,롯데관광개발,여행,147
265740,엔에프씨,마리화나(대마),408
065170,비엘팜텍,마리화나(대마),408
082850,우리바이오,마리화나(대마),408
060590,씨티씨바이오,마리화나(대마),408
061250,화일약품,마리화나(대마),408
278650,HLB바이오스텝,마리화나(대마),408
052420,오성첨단소재,마리화나(대마),408
256840,한국비엔씨,마리화나(대마),408
389470,인벤티지랩,마리화나(대마),408
900100,애머릿지,마리화나(대마),408
025550,한국선재,피팅(관이음쇠)/밸브,520
452280,한선엔지니어링,피팅(관이음쇠)/밸브,520
086670,비엠티,피팅(관이음쇠)/밸브,520
013030,하이록코리아,피팅(관이음쇠)/밸브,520
073010,케이에스피,피팅(관이음쇠)/밸브,520
014620,성광벤드,피팅(관이음쇠)/밸브,520
023160,태광,피팅(관이음쇠)/밸브,520
105740,디케이락,피팅(관이음쇠)/밸브,520
039610,화성밸브,피팅(관이음쇠)/밸브,520
109740,디에스케이,2차전지(장비),445
089890,코세스,2차전지(장비),445
168360,펨트론,2차전지(장비),445
282880,코윈테크,2차전지(장비),445
452190,한빛레이저,2차전지(장비),445
302430,이노메트리,2차전지(장비),445
469750,아이비젼웍스,2차전지(장비),445
320000,한울반도체,2차전지(장비),445
079810,APS이노베이션,2차전지(장비),445
131760,파인텍,2차전지(장비),445
257370,피엔티엠에스,2차전지(장비),445
378340,필에너지,2차전지(장비),445
333620,엔시스,2차전지(장비),445
148930,에이치와이티씨,2차전지(장비),445
251630,브이원텍,2차전지(장비),445
382480,지아이텍,2차전지(장비),445
452200,민테크,2차전지(장비),445
129920,대성하이텍,2차전지(장비),445
108230,톱텍,2차전지(장비),445
241790,티이엠씨씨엔에스,2차전지(장비),445
277880,티에스아이,2차전지(장비),445
078150,HB테크놀러지,2차전지(장비),445
056190,에스에프에이,2차전지(장비),445
217820,원익피앤이,2차전지(장비),445
081180,쎄크,2차전지(장비),445
083930,아바코,2차전지(장비),445
017370,우신시스템,2차전지(장비),445
076080,웰크론한텍,2차전지(장비),445
065130,탑엔지니어링,2차전지(장비),445
259630,엠플러스,2차전지(장비),445
254120,자비스,2차전지(장비),445
137400,피엔티,2차전지(장비),445
455180,케이지에이,2차전지(장비),445
382840,원준,2차전지(장비),445
372170,윤성에프앤씨,2차전지(장비),445
299030,하나기술,2차전지(장비),445
161580,필옵틱스,2차전지(장비),445
032680,소프트센,2차전지(장비),445
480370,씨케이솔루션,2차전지(장비),445
413390,엠오티,2차전지(장비),445
110990,디아이티,2차전지(장비),445
432470,케이엔에스,2차전지(장비),445
290670,대보마그네틱,2차전지(장비),445
267320,나인테크,2차전지(장비),445
114190,강원에너지,2차전지(장비),445
262260,에이프로,2차전지(장비),445
222080,씨아이에스,2차전지(장비),445
251370,와이엠티,아이폰,388
108320,LX세미콘,아이폰,388
053610,프로텍,아이폰,388
009150,삼성전기,아이폰,388
263600,덕우전자,아이폰,388
084850,아이티엠반도체,아이폰,388
192440,슈피겐코리아,아이폰,388
000660,SK하이닉스,아이폰,388
034220,LG디스플레이,아이폰,388
238090,앤디포스,아이폰,388
000670,영풍,아이폰,388
090460,비에이치,아이폰,388
006400,삼성SDI,아이폰,388
005930,삼성전자,아이폰,388
051910,LG화학,아이폰,388
272290,이녹스첨단소재,아이폰,388
011070,LG이노텍,아이폰,388
051370,인터플렉스,아이폰,388
213420,덕산네오룩스,아이폰,388
126700,하이비젼시스템,아이폰,388
227950,엔투텍,반도체 장비,12
217190,제너셈,반도체 장비,12
330860,네패스아크,반도체 장비,12
417840,저스템,반도체 장비,12
058470,리노공업,반도체 장비,12
489790,한화비전,반도체 장비,12
089890,코세스,반도체 장비,12
178320,서진시스템,반도체 장비,12
168360,펨트론,반도체 장비,12
090360,로보스타,반도체 장비,12
042700,한미반도체,반도체 장비,12
140070,서플러스글로벌,반도체 장비,12
382800,지앤비에스 에코,반도체 장비,12
064290,인텍플러스,반도체 장비,12
187870,디바이스,반도체 장비,12
036170,에이치엠넥스,반도체 장비,12
053610,프로텍,반도체 장비,12
425420,티에프이,반도체 장비,12
140860,파크시스템스,반도체 장비,12
451220,아이엠티,반도체 장비,12
053080,케이엔솔,반도체 장비,12
412350,레이저쎌,반도체 장비,12
200470,에이팩트,반도체 장비,12
036930,주성엔지니어링,반도체 장비,12
131290,티에스이,반도체 장비,12
321260,프로이천,반도체 장비,12
256630,포인트엔지니어링,반도체 장비,12
265520,AP시스템,반도체 장비,12
011930,신성이엔지,반도체 장비,12
413630,씨피시스템,반도체 장비,12
396470,워트,반도체 장비,12
029460,케이씨,반도체 장비,12
212710,아이에스티이,반도체 장비,12
452160,제이엔비,반도체 장비,12
183300,코미코,반도체 장비,12
224060,더코디,반도체 장비,12
083310,엘오티베큠,반도체 장비,12
071280,로체시스템즈,반도체 장비,12
045300,성우테크론,반도체 장비,12
067310,하나마이크론,반도체 장비,12
086390,유니테스트,반도체 장비,12
140670,알에스오토메이션,반도체 장비,12
159010,아스플로,반도체 장비,12
403870,HPSP,반도체 장비,12
306620,지아이에스,반도체 장비,12
241790,티이엠씨씨엔에스,반도체 장비,12
217500,러셀,반도체 장비,12
281820,케이씨텍,반도체 장비,12
036810,에프에스티,반도체 장비,12
056190,에스에프에이,반도체 장비,12
081180,쎄크,반도체 장비,12
089790,제이티,반도체 장비,12
090470,제이스로보틱스,반도체 장비,12
092870,엑시콘,반도체 장비,12
041520,이엘씨,반도체 장비,12
232680,라온로보틱스,반도체 장비,12
079370,제우스,반도체 장비,12
264660,씨앤지하이테크,반도체 장비,12
083450,GST,반도체 장비,12
253590,네오셈,반도체 장비,12
065130,탑엔지니어링,반도체 장비,12
348350,위드텍,반도체 장비,12
254120,자비스,반도체 장비,12
037350,성도이엔지,반도체 장비,12
095610,테스,반도체 장비,12
240810,원익IPS,반도체 장비,12
036200,유니셈,반도체 장비,12
089030,테크윙,반도체 장비,12
025560,미래산업,반도체 장비,12
110990,디아이티,반도체 장비,12
036540,SFA반도체,반도체 장비,12
003160,디아이,반도체 장비,12
271830,팸텍,반도체 장비,12
039440,에스티아이,반도체 장비,12
232140,와이씨,반도체 장비,12
098460,고영,반도체 장비,12
045100,한양이엔지,반도체 장비,12
323350,다원넥스뷰,반도체 장비,12
322310,오로스테크놀로지,반도체 장비,12
031980,피에스케이홀딩스,반도체 장비,12
420770,기가비스,반도체 장비,12
348210,넥스틴,반도체 장비,12
319660,피에스케이,반도체 장비,12
030530,원익홀딩스,반도체 장비,12
122640,예스티,반도체 장비,12
160980,싸이맥스,반도체 장비,12
402490,그린리소스,반도체 장비,12
064760,티씨케이,반도체 장비,12
089970,브이엠,반도체 장비,12
084370,유진테크,반도체 장비,12
469610,이노테크,반도체 장비,12
049080,기가레인,반도체 장비,12
039030,이오테크닉스,반도체 장비,12
006260,LS,풍력에너지,188
100130,동국S&C,풍력에너지,188
115530,씨엔플러스,풍력에너지,188
004800,효성,풍력에너지,188
100090,SK오션플랜트,풍력에너지,188
282720,금양그린파워,풍력에너지,188
060370,LS마린솔루션,풍력에너지,188
119500,포메탈,풍력에너지,188
096350,대창솔루션,풍력에너지,188
100660,서암기계공업,풍력에너지,188
013810,스페코,풍력에너지,188
018000,유니슨,풍력에너지,188
112610,씨에스윈드,풍력에너지,188
005490,POSCO홀딩스,풍력에너지,188
297090,씨에스베어링,풍력에너지,188
034020,두산에너빌리티,풍력에너지,188
475150,SK이터닉스,풍력에너지,188
298040,효성중공업,풍력에너지,188
004440,삼일씨엔에스,풍력에너지,188
024880,케이피에프,풍력에너지,188
044490,태웅,풍력에너지,188
306200,세아제강,풍력에너지,188
015760,한국전력,풍력에너지,188
003030,세아제강지주,풍력에너지,188
052690,한전기술,풍력에너지,188
389260,대명에너지,풍력에너지,188
075580,세진중공업,풍력에너지,188
032820,우리기술,풍력에너지,188
054540,삼영엠텍,풍력에너지,188
003070,코오롱글로벌,풍력에너지,188
417200,LS머트리얼즈,풍력에너지,188
101170,우림피티에스,풍력에너지,188
000720,현대건설,풍력에너지,188
229640,LS에코에너지,풍력에너지,188
068790,DMS,풍력에너지,188
005160,동국산업,풍력에너지,188
254490,미래반도체,HBM(고대역폭메모리),536
217190,제너셈,HBM(고대역폭메모리),536
489790,한화비전,HBM(고대역폭메모리),536
168360,펨트론,HBM(고대역폭메모리),536
405100,큐알티,HBM(고대역폭메모리),536
042700,한미반도체,HBM(고대역폭메모리),536
394280,오픈엣지테크놀로지,HBM(고대역폭메모리),536
451220,아이엠티,HBM(고대역폭메모리),536
412350,레이저쎌,HBM(고대역폭메모리),536
097800,윈팩,HBM(고대역폭메모리),536
396470,워트,HBM(고대역폭메모리),536
000660,SK하이닉스,HBM(고대역폭메모리),536
095340,ISC,HBM(고대역폭메모리),536
086390,유니테스트,HBM(고대역폭메모리),536
281820,케이씨텍,HBM(고대역폭메모리),536
033160,엠케이전자,HBM(고대역폭메모리),536
079370,제우스,HBM(고대역폭메모리),536
307750,국전,HBM(고대역폭메모리),536
005930,삼성전자,HBM(고대역폭메모리),536
220260,켐트로스,HBM(고대역폭메모리),536
089030,테크윙,HBM(고대역폭메모리),536
110990,디아이티,HBM(고대역폭메모리),536
003160,디아이,HBM(고대역폭메모리),536
039440,에스티아이,HBM(고대역폭메모리),536
232140,와이씨,HBM(고대역폭메모리),536
424980,마이크로투나노,HBM(고대역폭메모리),536
098460,고영,HBM(고대역폭메모리),536
322310,오로스테크놀로지,HBM(고대역폭메모리),536
031980,피에스케이홀딩스,HBM(고대역폭메모리),536
348210,넥스틴,HBM(고대역폭메모리),536
122640,예스티,HBM(고대역폭메모리),536
112290,와이씨켐,HBM(고대역폭메모리),536
039030,이오테크닉스,HBM(고대역폭메모리),536
352820,하이브,엔터테인먼트,128
173940,에프엔씨엔터,엔터테인먼트,128
458350,에스팀,엔터테인먼트,128
131100,티엔엔터테인먼트,엔터테인먼트,128
036420,콘텐트리중앙,엔터테인먼트,128
043610,KT지니뮤직,엔터테인먼트,128
044480,빌리언스,엔터테인먼트,128
051780,큐로홀딩스,엔터테인먼트,128
046390,삼화네트웍스,엔터테인먼트,128
032800,판타지오,엔터테인먼트,128
012170,아센디오,엔터테인먼트,128
068050,팬엔터테인먼트,엔터테인먼트,128
361570,알비더블유,엔터테인먼트,128
200350,아티스트스튜디오,엔터테인먼트,128
041510,에스엠,엔터테인먼트,128
182360,큐브엔터,엔터테인먼트,128
048550,SM C&C,엔터테인먼트,128
032540,TJ미디어,엔터테인먼트,128
054780,키이스트,엔터테인먼트,128
160550,NEW,엔터테인먼트,128
473980,노머스,엔터테인먼트,128
122870,와이지엔터테인먼트,엔터테인먼트,128
950190,고스트스튜디오,엔터테인먼트,128
253450,스튜디오드래곤,엔터테인먼트,128
035720,카카오,엔터테인먼트,128
369370,블리츠웨이엔터테인먼트,엔터테인먼트,128
035760,CJ ENM,엔터테인먼트,128
047820,초록뱀미디어,엔터테인먼트,128
035900,JYP Ent.,엔터테인먼트,128
376300,디어유,엔터테인먼트,128
078860,스테이지원엔터,엔터테인먼트,128
023530,롯데쇼핑,홈쇼핑,38
007070,GS리테일,홈쇼핑,38
035760,CJ ENM,홈쇼핑,38
003240,태광산업,홈쇼핑,38
057050,현대홈쇼핑,홈쇼핑,38
356680,엑스게이트,보안주(정보),55
184230,SGA솔루션즈,보안주(정보),55
258790,소프트캠프,보안주(정보),55
170790,파이오링크,보안주(정보),55
042510,라온시큐어,보안주(정보),55
290560,파라택시스이더리움,보안주(정보),55
456010,아이씨티케이,보안주(정보),55
286750,나노실리칸첨단소재,보안주(정보),55
197140,디지캡,보안주(정보),55
275630,에스에스알,보안주(정보),55
333050,이노테나,보안주(정보),55
158430,아톤,보안주(정보),55
424760,벨로크,보안주(정보),55
049470,비트플래닛,보안주(정보),55
075130,플랜티넷,보안주(정보),55
079940,가비아,보안주(정보),55
208350,지란지교시큐리티,보안주(정보),55
434480,모니터랩,보안주(정보),55
067920,이글루,보안주(정보),55
053300,한국정보인증,보안주(정보),55
247660,나노씨엠에스,보안주(정보),55
136540,윈스테크넷,보안주(정보),55
263860,지니언스,보안주(정보),55
012750,에스원,보안주(정보),55
317120,라닉스,보안주(정보),55
356890,싸이버원,보안주(정보),55
411080,샌즈랩,보안주(정보),55
053350,이니텍,보안주(정보),55
038680,에스넷,보안주(정보),55
465480,인스피언,보안주(정보),55
192250,케이사인,보안주(정보),55
131090,시큐브,보안주(정보),55
214180,헥토이노베이션,보안주(정보),55
041460,한국전자인증,보안주(정보),55
050960,수산아이앤티,보안주(정보),55
047560,이스트소프트,보안주(정보),55
488280,에스투더블유,보안주(정보),55
391710,코닉오토메이션,보안주(정보),55
053800,안랩,보안주(정보),55
430690,한싹,보안주(정보),55
290270,휴네시온,보안주(정보),55
032190,다우데이타,보안주(정보),55
232830,아이티센피엔에스,보안주(정보),55
291810,핀텔,보안주(정보),55
049480,오픈베이스,보안주(정보),55
203650,드림시큐리티,보안주(정보),55
331740,아우토크립트,보안주(정보),55
150900,파수에이아이,보안주(정보),55
054920,한컴위드,보안주(정보),55
057680,티사이언티픽,보안주(정보),55
059090,미코,온실가스(탄소배출권)/탄소 포집·활용·저장(CCUS),152
448280,에코아이,온실가스(탄소배출권)/탄소 포집·활용·저장(CCUS),152
025750,한솔홈데코,온실가스(탄소배출권)/탄소 포집·활용·저장(CCUS),152
036170,에이치엠넥스,온실가스(탄소배출권)/탄소 포집·활용·저장(CCUS),152
008250,이건산업,온실가스(탄소배출권)/탄소 포집·활용·저장(CCUS),152
069260,TKG휴켐스,온실가스(탄소배출권)/탄소 포집·활용·저장(CCUS),152
004140,동방,온실가스(탄소배출권)/탄소 포집·활용·저장(CCUS),152
005090,SGC에너지,온실가스(탄소배출권)/탄소 포집·활용·저장(CCUS),152
083420,그린케미칼,온실가스(탄소배출권)/탄소 포집·활용·저장(CCUS),152
038870,에코심플렉스,온실가스(탄소배출권)/탄소 포집·활용·저장(CCUS),152
220260,켐트로스,온실가스(탄소배출권)/탄소 포집·활용·저장(CCUS),152
033530,SJG세종,온실가스(탄소배출권)/탄소 포집·활용·저장(CCUS),152
014830,유니드,온실가스(탄소배출권)/탄소 포집·활용·저장(CCUS),152
383310,에코프로에이치엔,온실가스(탄소배출권)/탄소 포집·활용·저장(CCUS),152
163280,에어레인,온실가스(탄소배출권)/탄소 포집·활용·저장(CCUS),152
086520,에코프로,온실가스(탄소배출권)/탄소 포집·활용·저장(CCUS),152
093370,후성,온실가스(탄소배출권)/탄소 포집·활용·저장(CCUS),152
203400,에이비온,코로나19(치료제/백신 개발 등),448
261780,차백신연구소,코로나19(치료제/백신 개발 등),448
101140,인바이오젠,코로나19(치료제/백신 개발 등),448
293780,압타바이오,코로나19(치료제/백신 개발 등),448
011000,진원생명과학,코로나19(치료제/백신 개발 등),448
038530,케이바이오랩스,코로나19(치료제/백신 개발 등),448
348080,큐라티스,코로나19(치료제/백신 개발 등),448
214370,케어젠,코로나19(치료제/백신 개발 등),448
153710,옵티팜,코로나19(치료제/백신 개발 등),448
217730,강스템바이오텍,코로나19(치료제/백신 개발 등),448
378800,샤페론,코로나19(치료제/백신 개발 등),448
185490,아이진,코로나19(치료제/백신 개발 등),448
302440,SK바이오사이언스,코로나19(치료제/백신 개발 등),448
299660,셀리드,코로나19(치료제/백신 개발 등),448
019170,신풍제약,코로나19(치료제/백신 개발 등),448
041960,코미팜,코로나19(치료제/백신 개발 등),448
032300,한국파마,코로나19(치료제/백신 개발 등),448
307750,국전,코로나19(치료제/백신 개발 등),448
109820,진매트릭스,코로나19(치료제/백신 개발 등),448
174900,앱클론,코로나19(치료제/백신 개발 등),448
206650,유바이오로직스,코로나19(치료제/백신 개발 등),448
256840,한국비엔씨,코로나19(치료제/백신 개발 등),448
001060,JW중외제약,코로나19(치료제/백신 개발 등),448
249420,일동제약,코로나19(치료제/백신 개발 등),448
007390,네이처셀,코로나19(치료제/백신 개발 등),448
087010,펩트론,코로나19(치료제/백신 개발 등),448
389470,인벤티지랩,코로나19(치료제/백신 개발 등),448
141080,리가켐바이오,코로나19(치료제/백신 개발 등),448
048410,현대바이오,코로나19(치료제/백신 개발 등),448
080470,성창오토텍,황사/미세먼지,19
037070,파세코,황사/미세먼지,19
045520,크린앤사이언스,황사/미세먼지,19
083550,케이엠,황사/미세먼지,19
187790,나노,황사/미세먼지,19
352700,씨앤투스,황사/미세먼지,19
065950,웰크론,황사/미세먼지,19
066130,하츠,황사/미세먼지,19
079190,케스피온,황사/미세먼지,19
001540,안국약품,황사/미세먼지,19
044340,위닉스,황사/미세먼지,19
071840,롯데하이마트,황사/미세먼지,19
003850,보령,황사/미세먼지,19
002720,국제약품,황사/미세먼지,19
021240,코웨이,황사/미세먼지,19
065510,휴비츠,황사/미세먼지,19
012690,모나리자,황사/미세먼지,19
000520,삼일제약,황사/미세먼지,19
069140,누리플랜,황사/미세먼지,19
001060,JW중외제약,황사/미세먼지,19
089980,상아프론테크,황사/미세먼지,19
068100,케이웨더,황사/미세먼지,19
022100,포스코DX,황사/미세먼지,19
383310,에코프로에이치엔,황사/미세먼지,19
131030,옵투스제약,황사/미세먼지,19
039830,오로라,캐릭터상품,45
317530,에피소드컴퍼니,캐릭터상품,45
066910,손오공,캐릭터상품,45
073570,리튬포어스,캐릭터상품,45
048910,대원미디어,캐릭터상품,45
369370,블리츠웨이엔터테인먼트,캐릭터상품,45
194480,데브시스터즈,캐릭터상품,45
403850,더핑크퐁컴퍼니,캐릭터상품,45
419530,SAMG엔터,캐릭터상품,45
017180,명문제약,낙태/피임,563
260660,알리코제약,낙태/피임,563
204840,지엘팜텍,낙태/피임,563
004310,현대약품,낙태/피임,563
000990,DB하이텍,밸류업(24년 기업가치 제고계획 발표),567
066570,LG전자,밸류업(24년 기업가치 제고계획 발표),567
001430,세아베스틸지주,밸류업(24년 기업가치 제고계획 발표),567
267250,HD현대,밸류업(24년 기업가치 제고계획 발표),567
047050,포스코인터내셔널,밸류업(24년 기업가치 제고계획 발표),567
453340,현대그린푸드,밸류업(24년 기업가치 제고계획 발표),567
330590,롯데리츠,밸류업(24년 기업가치 제고계획 발표),567
402340,SK스퀘어,밸류업(24년 기업가치 제고계획 발표),567
033780,KT&G,밸류업(24년 기업가치 제고계획 발표),567
003550,LG,밸류업(24년 기업가치 제고계획 발표),567
175330,JB금융지주,밸류업(24년 기업가치 제고계획 발표),567
023530,롯데쇼핑,밸류업(24년 기업가치 제고계획 발표),567
030200,KT,밸류업(24년 기업가치 제고계획 발표),567
086790,하나금융지주,밸류업(24년 기업가치 제고계획 발표),567
089860,롯데렌탈,밸류업(24년 기업가치 제고계획 발표),567
139130,iM금융지주,밸류업(24년 기업가치 제고계획 발표),567
006040,동원산업,밸류업(24년 기업가치 제고계획 발표),567
024110,기업은행,밸류업(24년 기업가치 제고계획 발표),567
004170,신세계,밸류업(24년 기업가치 제고계획 발표),567
035600,KG이니시스,밸류업(24년 기업가치 제고계획 발표),567
035250,강원랜드,밸류업(24년 기업가치 제고계획 발표),567
034730,SK,밸류업(24년 기업가치 제고계획 발표),567
105560,KB금융,밸류업(24년 기업가치 제고계획 발표),567
055550,신한지주,밸류업(24년 기업가치 제고계획 발표),567
071320,지역난방공사,밸류업(24년 기업가치 제고계획 발표),567
051900,LG생활건강,밸류업(24년 기업가치 제고계획 발표),567
058650,세아홀딩스,밸류업(24년 기업가치 제고계획 발표),567
037710,광주신세계,밸류업(24년 기업가치 제고계획 발표),567
017800,현대엘리베이터,밸류업(24년 기업가치 제고계획 발표),567
316140,우리금융지주,밸류업(24년 기업가치 제고계획 발표),567
017670,SK텔레콤,밸류업(24년 기업가치 제고계획 발표),567
000660,SK하이닉스,밸류업(24년 기업가치 제고계획 발표),567
095340,ISC,밸류업(24년 기업가치 제고계획 발표),567
267260,HD현대일렉트릭,밸류업(24년 기업가치 제고계획 발표),567
138930,BNK금융지주,밸류업(24년 기업가치 제고계획 발표),567
329180,HD현대중공업,밸류업(24년 기업가치 제고계획 발표),567
091700,파트론,밸류업(24년 기업가치 제고계획 발표),567
064850,에프앤가이드,밸류업(24년 기업가치 제고계획 발표),567
008930,한미사이언스,밸류업(24년 기업가치 제고계획 발표),567
323410,카카오뱅크,밸류업(24년 기업가치 제고계획 발표),567
286940,롯데이노베이트,밸류업(24년 기업가치 제고계획 발표),567
005300,롯데칠성,밸류업(24년 기업가치 제고계획 발표),567
006840,AK홀딩스,밸류업(24년 기업가치 제고계획 발표),567
280360,롯데웰푸드,밸류업(24년 기업가치 제고계획 발표),567
071840,롯데하이마트,밸류업(24년 기업가치 제고계획 발표),567
443060,HD현대마린솔루션,밸류업(24년 기업가치 제고계획 발표),567
001740,SK네트웍스,밸류업(24년 기업가치 제고계획 발표),567
089590,제주항공,밸류업(24년 기업가치 제고계획 발표),567
032640,LG유플러스,밸류업(24년 기업가치 제고계획 발표),567
034220,LG디스플레이,밸류업(24년 기업가치 제고계획 발표),567
234300,에스트래픽,밸류업(24년 기업가치 제고계획 발표),567
005490,POSCO홀딩스,밸류업(24년 기업가치 제고계획 발표),567
010130,고려아연,밸류업(24년 기업가치 제고계획 발표),567
000100,유한양행,밸류업(24년 기업가치 제고계획 발표),567
060980,HL홀딩스,밸류업(24년 기업가치 제고계획 발표),567
138040,메리츠금융지주,밸류업(24년 기업가치 제고계획 발표),567
024720,콜마홀딩스,밸류업(24년 기업가치 제고계획 발표),567
192650,드림텍,밸류업(24년 기업가치 제고계획 발표),567
003490,대한항공,밸류업(24년 기업가치 제고계획 발표),567
009540,HD한국조선해양,밸류업(24년 기업가치 제고계획 발표),567
096770,SK이노베이션,밸류업(24년 기업가치 제고계획 발표),567
004990,롯데지주,밸류업(24년 기업가치 제고계획 발표),567
052690,한전기술,밸류업(24년 기업가치 제고계획 발표),567
051910,LG화학,밸류업(24년 기업가치 제고계획 발표),567
373220,LG에너지솔루션,밸류업(24년 기업가치 제고계획 발표),567
069960,현대백화점,밸류업(24년 기업가치 제고계획 발표),567
020000,한섬,밸류업(24년 기업가치 제고계획 발표),567
031430,신세계인터내셔날,밸류업(24년 기업가치 제고계획 발표),567
272290,이녹스첨단소재,밸류업(24년 기업가치 제고계획 발표),567
016610,DB증권,밸류업(24년 기업가치 제고계획 발표),567
023160,태광,밸류업(24년 기업가치 제고계획 발표),567
002790,아모레퍼시픽홀딩스,밸류업(24년 기업가치 제고계획 발표),567
012330,현대모비스,밸류업(24년 기업가치 제고계획 발표),567
011070,LG이노텍,밸류업(24년 기업가치 제고계획 발표),567
000270,기아,밸류업(24년 기업가치 제고계획 발표),567
241560,두산밥캣,밸류업(24년 기업가치 제고계획 발표),567
036620,감성코퍼레이션,밸류업(24년 기업가치 제고계획 발표),567
003670,포스코퓨처엠,밸류업(24년 기업가치 제고계획 발표),567
195940,HK이노엔,밸류업(24년 기업가치 제고계획 발표),567
003470,유안타증권,밸류업(24년 기업가치 제고계획 발표),567
018250,애경산업,밸류업(24년 기업가치 제고계획 발표),567
032190,다우데이타,밸류업(24년 기업가치 제고계획 발표),567
005440,현대지에프홀딩스,밸류업(24년 기업가치 제고계획 발표),567
006800,미래에셋증권,밸류업(24년 기업가치 제고계획 발표),567
090430,아모레퍼시픽,밸류업(24년 기업가치 제고계획 발표),567
005380,현대차,밸류업(24년 기업가치 제고계획 발표),567
086280,현대글로비스,밸류업(24년 기업가치 제고계획 발표),567
039490,키움증권,밸류업(24년 기업가치 제고계획 발표),567
267270,HD건설기계,밸류업(24년 기업가치 제고계획 발표),567
263020,디케이앤디,밸류업(24년 기업가치 제고계획 발표),567
161000,애경케미칼,밸류업(24년 기업가치 제고계획 발표),567
003100,선광,종합 물류,141
014130,한익스프레스,종합 물류,141
033290,로젠,종합 물류,141
040610,SG&G,종합 물류,141
024800,유성티엔에스,종합 물류,141
009180,한솔로지스틱스,종합 물류,141
000120,CJ대한통운,종합 물류,141
004140,동방,종합 물류,141
002320,한진,종합 물류,141
129260,인터지스,종합 물류,141
124560,태웅로직스,종합 물류,141
009070,KCTC,종합 물류,141
004360,세방,종합 물류,141
032280,삼일,종합 물류,141
086280,현대글로비스,종합 물류,141
465770,STX그린로지스,종합 물류,141
077360,덕산하이메탈,우주항공산업(누리호/인공위성 등),200
347700,스피어,우주항공산업(누리호/인공위성 등),200
001430,세아베스틸지주,우주항공산업(누리호/인공위성 등),200
007660,이수페타시스,우주항공산업(누리호/인공위성 등),200
064350,현대로템,우주항공산업(누리호/인공위성 등),200
047810,한국항공우주,우주항공산업(누리호/인공위성 등),200
462350,이노스페이스,우주항공산업(누리호/인공위성 등),200
000880,한화,우주항공산업(누리호/인공위성 등),200
321370,센서뷰,우주항공산업(누리호/인공위성 등),200
368770,파이버프로,우주항공산업(누리호/인공위성 등),200
012450,한화에어로스페이스,우주항공산업(누리호/인공위성 등),200
272210,한화시스템,우주항공산업(누리호/인공위성 등),200
295310,에이치브이엠,우주항공산업(누리호/인공위성 등),200
354320,알멕,우주항공산업(누리호/인공위성 등),200
474170,루미르,우주항공산업(누리호/인공위성 등),200
451760,컨텍,우주항공산업(누리호/인공위성 등),200
056190,에스에프에이,우주항공산업(누리호/인공위성 등),200
044490,태웅,우주항공산업(누리호/인공위성 등),200
030520,한글과컴퓨터,우주항공산업(누리호/인공위성 등),200
003490,대한항공,우주항공산업(누리호/인공위성 등),200
211270,AP위성,우주항공산업(누리호/인공위성 등),200
042370,비츠로테크,우주항공산업(누리호/인공위성 등),200
294630,서남,우주항공산업(누리호/인공위성 등),200
079550,LIG디펜스앤에어로스페이스,우주항공산업(누리호/인공위성 등),200
010820,퍼스텍,우주항공산업(누리호/인공위성 등),200
225190,LK삼양,우주항공산업(누리호/인공위성 등),200
272290,이녹스첨단소재,우주항공산업(누리호/인공위성 등),200
361390,제노코,우주항공산업(누리호/인공위성 등),200
189300,인텔리안테크,우주항공산업(누리호/인공위성 등),200
089980,상아프론테크,우주항공산업(누리호/인공위성 등),200
488900,비츠로넥스텍,우주항공산업(누리호/인공위성 등),200
045100,한양이엔지,우주항공산업(누리호/인공위성 등),200
274090,켄코아에어로스페이스,우주항공산업(누리호/인공위성 등),200
478340,나라스페이스테크놀로지,우주항공산업(누리호/인공위성 등),200
099320,쎄트렉아이,우주항공산업(누리호/인공위성 등),200
066570,LG전자,공기청정기,112
045520,크린앤사이언스,공기청정기,112
002700,신일전자,공기청정기,112
352700,씨앤투스,공기청정기,112
044340,위닉스,공기청정기,112
021240,코웨이,공기청정기,112
284740,쿠쿠홈시스,공기청정기,112
058610,에스피지,공기청정기,112
005930,삼성전자,공기청정기,112
067170,오텍,공기청정기,112
068100,케이웨더,공기청정기,112
043260,성호전자,공기청정기,112
025770,한국정보통신,면세점,380
004170,신세계,면세점,380
950170,JTC,면세점,380
204620,글로벌텍스프리,면세점,380
214420,토니모리,면세점,380
012630,HDC,면세점,380
069960,현대백화점,면세점,380
008770,호텔신라,면세점,380
004150,한솔홀딩스,폐기물처리,197
011370,서한,폐기물처리,197
060150,인선이엔티,폐기물처리,197
067900,와이엔텍,폐기물처리,197
009410,태영건설,폐기물처리,197
065450,빅텍,자전거,210
123750,알톤,자전거,210
024950,삼천리자전거,자전거,210
205100,엑셈,인터넷은행,343
042510,라온시큐어,인터넷은행,343
131370,알서포트,인터넷은행,343
030200,KT,인터넷은행,343
035600,KG이니시스,인터넷은행,343
053280,예스24,인터넷은행,343
100030,인지소프트,인터넷은행,343
105560,KB금융,인터넷은행,343
067920,이글루,인터넷은행,343
053300,한국정보인증,인터넷은행,343
007070,GS리테일,인터넷은행,343
090850,현대이지웰,인터넷은행,343
323410,카카오뱅크,인터넷은행,343
279570,케이뱅크,인터넷은행,343
016450,한세예스24홀딩스,인터넷은행,343
053350,이니텍,인터넷은행,343
064480,브리지텍,인터넷은행,343
131090,시큐브,인터넷은행,343
115310,인포바인,인터넷은행,343
041460,한국전자인증,인터넷은행,343
030190,NICE평가정보,인터넷은행,343
046440,KG파이낸셜,인터넷은행,343
035720,카카오,인터넷은행,343
052400,코나아이,인터넷은행,343
039290,인포뱅크,인터넷은행,343
005940,NH투자증권,인터넷은행,343
071050,한국금융지주,인터넷은행,343
088350,한화생명,인터넷은행,343
022100,포스코DX,인터넷은행,343
203650,드림시큐리티,인터넷은행,343
054920,한컴위드,인터넷은행,343
432720,퀄리타스반도체,자율주행차,362
066570,LG전자,자율주행차,362
025540,한국단자,자율주행차,362
053450,세코닉스,자율주행차,362
025440,DH오토웨어,자율주행차,362
352910,오비고,자율주행차,362
030200,KT,자율주행차,362
009150,삼성전기,자율주행차,362
050110,캠시스,자율주행차,362
087260,모바일어플라이언스,자율주행차,362
086960,MDS테크,자율주행차,362
092600,앤씨앤,자율주행차,362
064800,포니링크,자율주행차,362
094360,칩스앤미디어,자율주행차,362
105550,엣지파운드리,자율주행차,362
017670,SK텔레콤,자율주행차,362
000660,SK하이닉스,자율주행차,362
084730,팅크웨어,자율주행차,362
054450,텔레칩스,자율주행차,362
388790,라이콤,자율주행차,362
370090,퓨런티어,자율주행차,362
317120,라닉스,자율주행차,362
013570,디와이,자율주행차,362
077500,유니퀘스트,자율주행차,362
082210,옵트론텍,자율주행차,362
088800,에이스테크,자율주행차,362
118990,모트렉스,자율주행차,362
056080,유진로봇,자율주행차,362
204320,HL만도,자율주행차,362
464080,에스오에스랩,자율주행차,362
424960,스마트레이더시스템,자율주행차,362
123410,코리아에프티,자율주행차,362
003620,KG모빌리티,자율주행차,362
038950,파인디지털,자율주행차,362
071670,에이테크솔루션,자율주행차,362
208860,다산디엠씨,자율주행차,362
192650,드림텍,자율주행차,362
298830,슈어소프트테크,자율주행차,362
142210,유니트론텍,자율주행차,362
039290,인포뱅크,자율주행차,362
005930,삼성전자,자율주행차,362
396270,넥스트칩,자율주행차,362
053700,삼보모터스,자율주행차,362
097520,엠씨넥스,자율주행차,362
012330,현대모비스,자율주행차,362
011070,LG이노텍,자율주행차,362
000270,기아,자율주행차,362
437730,삼현,자율주행차,362
271830,팸텍,자율주행차,362
125490,한라캐스트,자율주행차,362
126700,하이비젼시스템,자율주행차,362
035420,NAVER,자율주행차,362
005380,현대차,자율주행차,362
307950,현대오토에버,자율주행차,362
331740,아우토크립트,자율주행차,362
214430,아이쓰리시스템,자율주행차,362
038880,아이에이,자율주행차,362
089010,켐트로닉스,자율주행차,362
089890,코세스,플렉서블 디스플레이,382
038060,루멘스,플렉서블 디스플레이,382
484120,도우인시스,플렉서블 디스플레이,382
179900,유티아이,플렉서블 디스플레이,382
141000,비아트론,플렉서블 디스플레이,382
036930,주성엔지니어링,플렉서블 디스플레이,382
079810,APS이노베이션,플렉서블 디스플레이,382
265520,AP시스템,플렉서블 디스플레이,382
131760,파인텍,플렉서블 디스플레이,382
297890,HB솔루션,플렉서블 디스플레이,382
251630,브이원텍,플렉서블 디스플레이,382
059100,아이컴포넌트,플렉서블 디스플레이,382
034220,LG디스플레이,플렉서블 디스플레이,382
012610,경인양행,플렉서블 디스플레이,382
056190,에스에프에이,플렉서블 디스플레이,382
005930,삼성전자,플렉서블 디스플레이,382
161580,필옵틱스,플렉서블 디스플레이,382
178920,PI첨단소재,플렉서블 디스플레이,382
051370,인터플렉스,플렉서블 디스플레이,382
213420,덕산네오룩스,플렉서블 디스플레이,382
011790,SKC,플렉서블 디스플레이,382
068790,DMS,플렉서블 디스플레이,382
290520,신도기연,플렉서블 디스플레이,382
120110,코오롱인더,플렉서블 디스플레이,382
469610,이노테크,플렉서블 디스플레이,382
094170,동운아나텍,폴더블폰,404
484120,도우인시스,폴더블폰,404
179900,유티아이,폴더블폰,404
009150,삼성전기,폴더블폰,404
285490,노바텍,폴더블폰,404
027580,상보,폴더블폰,404
131760,파인텍,폴더블폰,404
096630,에스코넥,폴더블폰,404
441270,파인엠텍,폴더블폰,404
148150,세경하이테크,폴더블폰,404
034220,LG디스플레이,폴더블폰,404
060720,KH바텍,폴더블폰,404
014190,원익큐브,폴더블폰,404
090460,비에이치,폴더블폰,404
005930,삼성전자,폴더블폰,404
051910,LG화학,폴더블폰,404
272290,이녹스첨단소재,폴더블폰,404
178920,PI첨단소재,폴더블폰,404
051370,인터플렉스,폴더블폰,404
290550,디케이티,폴더블폰,404
011790,SKC,폴더블폰,404
055490,테이팩스,폴더블폰,404
120110,코오롱인더,폴더블폰,404
089010,켐트로닉스,폴더블폰,404
006890,태경케미컬,마켓컬리(kurly),481
025880,케이씨피드,마켓컬리(kurly),481
189980,흥국에프엔비,마켓컬리(kurly),481
103840,우양,마켓컬리(kurly),481
051160,지어소프트,마켓컬리(kurly),481
067010,이씨에스,마켓컬리(kurly),481
001740,SK네트웍스,마켓컬리(kurly),481
036580,팜스코,마켓컬리(kurly),481
241520,DSC인베스트먼트,마켓컬리(kurly),481
100790,미래에셋벤처투자,마켓컬리(kurly),481
301300,바이브컴퍼니,AI 챗봇(챗GPT 등),529
007660,이수페타시스,AI 챗봇(챗GPT 등),529
205100,엑셈,AI 챗봇(챗GPT 등),529
072130,유엔젤,AI 챗봇(챗GPT 등),529
333050,이노테나,AI 챗봇(챗GPT 등),529
060850,영림원소프트랩,AI 챗봇(챗GPT 등),529
377480,마음AI,AI 챗봇(챗GPT 등),529
204620,글로벌텍스프리,AI 챗봇(챗GPT 등),529
279600,미디어젠,AI 챗봇(챗GPT 등),529
466410,사이냅소프트,AI 챗봇(챗GPT 등),529
263800,데이타솔루션,AI 챗봇(챗GPT 등),529
064480,브리지텍,AI 챗봇(챗GPT 등),529
096250,와이즈넛,AI 챗봇(챗GPT 등),529
443670,에스피소프트,AI 챗봇(챗GPT 등),529
450520,인스웨이브,AI 챗봇(챗GPT 등),529
300080,플리토,AI 챗봇(챗GPT 등),529
030520,한글과컴퓨터,AI 챗봇(챗GPT 등),529
035720,카카오,AI 챗봇(챗GPT 등),529
047560,이스트소프트,AI 챗봇(챗GPT 등),529
018260,삼성에스디에스,AI 챗봇(챗GPT 등),529
402030,코난테크놀로지,AI 챗봇(챗GPT 등),529
039290,인포뱅크,AI 챗봇(챗GPT 등),529
108860,셀바스AI,AI 챗봇(챗GPT 등),529
099390,브레인즈컴퍼니,AI 챗봇(챗GPT 등),529
357880,SKAI,AI 챗봇(챗GPT 등),529
304100,솔트룩스,AI 챗봇(챗GPT 등),529
039980,폴라리스AI,AI 챗봇(챗GPT 등),529
417970,모델솔루션,AI 챗봇(챗GPT 등),529
041020,폴라리스오피스,AI 챗봇(챗GPT 등),529
035420,NAVER,AI 챗봇(챗GPT 등),529
078160,메디포스트,제대혈,124
217730,강스템바이오텍,제대혈,124
006280,녹십자,제대혈,124
085660,차바이오텍,제대혈,124
144510,지씨셀,제대혈,124
082920,비츠로셀,스마트그리드(지능형전력망),229
103590,일진전기,스마트그리드(지능형전력망),229
006490,인스코비,스마트그리드(지능형전력망),229
010120,LS ELECTRIC,스마트그리드(지능형전력망),229
125210,아모그린텍,스마트그리드(지능형전력망),229
054220,비츠로시스,스마트그리드(지능형전력망),229
065770,CS,스마트그리드(지능형전력망),229
015710,코콤,스마트그리드(지능형전력망),229
015860,일진홀딩스,스마트그리드(지능형전력망),229
057540,옴니시스템,스마트그리드(지능형전력망),229
040160,누리플렉스,스마트그리드(지능형전력망),229
189860,서전기전,스마트그리드(지능형전력망),229
130660,한전산업,스마트그리드(지능형전력망),229
388050,지투파워,스마트그리드(지능형전력망),229
002230,피에스텍,스마트그리드(지능형전력망),229
052860,아이앤씨,스마트그리드(지능형전력망),229
099440,스맥,스마트그리드(지능형전력망),229
022100,포스코DX,스마트그리드(지능형전력망),229
001820,삼화콘덴서,스마트그리드(지능형전력망),229
237750,피앤씨테크,스마트그리드(지능형전력망),229
078890,가온그룹,음성인식,302
015710,코콤,음성인식,302
091700,파트론,음성인식,302
039010,현대에이치티,음성인식,302
279600,미디어젠,음성인식,302
064480,브리지텍,음성인식,302
038950,파인디지털,음성인식,302
035720,카카오,음성인식,302
108860,셀바스AI,음성인식,302
012330,현대모비스,음성인식,302
035420,NAVER,음성인식,302
490470,세미파이브,2025 하반기 신규상장,583
463020,뉴엔AI,2025 하반기 신규상장,583
484120,도우인시스,2025 하반기 신규상장,583
456160,지투지바이오,2025 하반기 신규상장,583
061090,세나테크놀로지,2025 하반기 신규상장,583
085310,비엔케이제3호스팩,2025 하반기 신규상장,583
342870,오아,2025 하반기 신규상장,583
439260,대한조선,2025 하반기 신규상장,583
234030,싸이닉솔루션,2025 하반기 신규상장,583
466690,키움히어로제1호스팩,2025 하반기 신규상장,583
397810,애드포러스,2025 하반기 신규상장,583
486990,노타,2025 하반기 신규상장,583
317450,명인제약,2025 하반기 신규상장,583
484590,삼양컴텍,2025 하반기 신규상장,583
491000,리브스메드,2025 하반기 신규상장,583
217590,티엠씨,2025 하반기 신규상장,583
032750,삼진식품,2025 하반기 신규상장,583
476830,알지노믹스,2025 하반기 신규상장,583
475230,엔알비,2025 하반기 신규상장,583
462310,뉴키즈온,2025 하반기 신규상장,583
014950,삼익제약,2025 하반기 신규상장,583
488280,에스투더블유,2025 하반기 신규상장,583
950250,테라뷰,2025 하반기 신규상장,583
380550,뉴로핏,2025 하반기 신규상장,583
459550,알트,2025 하반기 신규상장,583
388210,씨엠티엑스,2025 하반기 신규상장,583
464490,쿼드메디슨,2025 하반기 신규상장,583
261520,이지스,2025 하반기 신규상장,583
012210,삼미금속,2025 하반기 신규상장,583
488900,비츠로넥스텍,2025 하반기 신규상장,583
125490,한라캐스트,2025 하반기 신규상장,583
403850,더핑크퐁컴퍼니,2025 하반기 신규상장,583
478340,나라스페이스테크놀로지,2025 하반기 신규상장,583
331740,아우토크립트,2025 하반기 신규상장,583
333620,에스엔시스,2025 하반기 신규상장,583
318060,그래피,2025 하반기 신규상장,583
469610,이노테크,2025 하반기 신규상장,583
494120,큐리오시스,2025 하반기 신규상장,583
468530,프로티나,2025 하반기 신규상장,583
255220,SG,시멘트/레미콘,44
038500,삼표시멘트,시멘트/레미콘,44
037760,쎄니트,시멘트/레미콘,44
300720,한일시멘트,시멘트/레미콘,44
225530,HC보광산업,시멘트/레미콘,44
198440,강동씨앤엘,시멘트/레미콘,44
001520,동양,시멘트/레미콘,44
023410,유진기업,시멘트/레미콘,44
006920,모헨즈,시멘트/레미콘,44
000910,유니온,시멘트/레미콘,44
011390,부산산업,시멘트/레미콘,44
079650,서산,시멘트/레미콘,44
183190,아세아시멘트,시멘트/레미콘,44
004980,성신양회,시멘트/레미콘,44
060560,HC홈센타,시멘트/레미콘,44
104200,NHN벅스,모바일콘텐츠(스마트폰/태블릿PC),270
057030,YBM넷,모바일콘텐츠(스마트폰/태블릿PC),270
402340,SK스퀘어,모바일콘텐츠(스마트폰/태블릿PC),270
030200,KT,모바일콘텐츠(스마트폰/태블릿PC),270
043610,KT지니뮤직,모바일콘텐츠(스마트폰/태블릿PC),270
417180,핑거스토리,모바일콘텐츠(스마트폰/태블릿PC),270
189690,포시에스,모바일콘텐츠(스마트폰/태블릿PC),270
075130,플랜티넷,모바일콘텐츠(스마트폰/태블릿PC),270
040300,YTN,모바일콘텐츠(스마트폰/태블릿PC),270
418470,KT밀리의서재,모바일콘텐츠(스마트폰/태블릿PC),270
036030,케이티알파,모바일콘텐츠(스마트폰/태블릿PC),270
263720,디앤씨미디어,모바일콘텐츠(스마트폰/태블릿PC),270
207760,미스터블루,모바일콘텐츠(스마트폰/태블릿PC),270
068290,삼성출판사,모바일콘텐츠(스마트폰/태블릿PC),270
042420,네오위즈홀딩스,모바일콘텐츠(스마트폰/태블릿PC),270
063080,컴투스홀딩스,모바일콘텐츠(스마트폰/태블릿PC),270
032540,TJ미디어,모바일콘텐츠(스마트폰/태블릿PC),270
214180,헥토이노베이션,모바일콘텐츠(스마트폰/태블릿PC),270
208860,다산디엠씨,모바일콘텐츠(스마트폰/태블릿PC),270
046440,KG파이낸셜,모바일콘텐츠(스마트폰/태블릿PC),270
078340,컴투스,모바일콘텐츠(스마트폰/태블릿PC),270
030520,한글과컴퓨터,모바일콘텐츠(스마트폰/태블릿PC),270
035720,카카오,모바일콘텐츠(스마트폰/태블릿PC),270
039290,인포뱅크,모바일콘텐츠(스마트폰/태블릿PC),270
289220,자이언트스텝,모바일콘텐츠(스마트폰/태블릿PC),270
108860,셀바스AI,모바일콘텐츠(스마트폰/태블릿PC),270
020120,키다리스튜디오,모바일콘텐츠(스마트폰/태블릿PC),270
064260,다날,모바일콘텐츠(스마트폰/태블릿PC),270
041020,폴라리스오피스,모바일콘텐츠(스마트폰/태블릿PC),270
035420,NAVER,모바일콘텐츠(스마트폰/태블릿PC),270
054920,한컴위드,모바일콘텐츠(스마트폰/태블릿PC),270
057680,티사이언티픽,모바일콘텐츠(스마트폰/태블릿PC),270
023790,동일스틸럭스,조선,30
042660,한화오션,조선,30
329180,HD현대중공업,조선,30
439260,대한조선,조선,30
010140,삼성중공업,조선,30
009540,HD한국조선해양,조선,30
097230,HJ중공업,조선,30
203400,에이비온,코로나19(진단/치료제/백신 개발 등),436
261780,차백신연구소,코로나19(진단/치료제/백신 개발 등),436
101140,인바이오젠,코로나19(진단/치료제/백신 개발 등),436
293780,압타바이오,코로나19(진단/치료제/백신 개발 등),436
011000,진원생명과학,코로나19(진단/치료제/백신 개발 등),436
221800,지구홀딩스,코로나19(진단/치료제/백신 개발 등),436
137310,에스디바이오센서,코로나19(진단/치료제/백신 개발 등),436
286750,나노실리칸첨단소재,코로나19(진단/치료제/백신 개발 등),436
004720,팜젠사이언스,코로나19(진단/치료제/백신 개발 등),436
053980,오상자이엘,코로나19(진단/치료제/백신 개발 등),436
187420,HLB제넥스,코로나19(진단/치료제/백신 개발 등),436
060590,씨티씨바이오,코로나19(진단/치료제/백신 개발 등),436
038530,케이바이오랩스,코로나19(진단/치료제/백신 개발 등),436
118000,메타케어,코로나19(진단/치료제/백신 개발 등),436
363250,진시스템,코로나19(진단/치료제/백신 개발 등),436
205470,휴마시스,코로나19(진단/치료제/백신 개발 등),436
238120,얼라인드,코로나19(진단/치료제/백신 개발 등),436
335810,프리시젼바이오,코로나19(진단/치료제/백신 개발 등),436
348080,큐라티스,코로나19(진단/치료제/백신 개발 등),436
377740,바이오노트,코로나19(진단/치료제/백신 개발 등),436
200780,비씨월드제약,코로나19(진단/치료제/백신 개발 등),436
214370,케어젠,코로나19(진단/치료제/백신 개발 등),436
003090,대웅,코로나19(진단/치료제/백신 개발 등),436
127120,제이에스링크,코로나19(진단/치료제/백신 개발 등),436
206640,바디텍메드,코로나19(진단/치료제/백신 개발 등),436
069620,대웅제약,코로나19(진단/치료제/백신 개발 등),436
153710,옵티팜,코로나19(진단/치료제/백신 개발 등),436
317690,퀀타매트릭스,코로나19(진단/치료제/백신 개발 등),436
217730,강스템바이오텍,코로나19(진단/치료제/백신 개발 등),436
243070,휴온스,코로나19(진단/치료제/백신 개발 등),436
378800,샤페론,코로나19(진단/치료제/백신 개발 등),436
185490,아이진,코로나19(진단/치료제/백신 개발 등),436
038290,마크로젠,코로나19(진단/치료제/백신 개발 등),436
302440,SK바이오사이언스,코로나19(진단/치료제/백신 개발 등),436
185750,종근당,코로나19(진단/치료제/백신 개발 등),436
299660,셀리드,코로나19(진단/치료제/백신 개발 등),436
311690,CJ 바이오사이언스,코로나19(진단/치료제/백신 개발 등),436
142280,녹십자엠에스,코로나19(진단/치료제/백신 개발 등),436
036220,오상헬스케어,코로나19(진단/치료제/백신 개발 등),436
038460,바이오스마트,코로나19(진단/치료제/백신 개발 등),436
271980,제일약품,코로나19(진단/치료제/백신 개발 등),436
289080,SV인베스트먼트,코로나19(진단/치료제/백신 개발 등),436
019170,신풍제약,코로나19(진단/치료제/백신 개발 등),436
225220,제놀루션,코로나19(진단/치료제/백신 개발 등),436
096530,씨젠,코로나19(진단/치료제/백신 개발 등),436
950130,엑세스바이오,코로나19(진단/치료제/백신 개발 등),436
192650,드림텍,코로나19(진단/치료제/백신 개발 등),436
048870,시너지이노베이션,코로나19(진단/치료제/백신 개발 등),436
032300,한국파마,코로나19(진단/치료제/백신 개발 등),436
041960,코미팜,코로나19(진단/치료제/백신 개발 등),436
307750,국전,코로나19(진단/치료제/백신 개발 등),436
109820,진매트릭스,코로나19(진단/치료제/백신 개발 등),436
253840,수젠텍,코로나19(진단/치료제/백신 개발 등),436
174900,앱클론,코로나19(진단/치료제/백신 개발 등),436
354200,엔젠바이오,코로나19(진단/치료제/백신 개발 등),436
206650,유바이오로직스,코로나19(진단/치료제/백신 개발 등),436
256840,한국비엔씨,코로나19(진단/치료제/백신 개발 등),436
001060,JW중외제약,코로나19(진단/치료제/백신 개발 등),436
084650,랩지노믹스,코로나19(진단/치료제/백신 개발 등),436
950200,소마젠,코로나19(진단/치료제/백신 개발 등),436
249420,일동제약,코로나19(진단/치료제/백신 개발 등),436
228760,지노믹트리,코로나19(진단/치료제/백신 개발 등),436
007390,네이처셀,코로나19(진단/치료제/백신 개발 등),436
064550,바이오니아,코로나19(진단/치료제/백신 개발 등),436
048530,인트론바이오,코로나19(진단/치료제/백신 개발 등),436
087010,펩트론,코로나19(진단/치료제/백신 개발 등),436
389470,인벤티지랩,코로나19(진단/치료제/백신 개발 등),436
141080,리가켐바이오,코로나19(진단/치료제/백신 개발 등),436
331920,셀레믹스,코로나19(진단/치료제/백신 개발 등),436
039860,나노엔텍,코로나19(진단/치료제/백신 개발 등),436
305090,마이크로디지탈,코로나19(진단/치료제/백신 개발 등),436
048410,현대바이오,코로나19(진단/치료제/백신 개발 등),436
005690,파미셀,코로나19(진단/치료제/백신 개발 등),436
004720,팜젠사이언스,마이코플라스마 폐렴,546
011040,경동제약,마이코플라스마 폐렴,546
058110,멕아이씨에스,마이코플라스마 폐렴,546
180400,DXVX,마이코플라스마 폐렴,546
330350,위더스제약,마이코플라스마 폐렴,546
002720,국제약품,마이코플라스마 폐렴,546
229000,젠큐릭스,마이코플라스마 폐렴,546
950130,엑세스바이오,마이코플라스마 폐렴,546
307750,국전,마이코플라스마 폐렴,546
253840,수젠텍,마이코플라스마 폐렴,546
009290,광동제약,마이코플라스마 폐렴,546
048530,인트론바이오,마이코플라스마 폐렴,546
041910,폴라리스AI파마,제약업체,172
018680,서울제약,제약업체,172
009300,삼아제약,제약업체,172
016580,환인제약,제약업체,172
004720,팜젠사이언스,제약업체,172
011040,경동제약,제약업체,172
007370,진양제약,제약업체,172
314140,알피바이오,제약업체,172
061250,화일약품,제약업체,172
017180,명문제약,제약업체,172
003060,에이프로젠바이오로직스,제약업체,172
053950,경남제약,제약업체,172
054670,대한뉴팜,제약업체,172
066700,테라젠이텍스,제약업체,172
207940,삼성바이오로직스,제약업체,172
012790,신일제약,제약업체,172
200780,비씨월드제약,제약업체,172
291650,압타머사이언스,제약업체,172
000020,동화약품,제약업체,172
001540,안국약품,제약업체,172
334970,프레스티지바이오로직스,제약업체,172
003220,대원제약,제약업체,172
069620,대웅제약,제약업체,172
006620,동구바이오제약,제약업체,172
002800,신신제약,제약업체,172
000220,유유제약,제약업체,172
260660,알리코제약,제약업체,172
293480,하나제약,제약업체,172
243070,휴온스,제약업체,172
170900,동아에스티,제약업체,172
003520,영진약품,제약업체,172
204840,지엘팜텍,제약업체,172
023910,대한약품,제약업체,172
106190,하이텍팜,제약업체,172
200230,텔콘RF제약,제약업체,172
014570,고려제약,제약업체,172
234080,JW생명과학,제약업체,172
302440,SK바이오사이언스,제약업체,172
185750,종근당,제약업체,172
003850,보령,제약업체,172
317450,명인제약,제약업체,172
330350,위더스제약,제약업체,172
950210,프레스티지바이오파마,제약업체,172
002720,국제약품,제약업체,172
005500,삼진제약,제약업체,172
006280,녹십자,제약업체,172
003120,일성아이에스,제약업체,172
067080,대화제약,제약업체,172
058820,CMG제약,제약업체,172
033270,유나이티드제약,제약업체,172
000100,유한양행,제약업체,172
007570,일양약품,제약업체,172
214390,경보제약,제약업체,172
002390,한독,제약업체,172
082800,비보존 제약,제약업체,172
271980,제일약품,제약업체,172
019170,신풍제약,제약업체,172
326030,SK바이오팜,제약업체,172
034940,조아제약,제약업체,172
032300,한국파마,제약업체,172
067290,JW신약,제약업체,172
000640,동아쏘시오홀딩스,제약업체,172
299170,더블유에스아이,제약업체,172
307750,국전,제약업체,172
047920,HLB제약,제약업체,172
000520,삼일제약,제약업체,172
114450,그린생명과학,제약업체,172
014950,삼익제약,제약업체,172
009290,광동제약,제약업체,172
068760,셀트리온제약,제약업체,172
001060,JW중외제약,제약업체,172
308430,셀비온,제약업체,172
086450,동국제약,제약업체,172
249420,일동제약,제약업체,172
256940,킵스파마,제약업체,172
004310,현대약품,제약업체,172
102940,코오롱생명과학,제약업체,172
001360,삼성제약,제약업체,172
195940,HK이노엔,제약업체,172
102460,이연제약,제약업체,172
003000,부광약품,제약업체,172
009420,한올바이오파마,제약업체,172
234690,녹십자웰빙,제약업체,172
128940,한미약품,제약업체,172
000250,삼천당제약,제약업체,172
237690,에스티팜,제약업체,172
032580,피델릭스,국내 상장 중국기업,228
900340,윙입푸드,국내 상장 중국기업,228
900250,크리스탈신소재,국내 상장 중국기업,228
900260,로스웰,국내 상장 중국기업,228
900120,씨엑스아이,국내 상장 중국기업,228
900070,글로벌에스엠,국내 상장 중국기업,228
900110,이스트아시아홀딩스,국내 상장 중국기업,228
900310,컬러레이,국내 상장 중국기업,228
900270,헝셩그룹,국내 상장 중국기업,228
900290,GRT,국내 상장 중국기업,228
900300,오가닉티코스메틱,국내 상장 중국기업,228
001390,KG케미칼,밸류업(25년 기업가치 제고계획 발표),571
016380,KG스틸,밸류업(25년 기업가치 제고계획 발표),571
000990,DB하이텍,밸류업(25년 기업가치 제고계획 발표),571
007660,이수페타시스,밸류업(25년 기업가치 제고계획 발표),571
042700,한미반도체,밸류업(25년 기업가치 제고계획 발표),571
003230,삼양식품,밸류업(25년 기업가치 제고계획 발표),571
047810,한국항공우주,밸류업(25년 기업가치 제고계획 발표),571
402340,SK스퀘어,밸류업(25년 기업가치 제고계획 발표),571
035000,HS애드,밸류업(25년 기업가치 제고계획 발표),571
175330,JB금융지주,밸류업(25년 기업가치 제고계획 발표),571
030200,KT,밸류업(25년 기업가치 제고계획 발표),571
236200,슈프리마,밸류업(25년 기업가치 제고계획 발표),571
017810,풀무원,밸류업(25년 기업가치 제고계획 발표),571
010950,S-Oil,밸류업(25년 기업가치 제고계획 발표),571
328380,솔트웨어,밸류업(25년 기업가치 제고계획 발표),571
055550,신한지주,밸류업(25년 기업가치 제고계획 발표),571
012450,한화에어로스페이스,밸류업(25년 기업가치 제고계획 발표),571
078930,GS,밸류업(25년 기업가치 제고계획 발표),571
068930,디지털대성,밸류업(25년 기업가치 제고계획 발표),571
316140,우리금융지주,밸류업(25년 기업가치 제고계획 발표),571
180640,한진칼,밸류업(25년 기업가치 제고계획 발표),571
183300,코미코,밸류업(25년 기업가치 제고계획 발표),571
033920,무학,밸류업(25년 기업가치 제고계획 발표),571
031210,서울보증보험,밸류업(25년 기업가치 제고계획 발표),571
090850,현대이지웰,밸류업(25년 기업가치 제고계획 발표),571
000810,삼성화재,밸류업(25년 기업가치 제고계획 발표),571
272210,한화시스템,밸류업(25년 기업가치 제고계획 발표),571
282330,BGF리테일,밸류업(25년 기업가치 제고계획 발표),571
008930,한미사이언스,밸류업(25년 기업가치 제고계획 발표),571
017890,한국알콜,밸류업(25년 기업가치 제고계획 발표),571
383220,F&F,밸류업(25년 기업가치 제고계획 발표),571
067310,하나마이크론,밸류업(25년 기업가치 제고계획 발표),571
241690,유니테크노,밸류업(25년 기업가치 제고계획 발표),571
011200,HMM,밸류업(25년 기업가치 제고계획 발표),571
014820,동원시스템즈,밸류업(25년 기업가치 제고계획 발표),571
139480,이마트,밸류업(25년 기업가치 제고계획 발표),571
054950,제이브이엠,밸류업(25년 기업가치 제고계획 발표),571
122450,KX,밸류업(25년 기업가치 제고계획 발표),571
234300,에스트래픽,밸류업(25년 기업가치 제고계획 발표),571
021240,코웨이,밸류업(25년 기업가치 제고계획 발표),571
111770,영원무역,밸류업(25년 기업가치 제고계획 발표),571
271560,오리온,밸류업(25년 기업가치 제고계획 발표),571
003540,대신증권,밸류업(25년 기업가치 제고계획 발표),571
124560,태웅로직스,밸류업(25년 기업가치 제고계획 발표),571
056190,에스에프에이,밸류업(25년 기업가치 제고계획 발표),571
068270,셀트리온,밸류업(25년 기업가치 제고계획 발표),571
034230,파라다이스,밸류업(25년 기업가치 제고계획 발표),571
051600,한전KPS,밸류업(25년 기업가치 제고계획 발표),571
009970,영원무역홀딩스,밸류업(25년 기업가치 제고계획 발표),571
138040,메리츠금융지주,밸류업(25년 기업가치 제고계획 발표),571
004370,농심,밸류업(25년 기업가치 제고계획 발표),571
030190,NICE평가정보,밸류업(25년 기업가치 제고계획 발표),571
024720,콜마홀딩스,밸류업(25년 기업가치 제고계획 발표),571
004490,세방전지,밸류업(25년 기업가치 제고계획 발표),571
078340,컴투스,밸류업(25년 기업가치 제고계획 발표),571
126560,현대퓨처넷,밸류업(25년 기업가치 제고계획 발표),571
003490,대한항공,밸류업(25년 기업가치 제고계획 발표),571
200130,콜마비앤에이치,밸류업(25년 기업가치 제고계획 발표),571
011780,금호석유화학,밸류업(25년 기업가치 제고계획 발표),571
008500,일정실업,밸류업(25년 기업가치 제고계획 발표),571
396270,넥스트칩,밸류업(25년 기업가치 제고계획 발표),571
215200,메가스터디교육,밸류업(25년 기업가치 제고계획 발표),571
259630,엠플러스,밸류업(25년 기업가치 제고계획 발표),571
005830,DB손해보험,밸류업(25년 기업가치 제고계획 발표),571
001060,JW중외제약,밸류업(25년 기업가치 제고계획 발표),571
039200,오스코텍,밸류업(25년 기업가치 제고계획 발표),571
298020,효성티앤씨,밸류업(25년 기업가치 제고계획 발표),571
001500,현대차증권,밸류업(25년 기업가치 제고계획 발표),571
161390,한국타이어앤테크놀로지,밸류업(25년 기업가치 제고계획 발표),571
014680,한솔케미칼,밸류업(25년 기업가치 제고계획 발표),571
071050,한국금융지주,밸류업(25년 기업가치 제고계획 발표),571
002380,KCC,밸류업(25년 기업가치 제고계획 발표),571
221840,하이즈항공,밸류업(25년 기업가치 제고계획 발표),571
000720,현대건설,밸류업(25년 기업가치 제고계획 발표),571
357780,솔브레인,밸류업(25년 기업가치 제고계획 발표),571
031980,피에스케이홀딩스,밸류업(25년 기업가치 제고계획 발표),571
128940,한미약품,밸류업(25년 기업가치 제고계획 발표),571
319660,피에스케이,밸류업(25년 기업가치 제고계획 발표),571
192820,코스맥스,밸류업(25년 기업가치 제고계획 발표),571
001530,DI동일,밸류업(25년 기업가치 제고계획 발표),571
150900,파수에이아이,밸류업(25년 기업가치 제고계획 발표),571
376930,노을,밸류업(25년 기업가치 제고계획 발표),571
237690,에스티팜,밸류업(25년 기업가치 제고계획 발표),571
064760,티씨케이,밸류업(25년 기업가치 제고계획 발표),571
290650,엘앤씨바이오,밸류업(25년 기업가치 제고계획 발표),571
332290,누보,우크라이나 재건,517
047050,포스코인터내셔널,우크라이나 재건,517
255220,SG,우크라이나 재건,517
058730,다스코,우크라이나 재건,517
002900,TYM,우크라이나 재건,517
003010,혜인,우크라이나 재건,517
002150,도화엔지니어링,우크라이나 재건,517
033540,파라텍,우크라이나 재건,517
109610,에스와이,우크라이나 재건,517
039560,다산네트웍스,우크라이나 재건,517
163560,동일고무벨트,우크라이나 재건,517
192410,오늘이엔엠,우크라이나 재건,517
100660,서암기계공업,우크라이나 재건,517
108380,대양전기공업,우크라이나 재건,517
013810,스페코,우크라이나 재건,517
053160,프리엠스,우크라이나 재건,517
023960,에쓰씨엔지니어링,우크라이나 재건,517
017550,수산세보틱스,우크라이나 재건,517
000490,대동,우크라이나 재건,517
008830,대동기어,우크라이나 재건,517
210540,디와이파워,우크라이나 재건,517
037440,희림,우크라이나 재건,517
317850,대모,우크라이나 재건,517
041440,현대에버다임,우크라이나 재건,517
054930,유신,우크라이나 재건,517
019770,서연탑메탈,우크라이나 재건,517
010820,퍼스텍,우크라이나 재건,517
365330,에스와이스틸텍,우크라이나 재건,517
039980,폴라리스AI,우크라이나 재건,517
000720,현대건설,우크라이나 재건,517
011760,현대코퍼레이션,우크라이나 재건,517
020400,대동금속,우크라이나 재건,517
267270,HD건설기계,우크라이나 재건,517
215790,이노인스트루먼트,우크라이나 재건,517
464580,닷밀,테마파크,181
023350,한국종합기술,테마파크,181
066620,국보디자인,테마파크,181
084680,이월드,테마파크,181
020710,시공테크,테마파크,181
000720,현대건설,테마파크,181
033100,제룡전기,코리아 밸류업 지수(Korea Value-up Index),568
058470,리노공업,코리아 밸류업 지수(Korea Value-up Index),568
000990,DB하이텍,코리아 밸류업 지수(Korea Value-up Index),568
267250,HD현대,코리아 밸류업 지수(Korea Value-up Index),568
042700,한미반도체,코리아 밸류업 지수(Korea Value-up Index),568
047050,포스코인터내셔널,코리아 밸류업 지수(Korea Value-up Index),568
002840,미원상사,코리아 밸류업 지수(Korea Value-up Index),568
003230,삼양식품,코리아 밸류업 지수(Korea Value-up Index),568
010120,LS ELECTRIC,코리아 밸류업 지수(Korea Value-up Index),568
064350,현대로템,코리아 밸류업 지수(Korea Value-up Index),568
009240,한샘,코리아 밸류업 지수(Korea Value-up Index),568
047810,한국항공우주,코리아 밸류업 지수(Korea Value-up Index),568
018670,SK가스,코리아 밸류업 지수(Korea Value-up Index),568
030000,제일기획,코리아 밸류업 지수(Korea Value-up Index),568
033780,KT&G,코리아 밸류업 지수(Korea Value-up Index),568
009450,경동나비엔,코리아 밸류업 지수(Korea Value-up Index),568
175330,JB금융지주,코리아 밸류업 지수(Korea Value-up Index),568
140860,파크시스템스,코리아 밸류업 지수(Korea Value-up Index),568
030200,KT,코리아 밸류업 지수(Korea Value-up Index),568
086790,하나금융지주,코리아 밸류업 지수(Korea Value-up Index),568
089860,롯데렌탈,코리아 밸류업 지수(Korea Value-up Index),568
026960,동서,코리아 밸류업 지수(Korea Value-up Index),568
036930,주성엔지니어링,코리아 밸류업 지수(Korea Value-up Index),568
035250,강원랜드,코리아 밸류업 지수(Korea Value-up Index),568
105560,KB금융,코리아 밸류업 지수(Korea Value-up Index),568
055550,신한지주,코리아 밸류업 지수(Korea Value-up Index),568
012450,한화에어로스페이스,코리아 밸류업 지수(Korea Value-up Index),568
017800,현대엘리베이터,코리아 밸류업 지수(Korea Value-up Index),568
005180,빙그레,코리아 밸류업 지수(Korea Value-up Index),568
316140,우리금융지주,코리아 밸류업 지수(Korea Value-up Index),568
017670,SK텔레콤,코리아 밸류업 지수(Korea Value-up Index),568
180640,한진칼,코리아 밸류업 지수(Korea Value-up Index),568
000660,SK하이닉스,코리아 밸류업 지수(Korea Value-up Index),568
183300,코미코,코리아 밸류업 지수(Korea Value-up Index),568
012750,에스원,코리아 밸류업 지수(Korea Value-up Index),568
267260,HD현대일렉트릭,코리아 밸류업 지수(Korea Value-up Index),568
000810,삼성화재,코리아 밸류업 지수(Korea Value-up Index),568
272210,한화시스템,코리아 밸류업 지수(Korea Value-up Index),568
381970,케이카,코리아 밸류업 지수(Korea Value-up Index),568
282330,BGF리테일,코리아 밸류업 지수(Korea Value-up Index),568
008930,한미사이언스,코리아 밸류업 지수(Korea Value-up Index),568
005300,롯데칠성,코리아 밸류업 지수(Korea Value-up Index),568
383220,F&F,코리아 밸류업 지수(Korea Value-up Index),568
016360,삼성증권,코리아 밸류업 지수(Korea Value-up Index),568
192080,더블유게임즈,코리아 밸류업 지수(Korea Value-up Index),568
011200,HMM,코리아 밸류업 지수(Korea Value-up Index),568
014820,동원시스템즈,코리아 밸류업 지수(Korea Value-up Index),568
185750,종근당,코리아 밸류업 지수(Korea Value-up Index),568
145720,덴티움,코리아 밸류업 지수(Korea Value-up Index),568
021240,코웨이,코리아 밸류업 지수(Korea Value-up Index),568
403870,HPSP,코리아 밸류업 지수(Korea Value-up Index),568
271560,오리온,코리아 밸류업 지수(Korea Value-up Index),568
298040,효성중공업,코리아 밸류업 지수(Korea Value-up Index),568
051600,한전KPS,코리아 밸류업 지수(Korea Value-up Index),568
138040,메리츠금융지주,코리아 밸류업 지수(Korea Value-up Index),568
030190,NICE평가정보,코리아 밸류업 지수(Korea Value-up Index),568
192650,드림텍,코리아 밸류업 지수(Korea Value-up Index),568
039130,하나투어,코리아 밸류업 지수(Korea Value-up Index),568
003490,대한항공,코리아 밸류업 지수(Korea Value-up Index),568
011780,금호석유화학,코리아 밸류업 지수(Korea Value-up Index),568
052690,한전기술,코리아 밸류업 지수(Korea Value-up Index),568
005930,삼성전자,코리아 밸류업 지수(Korea Value-up Index),568
215200,메가스터디교육,코리아 밸류업 지수(Korea Value-up Index),568
035900,JYP Ent.,코리아 밸류업 지수(Korea Value-up Index),568
214450,파마리서치,코리아 밸류업 지수(Korea Value-up Index),568
005830,DB손해보험,코리아 밸류업 지수(Korea Value-up Index),568
103140,풍산,코리아 밸류업 지수(Korea Value-up Index),568
079550,LIG디펜스앤에어로스페이스,코리아 밸류업 지수(Korea Value-up Index),568
001060,JW중외제약,코리아 밸류업 지수(Korea Value-up Index),568
298020,효성티앤씨,코리아 밸류업 지수(Korea Value-up Index),568
067160,SOOP,코리아 밸류업 지수(Korea Value-up Index),568
272290,이녹스첨단소재,코리아 밸류업 지수(Korea Value-up Index),568
005290,동진쎄미켐,코리아 밸류업 지수(Korea Value-up Index),568
012330,현대모비스,코리아 밸류업 지수(Korea Value-up Index),568
011070,LG이노텍,코리아 밸류업 지수(Korea Value-up Index),568
000270,기아,코리아 밸류업 지수(Korea Value-up Index),568
214150,클래시스,코리아 밸류업 지수(Korea Value-up Index),568
336570,원텍,코리아 밸류업 지수(Korea Value-up Index),568
241560,두산밥캣,코리아 밸류업 지수(Korea Value-up Index),568
014680,한솔케미칼,코리아 밸류업 지수(Korea Value-up Index),568
071050,한국금융지주,코리아 밸류업 지수(Korea Value-up Index),568
022100,포스코DX,코리아 밸류업 지수(Korea Value-up Index),568
383310,에코프로에이치엔,코리아 밸류업 지수(Korea Value-up Index),568
006800,미래에셋증권,코리아 밸류업 지수(Korea Value-up Index),568
090430,아모레퍼시픽,코리아 밸류업 지수(Korea Value-up Index),568
357780,솔브레인,코리아 밸류업 지수(Korea Value-up Index),568
005380,현대차,코리아 밸류업 지수(Korea Value-up Index),568
259960,크래프톤,코리아 밸류업 지수(Korea Value-up Index),568
031980,피에스케이홀딩스,코리아 밸류업 지수(Korea Value-up Index),568
128940,한미약품,코리아 밸류업 지수(Korea Value-up Index),568
348210,넥스틴,코리아 밸류업 지수(Korea Value-up Index),568
086280,현대글로비스,코리아 밸류업 지수(Korea Value-up Index),568
319660,피에스케이,코리아 밸류업 지수(Korea Value-up Index),568
192820,코스맥스,코리아 밸류업 지수(Korea Value-up Index),568
039490,키움증권,코리아 밸류업 지수(Korea Value-up Index),568
009900,명신산업,코리아 밸류업 지수(Korea Value-up Index),568
064760,티씨케이,코리아 밸류업 지수(Korea Value-up Index),568
290650,엘앤씨바이오,코리아 밸류업 지수(Korea Value-up Index),568
336370,솔루스첨단소재,코리아 밸류업 지수(Korea Value-up Index),568
086820,바이오솔루션,줄기세포,66
166480,코아스템켐온,줄기세포,66
298060,풍전약품,줄기세포,66
118000,메타케어,줄기세포,66
078160,메디포스트,줄기세포,66
006620,동구바이오제약,줄기세포,66
191420,테고사이언스,줄기세포,66
217730,강스템바이오텍,줄기세포,66
038290,마크로젠,줄기세포,66
085660,차바이오텍,줄기세포,66
271980,제일약품,줄기세포,66
304360,에스바이오메딕스,줄기세포,66
067630,HLB생명과학,줄기세포,66
007390,네이처셀,줄기세포,66
065660,안트로젠,줄기세포,66
456070,이엔셀,줄기세포,66
373110,엑셀세라퓨틱스,줄기세포,66
005690,파미셀,줄기세포,66
007210,벽산,페인트,330
006840,AK홀딩스,페인트,330
004910,조광페인트,페인트,330
090350,노루페인트,페인트,330
000320,노루홀딩스,페인트,330
000860,강남제비스코,페인트,330
002380,KCC,페인트,330
184230,SGA솔루션즈,블록체인,387
042510,라온시큐어,블록체인,387
003550,LG,블록체인,387
030200,KT,블록체인,387
034730,SK,블록체인,387
112040,위메이드,블록체인,387
017670,SK텔레콤,블록체인,387
286940,롯데이노베이트,블록체인,387
042420,네오위즈홀딩스,블록체인,387
053350,이니텍,블록체인,387
124500,아이티센글로벌,블록체인,387
192250,케이사인,블록체인,387
000700,유수홀딩스,블록체인,387
131090,시큐브,블록체인,387
041460,한국전자인증,블록체인,387
035720,카카오,블록체인,387
018260,삼성에스디에스,블록체인,387
027830,대성창투,블록체인,387
039420,케이엘넷,블록체인,387
035420,NAVER,블록체인,387
203650,드림시큐리티,블록체인,387
150900,파수에이아이,블록체인,387
054920,한컴위드,블록체인,387
047080,한빛소프트,게임,42
205500,넥써쓰,게임,42
066910,손오공,게임,42
052790,액토즈소프트,게임,42
217270,넵튠,게임,42
331520,밸로프,게임,42
023770,플레이위드,게임,42
112040,위메이드,게임,42
067000,조이시티,게임,42
094860,네오리진,게임,42
042420,네오위즈홀딩스,게임,42
192080,더블유게임즈,게임,42
048910,대원미디어,게임,42
069080,웹젠,게임,42
263750,펄어비스,게임,42
225570,넥슨게임즈,게임,42
078340,컴투스,게임,42
201490,미투온,게임,42
047560,이스트소프트,게임,42
036570,NC,게임,42
181710,NHN,게임,42
058630,엠게임,게임,42
293490,카카오게임즈,게임,42
095660,네오위즈,게임,42
251270,넷마블,게임,42
101730,위메이드맥스,게임,42
204610,티쓰리,게임,42
035420,NAVER,게임,42
259960,크래프톤,게임,42
462870,시프트업,게임,42
060370,LS마린솔루션,재난/안전(지진/화재 등),335
072130,유엔젤,재난/안전(지진/화재 등),335
022220,티케이지애강,재난/안전(지진/화재 등),335
033540,파라텍,재난/안전(지진/화재 등),335
036640,HRS,재난/안전(지진/화재 등),335
083640,인콘,재난/안전(지진/화재 등),335
028100,동아지질,재난/안전(지진/화재 등),335
023350,한국종합기술,재난/안전(지진/화재 등),335
140520,대창스틸,재난/안전(지진/화재 등),335
372910,한컴라이프케어,재난/안전(지진/화재 등),335
004440,삼일씨엔에스,재난/안전(지진/화재 등),335
037440,희림,재난/안전(지진/화재 등),335
493330,지에프아이,재난/안전(지진/화재 등),335
041440,현대에버다임,재난/안전(지진/화재 등),335
089470,HDC현대EP,재난/안전(지진/화재 등),335
189860,서전기전,재난/안전(지진/화재 등),335
054540,삼영엠텍,재난/안전(지진/화재 등),335
067170,오텍,재난/안전(지진/화재 등),335
039980,폴라리스AI,재난/안전(지진/화재 등),335
101670,하이드로리튬,재난/안전(지진/화재 등),335
228340,동양파일,재난/안전(지진/화재 등),335
101140,인바이오젠,코로나19(진단키트),447
221800,지구홀딩스,코로나19(진단키트),447
137310,에스디바이오센서,코로나19(진단키트),447
286750,나노실리칸첨단소재,코로나19(진단키트),447
004720,팜젠사이언스,코로나19(진단키트),447
053980,오상자이엘,코로나19(진단키트),447
187420,HLB제넥스,코로나19(진단키트),447
060590,씨티씨바이오,코로나19(진단키트),447
205470,휴마시스,코로나19(진단키트),447
118000,메타케어,코로나19(진단키트),447
238120,얼라인드,코로나19(진단키트),447
363250,진시스템,코로나19(진단키트),447
335810,프리시젼바이오,코로나19(진단키트),447
377740,바이오노트,코로나19(진단키트),447
206640,바디텍메드,코로나19(진단키트),447
069620,대웅제약,코로나19(진단키트),447
317690,퀀타매트릭스,코로나19(진단키트),447
243070,휴온스,코로나19(진단키트),447
185750,종근당,코로나19(진단키트),447
311690,CJ 바이오사이언스,코로나19(진단키트),447
142280,녹십자엠에스,코로나19(진단키트),447
036220,오상헬스케어,코로나19(진단키트),447
038460,바이오스마트,코로나19(진단키트),447
225220,제놀루션,코로나19(진단키트),447
096530,씨젠,코로나19(진단키트),447
950130,엑세스바이오,코로나19(진단키트),447
192650,드림텍,코로나19(진단키트),447
109820,진매트릭스,코로나19(진단키트),447
253840,수젠텍,코로나19(진단키트),447
354200,엔젠바이오,코로나19(진단키트),447
206650,유바이오로직스,코로나19(진단키트),447
084650,랩지노믹스,코로나19(진단키트),447
950200,소마젠,코로나19(진단키트),447
249420,일동제약,코로나19(진단키트),447
228760,지노믹트리,코로나19(진단키트),447
064550,바이오니아,코로나19(진단키트),447
048530,인트론바이오,코로나19(진단키트),447
039860,나노엔텍,코로나19(진단키트),447
305090,마이크로디지탈,코로나19(진단키트),447
005690,파미셀,코로나19(진단키트),447
184230,SGA솔루션즈,핀테크(FinTech),342
042510,라온시큐어,핀테크(FinTech),342
030200,KT,핀테크(FinTech),342
234340,헥토파이낸셜,핀테크(FinTech),342
025770,한국정보통신,핀테크(FinTech),342
034730,SK,핀테크(FinTech),342
035600,KG이니시스,핀테크(FinTech),342
079940,가비아,핀테크(FinTech),342
158430,아톤,핀테크(FinTech),342
067920,이글루,핀테크(FinTech),342
081580,성우전자,핀테크(FinTech),342
053300,한국정보인증,핀테크(FinTech),342
053350,이니텍,핀테크(FinTech),342
064480,브리지텍,핀테크(FinTech),342
377300,카카오페이,핀테크(FinTech),342
131090,시큐브,핀테크(FinTech),342
214180,헥토이노베이션,핀테크(FinTech),342
041460,한국전자인증,핀테크(FinTech),342
046440,KG파이낸셜,핀테크(FinTech),342
408470,한패스,핀테크(FinTech),342
035720,카카오,핀테크(FinTech),342
052400,코나아이,핀테크(FinTech),342
047560,이스트소프트,핀테크(FinTech),342
039290,인포뱅크,핀테크(FinTech),342
060250,NHN KCP,핀테크(FinTech),342
053580,웹케시,핀테크(FinTech),342
094480,갤럭시아머니트리,핀테크(FinTech),342
064260,다날,핀테크(FinTech),342
035420,NAVER,핀테크(FinTech),342
232830,아이티센피엔에스,핀테크(FinTech),342
163730,핑거,핀테크(FinTech),342
052710,아모텍,핀테크(FinTech),342
054920,한컴위드,핀테크(FinTech),342
035460,기산텔레콤,UAM(도심항공모빌리티),462
047810,한국항공우주,UAM(도심항공모빌리티),462
030200,KT,UAM(도심항공모빌리티),462
368770,파이버프로,UAM(도심항공모빌리티),462
004270,남성,UAM(도심항공모빌리티),462
177350,베셀,UAM(도심항공모빌리티),462
012450,한화에어로스페이스,UAM(도심항공모빌리티),462
078930,GS,UAM(도심항공모빌리티),462
017670,SK텔레콤,UAM(도심항공모빌리티),462
272210,한화시스템,UAM(도심항공모빌리티),462
089590,제주항공,UAM(도심항공모빌리티),462
032640,LG유플러스,UAM(도심항공모빌리티),462
306620,지아이에스,UAM(도심항공모빌리티),462
017960,한국카본,UAM(도심항공모빌리티),462
003490,대한항공,UAM(도심항공모빌리티),462
035720,카카오,UAM(도심항공모빌리티),462
079550,LIG디펜스앤에어로스페이스,UAM(도심항공모빌리티),462
010820,퍼스텍,UAM(도심항공모빌리티),462
200880,서연이화,UAM(도심항공모빌리티),462
221840,하이즈항공,UAM(도심항공모빌리티),462
000720,현대건설,UAM(도심항공모빌리티),462
002350,넥센타이어,UAM(도심항공모빌리티),462
274090,켄코아에어로스페이스,UAM(도심항공모빌리티),462
005380,현대차,UAM(도심항공모빌리티),462
066590,스모트로닉,UAM(도심항공모빌리티),462
322000,HD현대에너지솔루션,전력저장장치(ESS),329
178320,서진시스템,전력저장장치(ESS),329
082920,비츠로셀,전력저장장치(ESS),329
066570,LG전자,전력저장장치(ESS),329
273640,와이엠텍,전력저장장치(ESS),329
010120,LS ELECTRIC,전력저장장치(ESS),329
125210,아모그린텍,전력저장장치(ESS),329
282720,금양그린파워,전력저장장치(ESS),329
011930,신성이엔지,전력저장장치(ESS),329
267260,HD현대일렉트릭,전력저장장치(ESS),329
009470,삼화전기,전력저장장치(ESS),329
241690,유니테크노,전력저장장치(ESS),329
140670,알에스오토메이션,전력저장장치(ESS),329
047310,파워로직스,전력저장장치(ESS),329
024900,디와이덕양,전력저장장치(ESS),329
475150,SK이터닉스,전력저장장치(ESS),329
217820,원익피앤이,전력저장장치(ESS),329
298040,효성중공업,전력저장장치(ESS),329
493330,지에프아이,전력저장장치(ESS),329
004490,세방전지,전력저장장치(ESS),329
006400,삼성SDI,전력저장장치(ESS),329
096770,SK이노베이션,전력저장장치(ESS),329
054090,삼진엘앤디,전력저장장치(ESS),329
373220,LG에너지솔루션,전력저장장치(ESS),329
259630,엠플러스,전력저장장치(ESS),329
137400,피엔티,전력저장장치(ESS),329
130660,한전산업,전력저장장치(ESS),329
388050,지투파워,전력저장장치(ESS),329
089980,상아프론테크,전력저장장치(ESS),329
054210,이랜텍,전력저장장치(ESS),329
290550,디케이티,전력저장장치(ESS),329
022100,포스코DX,전력저장장치(ESS),329
126340,비나텍,전력저장장치(ESS),329
107640,한중엔시에스,전력저장장치(ESS),329
453450,그리드위즈,전력저장장치(ESS),329
416180,신성에스티,전력저장장치(ESS),329
001820,삼화콘덴서,전력저장장치(ESS),329
348370,엔켐,전력저장장치(ESS),329
222080,씨아이에스,전력저장장치(ESS),329
065650,하이퍼코퍼레이션,치매,377
456160,지투지바이오,치매,377
016580,환인제약,치매,377
007370,진양제약,치매,377
060590,씨티씨바이오,치매,377
061250,화일약품,치매,377
003060,에이프로젠바이오로직스,치매,377
017180,명문제약,치매,377
302550,리메드,치매,377
015860,일진홀딩스,치매,377
069620,대웅제약,치매,377
176750,듀켐바이오,치매,377
006620,동구바이오제약,치매,377
002800,신신제약,치매,377
317690,퀀타매트릭스,치매,377
000220,유유제약,치매,377
170900,동아에스티,치매,377
378800,샤페론,치매,377
014570,고려제약,치매,377
086040,바이오톡스텍,치매,377
185750,종근당,치매,377
003850,보령,치매,377
317450,명인제약,치매,377
005500,삼진제약,치매,377
067080,대화제약,치매,377
012690,모나리자,치매,377
000100,유한양행,치매,377
038460,바이오스마트,치매,377
086890,이수앱지스,치매,377
214260,라파스,치매,377
032300,한국파마,치매,377
307750,국전,치매,377
047920,HLB제약,치매,377
476830,알지노믹스,치매,377
253840,수젠텍,치매,377
354200,엔젠바이오,치매,377
365270,큐라클,치매,377
039200,오스코텍,치매,377
004310,현대약품,치매,377
001360,삼성제약,치매,377
007390,네이처셀,치매,377
220100,퓨쳐켐,치매,377
087010,펩트론,치매,377
102460,이연제약,치매,377
310210,보로노이,치매,377
389470,인벤티지랩,치매,377
082270,젬백스,치매,377
285130,SK케미칼,치매,377
298380,에이비엘바이오,치매,377
304840,피플바이오,치매,377
195870,해성디에스,반도체 재료/부품,14
456040,OCI,반도체 재료/부품,14
059090,미코,반도체 재료/부품,14
098120,마이크로컨텍솔,반도체 재료/부품,14
077360,덕산하이메탈,반도체 재료/부품,14
080580,오킨스전자,반도체 재료/부품,14
144960,뉴파워프라즈마,반도체 재료/부품,14
425040,티이엠씨,반도체 재료/부품,14
252990,샘씨엔에스,반도체 재료/부품,14
489500,엘케이켐,반도체 재료/부품,14
060310,3S,반도체 재료/부품,14
000150,두산,반도체 재료/부품,14
025000,KPX케미칼,반도체 재료/부품,14
033640,네패스,반도체 재료/부품,14
092220,KEC,반도체 재료/부품,14
036090,위지트,반도체 재료/부품,14
024850,HLB이노베이션,반도체 재료/부품,14
043590,웰킵스하이텍,반도체 재료/부품,14
095340,ISC,반도체 재료/부품,14
295310,에이치브이엠,반도체 재료/부품,14
146320,비씨엔씨,반도체 재료/부품,14
101490,에스앤에스텍,반도체 재료/부품,14
031330,에스에이엠티,반도체 재료/부품,14
482630,삼양엔씨켐,반도체 재료/부품,14
052900,KX하이텍,반도체 재료/부품,14
067310,하나마이크론,반도체 재료/부품,14
417500,제이아이테크,반도체 재료/부품,14
241790,티이엠씨씨엔에스,반도체 재료/부품,14
281820,케이씨텍,반도체 재료/부품,14
036810,에프에스티,반도체 재료/부품,14
033160,엠케이전자,반도체 재료/부품,14
446540,메가터치,반도체 재료/부품,14
074600,원익QnC,반도체 재료/부품,14
307750,국전,반도체 재료/부품,14
311320,지오엘리먼트,반도체 재료/부품,14
171010,램테크놀러지,반도체 재료/부품,14
142210,유니트론텍,반도체 재료/부품,14
445180,퓨릿,반도체 재료/부품,14
004000,롯데정밀화학,반도체 재료/부품,14
220260,켐트로스,반도체 재료/부품,14
025320,시노펙스,반도체 재료/부품,14
101160,월덱스,반도체 재료/부품,14
078350,한양디지텍,반도체 재료/부품,14
272110,케이엔제이,반도체 재료/부품,14
272290,이녹스첨단소재,반도체 재료/부품,14
388210,씨엠티엑스,반도체 재료/부품,14
005290,동진쎄미켐,반도체 재료/부품,14
014680,한솔케미칼,반도체 재료/부품,14
083500,에프엔에스테크,반도체 재료/부품,14
114810,한솔아이원스,반도체 재료/부품,14
104830,원익머트리얼즈,반도체 재료/부품,14
092070,디엔에프,반도체 재료/부품,14
102710,이엔에프테크놀로지,반도체 재료/부품,14
424980,마이크로투나노,반도체 재료/부품,14
170920,엘티씨,반도체 재료/부품,14
357780,솔브레인,반도체 재료/부품,14
219130,타이거일렉,반도체 재료/부품,14
317330,덕산테코피아,반도체 재료/부품,14
166090,하나머티리얼즈,반도체 재료/부품,14
093370,후성,반도체 재료/부품,14
278280,천보,반도체 재료/부품,14
241770,메카로,반도체 재료/부품,14
147760,피엠티,반도체 재료/부품,14
281740,레이크머티리얼즈,반도체 재료/부품,14
064760,티씨케이,반도체 재료/부품,14
112290,와이씨켐,반도체 재료/부품,14
199820,제일일렉트릭,전기차 화재 방지(배터리 열폭주 등),564
452190,한빛레이저,전기차 화재 방지(배터리 열폭주 등),564
138070,신진에스엠,전기차 화재 방지(배터리 열폭주 등),564
273640,와이엠텍,전기차 화재 방지(배터리 열폭주 등),564
125210,아모그린텍,전기차 화재 방지(배터리 열폭주 등),564
302430,이노메트리,전기차 화재 방지(배터리 열폭주 등),564
051360,토비스,전기차 화재 방지(배터리 열폭주 등),564
214330,금호에이치티,전기차 화재 방지(배터리 열폭주 등),564
105550,엣지파운드리,전기차 화재 방지(배터리 열폭주 등),564
286940,롯데이노베이트,전기차 화재 방지(배터리 열폭주 등),564
419050,삼기에너지솔루션즈,전기차 화재 방지(배터리 열폭주 등),564
452200,민테크,전기차 화재 방지(배터리 열폭주 등),564
372910,한컴라이프케어,전기차 화재 방지(배터리 열폭주 등),564
024900,디와이덕양,전기차 화재 방지(배터리 열폭주 등),564
452400,이닉스,전기차 화재 방지(배터리 열폭주 등),564
220260,켐트로스,전기차 화재 방지(배터리 열폭주 등),564
119830,아이텍,전기차 화재 방지(배터리 열폭주 등),564
225190,LK삼양,전기차 화재 방지(배터리 열폭주 등),564
317870,엔바이오니아,전기차 화재 방지(배터리 열폭주 등),564
200880,서연이화,전기차 화재 방지(배터리 열폭주 등),564
243840,신흥에스이씨,전기차 화재 방지(배터리 열폭주 등),564
432470,케이엔에스,전기차 화재 방지(배터리 열폭주 등),564
417010,나노팀,전기차 화재 방지(배터리 열폭주 등),564
032790,엠젠솔루션,전기차 화재 방지(배터리 열폭주 등),564
107640,한중엔시에스,전기차 화재 방지(배터리 열폭주 등),564
453450,그리드위즈,전기차 화재 방지(배터리 열폭주 등),564
060230,제이케이시냅스,전기차 화재 방지(배터리 열폭주 등),564
323280,태성,전기차 화재 방지(배터리 열폭주 등),564
448900,한국피아이엠,치아 치료(임플란트 등),174
052260,현대바이오랜드,치아 치료(임플란트 등),174
004080,신흥,치아 치료(임플란트 등),174
261200,덴티스,치아 치료(임플란트 등),174
039840,디오,치아 치료(임플란트 등),174
145720,덴티움,치아 치료(임플란트 등),174
450330,하스,치아 치료(임플란트 등),174
043150,바텍,치아 치료(임플란트 등),174
039200,오스코텍,치아 치료(임플란트 등),174
059210,메타바이오메드,치아 치료(임플란트 등),174
226400,오스테오닉,치아 치료(임플란트 등),174
138610,나이벡,치아 치료(임플란트 등),174
318060,그래피,치아 치료(임플란트 등),174
228670,레이,치아 치료(임플란트 등),174
052260,현대바이오랜드,탈모 치료,506
006490,인스코비,탈모 치료,506
090370,메타랩스,탈모 치료,506
277410,인산가,탈모 치료,506
317240,TS트릴리온,탈모 치료,506
017180,명문제약,탈모 치료,506
118000,메타케어,탈모 치료,506
069620,대웅제약,탈모 치료,506
002800,신신제약,탈모 치료,506
260660,알리코제약,탈모 치료,506
217730,강스템바이오텍,탈모 치료,506
378800,샤페론,탈모 치료,506
377220,프롬바이오,탈모 치료,506
003850,보령,탈모 치료,506
330350,위더스제약,탈모 치료,506
420570,제이투케이바이오,탈모 치료,506
344860,이노진,탈모 치료,506
067290,JW신약,탈모 치료,506
001060,JW중외제약,탈모 치료,506
004310,현대약품,탈모 치료,506
064550,바이오니아,탈모 치료,506
389470,인벤티지랩,탈모 치료,506
065660,안트로젠,탈모 치료,506
304840,피플바이오,탈모 치료,506
376900,로킷헬스케어,탈모 치료,506
226950,올릭스,탈모 치료,506
003200,일신방직,부동산 보유 자산주,592
001460,BYC,부동산 보유 자산주,592
006040,동원산업,부동산 보유 자산주,592
038500,삼표시멘트,부동산 보유 자산주,592
004170,신세계,부동산 보유 자산주,592
004060,SG세계물산,부동산 보유 자산주,592
005800,신영와코루,부동산 보유 자산주,592
067830,세이브존I&C,부동산 보유 자산주,592
000650,천일고속,부동산 보유 자산주,592
005300,롯데칠성,부동산 보유 자산주,592
029530,신도리코,부동산 보유 자산주,592
000050,경방,부동산 보유 자산주,592
139480,이마트,부동산 보유 자산주,592
128820,대성산업,부동산 보유 자산주,592
003610,방림,부동산 보유 자산주,592
009070,KCTC,부동산 보유 자산주,592
294870,IPARK현대산업개발,부동산 보유 자산주,592
003380,하림지주,부동산 보유 자산주,592
084670,동양고속,부동산 보유 자산주,592
001530,DI동일,부동산 보유 자산주,592
006730,서부T&D,부동산 보유 자산주,592
010780,아이에스동서,부동산 보유 자산주,592
115160,휴맥스,전기차,227
396300,세아메카닉스,전기차,227
355150,코스텍시스,전기차,227
178320,서진시스템,전기차,227
361670,삼영에스앤씨,전기차,227
009320,아진전자부품,전기차,227
066570,LG전자,전기차,227
452190,한빛레이저,전기차,227
273640,와이엠텍,전기차,227
010120,LS ELECTRIC,전기차,227
125210,아모그린텍,전기차,227
025540,한국단자,전기차,227
051490,나라엠앤디,전기차,227
080470,성창오토텍,전기차,227
023800,인지컨트롤스,전기차,227
900260,로스웰,전기차,227
198940,한주라이트메탈,전기차,227
212560,네오오토,전기차,227
092220,KEC,전기차,227
012340,뉴인텍,전기차,227
214330,금호에이치티,전기차,227
234100,폴라리스세원,전기차,227
900070,글로벌에스엠,전기차,227
011230,삼화전자,전기차,227
105550,엣지파운드리,전기차,227
085910,네오티스,전기차,227
000240,한국앤컴퍼니,전기차,227
024910,경창산업,전기차,227
354320,알멕,전기차,227
041930,SY동아,전기차,227
009470,삼화전기,전기차,227
023810,인팩,전기차,227
355690,에이텀,전기차,227
160190,하이젠알앤엠,전기차,227
419050,삼기에너지솔루션즈,전기차,227
013870,지엠비코리아,전기차,227
081150,티플랙스,전기차,227
265560,영화테크,전기차,227
204320,HL만도,전기차,227
463480,모티브링크,전기차,227
047310,파워로직스,전기차,227
038110,에코플라스틱,전기차,227
024900,디와이덕양,전기차,227
452400,이닉스,전기차,227
170030,현대공업,전기차,227
217820,원익피앤이,전기차,227
003620,KG모빌리티,전기차,227
017370,우신시스템,전기차,227
215360,우리산업,전기차,227
012200,계양전기,전기차,227
006400,삼성SDI,전기차,227
123040,엠에스오토텍,전기차,227
096770,SK이노베이션,전기차,227
033310,엠투엔,전기차,227
122350,삼기,전기차,227
051910,LG화학,전기차,227
373220,LG에너지솔루션,전기차,227
259630,엠플러스,전기차,227
308170,씨티알모빌리티,전기차,227
024740,한일단조,전기차,227
013310,아진산업,전기차,227
018880,한온시스템,전기차,227
053700,삼보모터스,전기차,227
012330,현대모비스,전기차,227
000270,기아,전기차,227
010690,화신,전기차,227
012860,모베이스전자,전기차,227
263770,유에스티,전기차,227
003720,삼영,전기차,227
089980,상아프론테크,전기차,227
243840,신흥에스이씨,전기차,227
005070,코스모신소재,전기차,227
002230,피에스텍,전기차,227
417200,LS머트리얼즈,전기차,227
090150,아이윈,전기차,227
011210,현대위아,전기차,227
011790,SKC,전기차,227
417010,나노팀,전기차,227
005380,현대차,전기차,227
092200,디아이씨,전기차,227
107640,한중엔시에스,전기차,227
416180,신성에스티,전기차,227
114190,강원에너지,전기차,227
066590,스모트로닉,전기차,227
001820,삼화콘덴서,전기차,227
377330,이지트로닉스,전기차,227
091580,상신이디피,전기차,227
348370,엔켐,전기차,227
064960,SNT모티브,전기차,227
009900,명신산업,전기차,227
043260,성호전자,전기차,227
066970,엘앤에프,전기차,227
038880,아이에이,전기차,227
058430,포스코스틸리온,전기차,227
014910,성문전자,전기차,227
222080,씨아이에스,전기차,227
336370,솔루스첨단소재,전기차,227
460470,아이빔테크놀로지,의료기기,175
094170,동운아나텍,의료기기,175
394420,리센스메디컬,의료기기,175
387570,파인메딕스,의료기기,175
117730,티로보틱스,의료기기,175
303360,프로티아,의료기기,175
004080,신흥,의료기기,175
460940,피앤에스로보틱스,의료기기,175
328130,루닛,의료기기,175
216080,제테마,의료기기,175
263690,디알젬,의료기기,175
219750,한국비티비,의료기기,175
118000,메타케어,의료기기,175
115480,씨유메디칼,의료기기,175
419540,비스토스,의료기기,175
405000,플라즈맵,의료기기,175
205470,휴마시스,의료기기,175
006140,피제이전자,의료기기,175
228850,레이언스,의료기기,175
302550,리메드,의료기기,175
214680,디알텍,의료기기,175
335810,프리시젼바이오,의료기기,175
384470,코어라인소프트,의료기기,175
206640,바디텍메드,의료기기,175
003220,대원제약,의료기기,175
450950,아스테라시스,의료기기,175
058110,멕아이씨에스,의료기기,175
317690,퀀타매트릭스,의료기기,175
100700,세운메디칼,의료기기,175
290660,다이나믹솔루션,의료기기,175
039840,디오,의료기기,175
179290,엠아이텍,의료기기,175
398120,에스지헬스케어,의료기기,175
199550,레이저옵텍,의료기기,175
145720,덴티움,의료기기,175
462510,라메디텍,의료기기,175
049950,미래컴퍼니,의료기기,175
065510,휴비츠,의료기기,175
043150,바텍,의료기기,175
036220,오상헬스케어,의료기기,175
491000,리브스메드,의료기기,175
002390,한독,의료기기,175
225220,제놀루션,의료기기,175
032620,GC메디아이,의료기기,175
208370,셀바스헬스케어,의료기기,175
315640,딥노이드,의료기기,175
314930,바이오다인,의료기기,175
299170,더블유에스아이,의료기기,175
104540,코렌텍,의료기기,175
240550,동방메디컬,의료기기,175
060280,큐렉소,의료기기,175
005930,삼성전자,의료기기,175
253840,수젠텍,의료기기,175
489460,바이오비쥬,의료기기,175
041830,인바디,의료기기,175
099190,아이센스,의료기기,175
122310,제노레이,의료기기,175
214450,파마리서치,의료기기,175
256840,한국비엔씨,의료기기,175
100120,뷰웍스,의료기기,175
458870,씨어스,의료기기,175
067630,HLB생명과학,의료기기,175
380550,뉴로핏,의료기기,175
084650,랩지노믹스,의료기기,175
246710,티앤알바이오팹,의료기기,175
059210,메타바이오메드,의료기기,175
041920,메디아나,의료기기,175
340570,티앤엘,의료기기,175
338220,뷰노,의료기기,175
336570,원텍,의료기기,175
214150,클래시스,의료기기,175
226400,오스테오닉,의료기기,175
119610,인터로조,의료기기,175
056090,시지메드텍,의료기기,175
156100,엘앤케이바이오,의료기기,175
098460,고영,의료기기,175
322510,제이엘케이,의료기기,175
099430,바이오플러스,의료기기,175
032940,원익,의료기기,175
141080,리가켐바이오,의료기기,175
042520,한스바이오메드,의료기기,175
376900,로킷헬스케어,의료기기,175
214430,아이쓰리시스템,의료기기,175
039860,나노엔텍,의료기기,175
494120,큐리오시스,의료기기,175
290650,엘앤씨바이오,의료기기,175
061040,알에프텍,갤럭시 부품주,393
484120,도우인시스,갤럭시 부품주,393
179900,유티아이,갤럭시 부품주,393
125210,아모그린텍,갤럭시 부품주,393
053450,세코닉스,갤럭시 부품주,393
190510,나무가,갤럭시 부품주,393
009150,삼성전기,갤럭시 부품주,393
050110,캠시스,갤럭시 부품주,393
332570,PS일렉트로닉스,갤럭시 부품주,393
376290,씨유테크,갤럭시 부품주,393
096630,에스코넥,갤럭시 부품주,393
091700,파트론,갤럭시 부품주,393
148150,세경하이테크,갤럭시 부품주,393
082210,옵트론텍,갤럭시 부품주,393
049070,인탑스,갤럭시 부품주,393
060720,KH바텍,갤럭시 부품주,393
238090,앤디포스,갤럭시 부품주,393
047310,파워로직스,갤럭시 부품주,393
033240,자화전자,갤럭시 부품주,393
192650,드림텍,갤럭시 부품주,393
090460,비에이치,갤럭시 부품주,393
005930,삼성전자,갤럭시 부품주,393
204270,제이앤티씨,갤럭시 부품주,393
025320,시노펙스,갤럭시 부품주,393
101330,모베이스,갤럭시 부품주,393
007810,코리아써키트,갤럭시 부품주,393
272290,이녹스첨단소재,갤럭시 부품주,393
187270,신화콘텍,갤럭시 부품주,393
097520,엠씨넥스,갤럭시 부품주,393
178920,PI첨단소재,갤럭시 부품주,393
051370,인터플렉스,갤럭시 부품주,393
054210,이랜텍,갤럭시 부품주,393
294140,레몬,갤럭시 부품주,393
085670,뉴프렉스,갤럭시 부품주,393
213420,덕산네오룩스,갤럭시 부품주,393
004710,한솔테크닉스,갤럭시 부품주,393
052710,아모텍,갤럭시 부품주,393
049080,기가레인,갤럭시 부품주,393
089010,켐트로닉스,갤럭시 부품주,393
317530,에피소드컴퍼니,출산장려정책,139
267980,매일유업,출산장려정책,139
072130,유엔젤,출산장려정책,139
002450,삼익악기,출산장려정책,139
215480,토박스코리아,출산장려정책,139
095720,웅진씽크빅,출산장려정책,139
003920,남양유업,출산장려정책,139
159580,제로투세븐,출산장려정책,139
068290,삼성출판사,출산장려정책,139
019680,대교,출산장려정책,139
004540,깨끗한나라,출산장려정책,139
014100,메디앙스,출산장려정책,139
012690,모나리자,출산장려정책,139
036000,예림당,출산장려정책,139
013990,아가방컴퍼니,출산장려정책,139
900270,헝셩그룹,출산장려정책,139
462310,뉴키즈온,출산장려정책,139
435570,에르코스,출산장려정책,139
407400,꿈비,출산장려정책,139
403850,더핑크퐁컴퍼니,출산장려정책,139
419530,SAMG엔터,출산장려정책,139
092730,네오팜,출산장려정책,139
234340,헥토파이낸셜,전자결제(전자화폐),272
025770,한국정보통신,전자결제(전자화폐),272
035600,KG이니시스,전자결제(전자화폐),272
377300,카카오페이,전자결제(전자화폐),272
115310,인포바인,전자결제(전자화폐),272
294570,쿠콘,전자결제(전자화폐),272
046440,KG파이낸셜,전자결제(전자화폐),272
039290,인포뱅크,전자결제(전자화폐),272
060250,NHN KCP,전자결제(전자화폐),272
181710,NHN,전자결제(전자화폐),272
094480,갤럭시아머니트리,전자결제(전자화폐),272
042000,카페24,전자결제(전자화폐),272
064260,다날,전자결제(전자화폐),272
086790,하나금융지주,토스(toss),497
084680,이월드,토스(toss),497
236810,엔비티,토스(toss),497
041460,한국전자인증,토스(toss),497
020180,대신정보통신,토스(toss),497
003530,한화투자증권,토스(toss),497
394420,리센스메디컬,2026 상반기 신규상장,590
458350,에스팀,2026 상반기 신규상장,590
279570,케이뱅크,2026 상반기 신규상장,590
493330,지에프아이,2026 상반기 신규상장,590
408470,한패스,2026 상반기 신규상장,590
493280,아이엠바이오로직스,2026 상반기 신규상장,590
347700,스피어,원격진료/비대면진료(U-Healthcare),149
071200,인피니트헬스케어,원격진료/비대면진료(U-Healthcare),149
131370,알서포트,원격진료/비대면진료(U-Healthcare),149
005250,녹십자홀딩스,원격진료/비대면진료(U-Healthcare),149
078160,메디포스트,원격진료/비대면진료(U-Healthcare),149
099750,이지케어텍,원격진료/비대면진료(U-Healthcare),149
439580,블루엠텍,원격진료/비대면진료(U-Healthcare),149
290660,다이나믹솔루션,원격진료/비대면진료(U-Healthcare),149
038290,마크로젠,원격진료/비대면진료(U-Healthcare),149
085660,차바이오텍,원격진료/비대면진료(U-Healthcare),149
032620,GC메디아이,원격진료/비대면진료(U-Healthcare),149
041830,인바디,원격진료/비대면진료(U-Healthcare),149
100120,뷰웍스,원격진료/비대면진료(U-Healthcare),149
458870,씨어스,원격진료/비대면진료(U-Healthcare),149
393210,토마토시스템,원격진료/비대면진료(U-Healthcare),149
032680,소프트센,원격진료/비대면진료(U-Healthcare),149
032850,비트컴퓨터,원격진료/비대면진료(U-Healthcare),149
263700,케어랩스,원격진료/비대면진료(U-Healthcare),149
322510,제이엘케이,원격진료/비대면진료(U-Healthcare),149
033230,인성정보,원격진료/비대면진료(U-Healthcare),149
039860,나노엔텍,원격진료/비대면진료(U-Healthcare),149
417180,핑거스토리,웹툰,488
134580,탑코미디어,웹툰,488
067000,조이시티,웹툰,488
263720,디앤씨미디어,웹툰,488
207760,미스터블루,웹툰,488
048910,대원미디어,웹툰,488
239340,이스트에이드,웹툰,488
432430,와이랩,웹툰,488
236810,엔비티,웹툰,488
201490,미투온,웹툰,488
035720,카카오,웹툰,488
181710,NHN,웹툰,488
020120,키다리스튜디오,웹툰,488
035420,NAVER,웹툰,488
084180,수성웹툰,웹툰,488
047080,한빛소프트,모바일게임(스마트폰),265
205500,넥써쓰,모바일게임(스마트폰),265
052790,액토즈소프트,모바일게임(스마트폰),265
217270,넵튠,모바일게임(스마트폰),265
193250,링크드,모바일게임(스마트폰),265
123420,위메이드플레이,모바일게임(스마트폰),265
331520,밸로프,모바일게임(스마트폰),265
023770,플레이위드,모바일게임(스마트폰),265
112040,위메이드,모바일게임(스마트폰),265
067000,조이시티,모바일게임(스마트폰),265
207760,미스터블루,모바일게임(스마트폰),265
094860,네오리진,모바일게임(스마트폰),265
063080,컴투스홀딩스,모바일게임(스마트폰),265
042420,네오위즈홀딩스,모바일게임(스마트폰),265
192080,더블유게임즈,모바일게임(스마트폰),265
069080,웹젠,모바일게임(스마트폰),265
263750,펄어비스,모바일게임(스마트폰),265
348030,모비릭스,모바일게임(스마트폰),265
950190,고스트스튜디오,모바일게임(스마트폰),265
225570,넥슨게임즈,모바일게임(스마트폰),265
078340,컴투스,모바일게임(스마트폰),265
201490,미투온,모바일게임(스마트폰),265
047560,이스트소프트,모바일게임(스마트폰),265
036570,NC,모바일게임(스마트폰),265
181710,NHN,모바일게임(스마트폰),265
058630,엠게임,모바일게임(스마트폰),265
293490,카카오게임즈,모바일게임(스마트폰),265
194480,데브시스터즈,모바일게임(스마트폰),265
095660,네오위즈,모바일게임(스마트폰),265
251270,넷마블,모바일게임(스마트폰),265
101730,위메이드맥스,모바일게임(스마트폰),265
204610,티쓰리,모바일게임(스마트폰),265
035420,NAVER,모바일게임(스마트폰),265
259960,크래프톤,모바일게임(스마트폰),265
462870,시프트업,모바일게임(스마트폰),265
208640,썸에이지,모바일게임(스마트폰),265
010120,LS ELECTRIC,초전도체,537
023800,인지컨트롤스,초전도체,537
012170,아센디오,초전도체,537
065350,신성델타테크,초전도체,537
004830,덕성,초전도체,537
047310,파워로직스,초전도체,537
217820,원익피앤이,초전도체,537
037330,인지디스플레,초전도체,537
250060,모비스,초전도체,537
042370,비츠로테크,초전도체,537
002240,고려제강,초전도체,537
065130,탑엔지니어링,초전도체,537
294630,서남,초전도체,537
045100,한양이엔지,초전도체,537
052710,아모텍,초전도체,537
170790,파이오링크,마이데이터,507
036630,세종텔레콤,마이데이터,507
158430,아톤,마이데이터,507
372800,아이티아이즈,마이데이터,507
089850,유비벨록스,마이데이터,507
214180,헥토이노베이션,마이데이터,507
294570,쿠콘,마이데이터,507
030190,NICE평가정보,마이데이터,507
035420,NAVER,마이데이터,507
150900,파수에이아이,마이데이터,507
163730,핑거,마이데이터,507
031210,서울보증보험,손해보험,164
000810,삼성화재,손해보험,164
003690,코리안리,손해보험,164
000540,흥국화재,손해보험,164
000400,롯데손해보험,손해보험,164
000370,한화손해보험,손해보험,164
005830,DB손해보험,손해보험,164
001450,현대해상,손해보험,164
205500,넥써쓰,스테이블코인,582
042510,라온시큐어,스테이블코인,582
234340,헥토파이낸셜,스테이블코인,582
199480,뱅크웨어글로벌,스테이블코인,582
035600,KG이니시스,스테이블코인,582
223310,사토시홀딩스,스테이블코인,582
158430,아톤,스테이블코인,582
053300,한국정보인증,스테이블코인,582
112040,위메이드,스테이블코인,582
124500,아이티센글로벌,스테이블코인,582
377300,카카오페이,스테이블코인,582
214180,헥토이노베이션,스테이블코인,582
294570,쿠콘,스테이블코인,582
046440,KG파이낸셜,스테이블코인,582
462860,더즌,스테이블코인,582
201490,미투온,스테이블코인,582
060250,NHN KCP,스테이블코인,582
064400,LG씨엔에스,스테이블코인,582
308100,형지글로벌,스테이블코인,582
064260,다날,스테이블코인,582
035420,NAVER,스테이블코인,582
232830,아이티센피엔에스,스테이블코인,582
203650,드림시큐리티,스테이블코인,582
163730,핑거,스테이블코인,582
054920,한컴위드,스테이블코인,582
001440,대한전선,원자력발전,205
010120,LS ELECTRIC,원자력발전,205
086670,비엠티,원자력발전,205
282720,금양그린파워,원자력발전,205
103230,에스앤더블류,원자력발전,205
036640,HRS,원자력발전,205
007460,에이프로젠,원자력발전,205
040610,SG&G,원자력발전,205
094820,일진파워,원자력발전,205
096350,대창솔루션,원자력발전,205
036190,금화피에스시,원자력발전,205
126720,수산인더스트리,원자력발전,205
038010,제일테크노스,원자력발전,205
081150,티플랙스,원자력발전,205
140520,대창스틸,원자력발전,205
187220,디티앤씨,원자력발전,205
013030,하이록코리아,원자력발전,205
034020,두산에너빌리티,원자력발전,205
298040,효성중공업,원자력발전,205
051600,한전KPS,원자력발전,205
095190,신화프리텍,원자력발전,205
044490,태웅,원자력발전,205
375500,DL이앤씨,원자력발전,205
015760,한국전력,원자력발전,205
011700,한신기계,원자력발전,205
105840,우진,원자력발전,205
083650,비에이치아이,원자력발전,205
052690,한전기술,원자력발전,205
457550,우진엔텍,원자력발전,205
046120,오르비텍,원자력발전,205
189860,서전기전,원자력발전,205
053690,한미글로벌,원자력발전,205
019990,에너토크,원자력발전,205
006910,보성파워텍,원자력발전,205
014620,성광벤드,원자력발전,205
130660,한전산업,원자력발전,205
388050,지투파워,원자력발전,205
023160,태광,원자력발전,205
032820,우리기술,원자력발전,205
105740,디케이락,원자력발전,205
054540,삼영엠텍,원자력발전,205
136150,원일티엔아이,원자력발전,205
098070,한텍,원자력발전,205
012210,삼미금속,원자력발전,205
100840,SNT에너지,원자력발전,205
000720,현대건설,원자력발전,205
045100,한양이엔지,원자력발전,205
114190,강원에너지,원자력발전,205
047040,대우건설,원자력발전,205
006360,GS건설,원자력발전,205
207940,삼성바이오로직스,오가노이드,597
475960,토모큐브,오가노이드,597
217730,강스템바이오텍,오가노이드,597
476040,오가노이드사이언스,오가노이드,597
068330,일신바이오,오가노이드,597
001060,JW중외제약,오가노이드,597
246710,티앤알바이오팹,오가노이드,597
223250,드림씨아이에스,오가노이드,597
117730,티로보틱스,OLED(유기 발광 다이오드),9
066570,LG전자,OLED(유기 발광 다이오드),9
090360,로보스타,OLED(유기 발광 다이오드),9
115440,우리넷,OLED(유기 발광 다이오드),9
144960,뉴파워프라즈마,OLED(유기 발광 다이오드),9
187870,디바이스,OLED(유기 발광 다이오드),9
108320,LX세미콘,OLED(유기 발광 다이오드),9
141000,비아트론,OLED(유기 발광 다이오드),9
096870,엘디티,OLED(유기 발광 다이오드),9
036930,주성엔지니어링,OLED(유기 발광 다이오드),9
320000,한울반도체,OLED(유기 발광 다이오드),9
265520,AP시스템,OLED(유기 발광 다이오드),9
256630,포인트엔지니어링,OLED(유기 발광 다이오드),9
321260,프로이천,OLED(유기 발광 다이오드),9
131290,티에스이,OLED(유기 발광 다이오드),9
131760,파인텍,OLED(유기 발광 다이오드),9
054040,한국컴퓨터,OLED(유기 발광 다이오드),9
257370,피엔티엠에스,OLED(유기 발광 다이오드),9
177350,베셀,OLED(유기 발광 다이오드),9
457370,한켐,OLED(유기 발광 다이오드),9
371950,풍원정밀,OLED(유기 발광 다이오드),9
043590,웰킵스하이텍,OLED(유기 발광 다이오드),9
137080,나래나노텍,OLED(유기 발광 다이오드),9
295310,에이치브이엠,OLED(유기 발광 다이오드),9
155650,와이엠씨,OLED(유기 발광 다이오드),9
297890,HB솔루션,OLED(유기 발광 다이오드),9
083310,엘오티베큠,OLED(유기 발광 다이오드),9
238490,힘스,OLED(유기 발광 다이오드),9
251630,브이원텍,OLED(유기 발광 다이오드),9
059100,아이컴포넌트,OLED(유기 발광 다이오드),9
034220,LG디스플레이,OLED(유기 발광 다이오드),9
108230,톱텍,OLED(유기 발광 다이오드),9
049950,미래컴퍼니,OLED(유기 발광 다이오드),9
143540,영우디에스피,OLED(유기 발광 다이오드),9
347770,핌스,OLED(유기 발광 다이오드),9
079950,인베니아,OLED(유기 발광 다이오드),9
078150,HB테크놀러지,OLED(유기 발광 다이오드),9
056190,에스에프에이,OLED(유기 발광 다이오드),9
336680,탑런토탈솔루션,OLED(유기 발광 다이오드),9
040910,아이씨디,OLED(유기 발광 다이오드),9
090470,제이스로보틱스,OLED(유기 발광 다이오드),9
083930,아바코,OLED(유기 발광 다이오드),9
351320,넥사다이내믹스,OLED(유기 발광 다이오드),9
171010,램테크놀러지,OLED(유기 발광 다이오드),9
005930,삼성전자,OLED(유기 발광 다이오드),9
065130,탑엔지니어링,OLED(유기 발광 다이오드),9
051910,LG화학,OLED(유기 발광 다이오드),9
011690,와이투솔루션,OLED(유기 발광 다이오드),9
083470,이엠앤아이,OLED(유기 발광 다이오드),9
171090,선익시스템,OLED(유기 발광 다이오드),9
094970,제이엠티,OLED(유기 발광 다이오드),9
272290,이녹스첨단소재,OLED(유기 발광 다이오드),9
240810,원익IPS,OLED(유기 발광 다이오드),9
161580,필옵틱스,OLED(유기 발광 다이오드),9
256940,킵스파마,OLED(유기 발광 다이오드),9
255440,야스,OLED(유기 발광 다이오드),9
178920,PI첨단소재,OLED(유기 발광 다이오드),9
014680,한솔케미칼,OLED(유기 발광 다이오드),9
239890,피엔에이치테크,OLED(유기 발광 다이오드),9
083500,에프엔에스테크,OLED(유기 발광 다이오드),9
089980,상아프론테크,OLED(유기 발광 다이오드),9
475660,에스켐,OLED(유기 발광 다이오드),9
114810,한솔아이원스,OLED(유기 발광 다이오드),9
110990,디아이티,OLED(유기 발광 다이오드),9
104830,원익머트리얼즈,OLED(유기 발광 다이오드),9
054620,APS,OLED(유기 발광 다이오드),9
213420,덕산네오룩스,OLED(유기 발광 다이오드),9
267320,나인테크,OLED(유기 발광 다이오드),9
063760,이엘피,OLED(유기 발광 다이오드),9
250930,예선테크,OLED(유기 발광 다이오드),9
068790,DMS,OLED(유기 발광 다이오드),9
317330,덕산테코피아,OLED(유기 발광 다이오드),9
122640,예스티,OLED(유기 발광 다이오드),9
278280,천보,OLED(유기 발광 다이오드),9
290520,신도기연,OLED(유기 발광 다이오드),9
121600,나노신소재,OLED(유기 발광 다이오드),9
088130,동아엘텍,OLED(유기 발광 다이오드),9
336370,솔루스첨단소재,OLED(유기 발광 다이오드),9
039830,오로라,엔젤산업,316
317530,에피소드컴퍼니,엔젤산업,316
066910,손오공,엔젤산업,316
267980,매일유업,엔젤산업,316
215480,토박스코리아,엔젤산업,316
095720,웅진씽크빅,엔젤산업,316
002450,삼익악기,엔젤산업,316
040420,정상제이엘에스,엔젤산업,316
003920,남양유업,엔젤산업,316
159580,제로투세븐,엔젤산업,316
068290,삼성출판사,엔젤산업,316
019680,대교,엔젤산업,316
005360,모나미,엔젤산업,316
048910,대원미디어,엔젤산업,316
014100,메디앙스,엔젤산업,316
036000,예림당,엔젤산업,316
013990,아가방컴퍼니,엔젤산업,316
900270,헝셩그룹,엔젤산업,316
462310,뉴키즈온,엔젤산업,316
435570,에르코스,엔젤산업,316
407400,꿈비,엔젤산업,316
403850,더핑크퐁컴퍼니,엔젤산업,316
419530,SAMG엔터,엔젤산업,316
092730,네오팜,엔젤산업,316
900300,오가닉티코스메틱,엔젤산업,316
047050,포스코인터내셔널,리비안(RIVIAN),501
002880,디와이에이,리비안(RIVIAN),501
125210,아모그린텍,리비안(RIVIAN),501
004270,남성,리비안(RIVIAN),501
234100,폴라리스세원,리비안(RIVIAN),501
024890,대원화성,리비안(RIVIAN),501
075970,동국알앤에스,리비안(RIVIAN),501
013570,디와이,리비안(RIVIAN),501
354320,알멕,리비안(RIVIAN),501
128540,에코캡,리비안(RIVIAN),501
204320,HL만도,리비안(RIVIAN),501
017370,우신시스템,리비안(RIVIAN),501
215360,우리산업,리비안(RIVIAN),501
006400,삼성SDI,리비안(RIVIAN),501
043370,피에이치에이,리비안(RIVIAN),501
137400,피엔티,리비안(RIVIAN),501
012860,모베이스전자,리비안(RIVIAN),501
091580,상신이디피,리비안(RIVIAN),501
240600,유진테크놀로지,리비안(RIVIAN),501
002710,TCC스틸,리비안(RIVIAN),501
222080,씨아이에스,리비안(RIVIAN),501
052260,현대바이오랜드,고령화 사회(노인복지),311
071200,인피니트헬스케어,고령화 사회(노인복지),311
004080,신흥,고령화 사회(노인복지),311
460940,피앤에스로보틱스,고령화 사회(노인복지),311
005250,녹십자홀딩스,고령화 사회(노인복지),311
115480,씨유메디칼,고령화 사회(노인복지),311
006140,피제이전자,고령화 사회(노인복지),311
066700,테라젠이텍스,고령화 사회(노인복지),311
078160,메디포스트,고령화 사회(노인복지),311
003220,대원제약,고령화 사회(노인복지),311
100700,세운메디칼,고령화 사회(노인복지),311
038290,마크로젠,고령화 사회(노인복지),311
065510,휴비츠,고령화 사회(노인복지),311
043150,바텍,고령화 사회(노인복지),311
085660,차바이오텍,고령화 사회(노인복지),311
032620,GC메디아이,고령화 사회(노인복지),311
047920,HLB제약,고령화 사회(노인복지),311
060280,큐렉소,고령화 사회(노인복지),311
005930,삼성전자,고령화 사회(노인복지),311
041830,인바디,고령화 사회(노인복지),311
174900,앱클론,고령화 사회(노인복지),311
099190,아이센스,고령화 사회(노인복지),311
051910,LG화학,고령화 사회(노인복지),311
100120,뷰웍스,고령화 사회(노인복지),311
001060,JW중외제약,고령화 사회(노인복지),311
039200,오스코텍,고령화 사회(노인복지),311
059210,메타바이오메드,고령화 사회(노인복지),311
067170,오텍,고령화 사회(노인복지),311
032850,비트컴퓨터,고령화 사회(노인복지),311
119610,인터로조,고령화 사회(노인복지),311
220100,퓨쳐켐,고령화 사회(노인복지),311
032940,원익,고령화 사회(노인복지),311
950160,코오롱티슈진,고령화 사회(노인복지),311
033230,인성정보,고령화 사회(노인복지),311
039860,나노엔텍,고령화 사회(노인복지),311
002460,HS화성,건설 중소형,322
002290,삼일기업공사,건설 중소형,322
004960,한신공영,건설 중소형,322
091590,남화토건,건설 중소형,322
013700,까뮤이앤씨,건설 중소형,322
005960,동부건설,건설 중소형,322
010960,삼호개발,건설 중소형,322
016250,SGC E&C,건설 중소형,322
011370,서한,건설 중소형,322
007680,대원,건설 중소형,322
013360,일성건설,건설 중소형,322
013120,동원개발,건설 중소형,322
001260,남광토건,건설 중소형,322
017000,신원종합개발,건설 중소형,322
013580,계룡건설,건설 중소형,322
025950,동신건설,건설 중소형,322
014790,HL D&I,건설 중소형,322
009410,태영건설,건설 중소형,322
002990,금호건설,건설 중소형,322
003070,코오롱글로벌,건설 중소형,322
042940,상지건설,건설 중소형,322
046940,우원개발,건설 중소형,322
021320,KCC건설,건설 중소형,322
002780,진흥기업,건설 중소형,322
010780,아이에스동서,건설 중소형,322
070960,모나용평,호텔/리조트,407
000880,한화,호텔/리조트,407
035250,강원랜드,호텔/리조트,407
194370,제이에스코퍼레이션,호텔/리조트,407
001740,SK네트웍스,호텔/리조트,407
139480,이마트,호텔/리조트,407
034230,파라다이스,호텔/리조트,407
025980,아난티,호텔/리조트,407
294870,IPARK현대산업개발,호텔/리조트,407
007720,소노스퀘어,호텔/리조트,407
008770,호텔신라,호텔/리조트,407
032350,롯데관광개발,호텔/리조트,407
006730,서부T&D,호텔/리조트,407
499790,GS피앤엘,호텔/리조트,407
227950,엔투텍,모더나(MODERNA),467
207940,삼성바이오로직스,모더나(MODERNA),467
006280,녹십자,모더나(MODERNA),467
950200,소마젠,모더나(MODERNA),467
237690,에스티팜,모더나(MODERNA),467
005690,파미셀,모더나(MODERNA),467
067370,선바이오,바이오시밀러(복제 바이오의약품),241
003060,에이프로젠바이오로직스,바이오시밀러(복제 바이오의약품),241
007460,에이프로젠,바이오시밀러(복제 바이오의약품),241
334970,프레스티지바이오로직스,바이오시밀러(복제 바이오의약품),241
222110,팬젠,바이오시밀러(복제 바이오의약품),241
069620,대웅제약,바이오시밀러(복제 바이오의약품),241
170900,동아에스티,바이오시밀러(복제 바이오의약품),241
185750,종근당,바이오시밀러(복제 바이오의약품),241
003850,보령,바이오시밀러(복제 바이오의약품),241
950210,프레스티지바이오파마,바이오시밀러(복제 바이오의약품),241
006280,녹십자,바이오시밀러(복제 바이오의약품),241
068270,셀트리온,바이오시밀러(복제 바이오의약품),241
086890,이수앱지스,바이오시밀러(복제 바이오의약품),241
051910,LG화학,바이오시밀러(복제 바이오의약품),241
068760,셀트리온제약,바이오시밀러(복제 바이오의약품),241
196170,알테오젠,바이오시밀러(복제 바이오의약품),241
053030,바이넥스,바이오시밀러(복제 바이오의약품),241
009420,한올바이오파마,바이오시밀러(복제 바이오의약품),241
128940,한미약품,바이오시밀러(복제 바이오의약품),241
000250,삼천당제약,바이오시밀러(복제 바이오의약품),241
308080,바이젠셀,면역항암제,389
321550,티움바이오,면역항암제,389
293780,압타바이오,면역항암제,389
291650,압타머사이언스,면역항암제,389
001540,안국약품,면역항암제,389
224060,더코디,면역항암제,389
950220,네오이뮨텍,면역항암제,389
083790,CG인바이츠,면역항암제,389
170900,동아에스티,면역항암제,389
378800,샤페론,면역항암제,389
424870,이뮨온시아,면역항암제,389
299660,셀리드,면역항암제,389
000100,유한양행,면역항암제,389
085660,차바이오텍,면역항암제,389
358570,지아이이노베이션,면역항암제,389
086890,이수앱지스,면역항암제,389
323990,박셀바이오,면역항암제,389
215600,신라젠,면역항암제,389
174900,앱클론,면역항암제,389
365270,큐라클,면역항암제,389
144510,지씨셀,면역항암제,389
195990,에이비프로바이오,면역항암제,389
039200,오스코텍,면역항암제,389
235980,메드팩토,면역항암제,389
095700,제넥신,면역항암제,389
028300,HLB,면역항암제,389
084990,헬릭스미스,면역항암제,389
338840,와이바이오로직스,면역항암제,389
052020,에스티큐브,면역항암제,389
493280,아이엠바이오로직스,면역항암제,389
298380,에이비엘바이오,면역항암제,389
115180,큐리언트,면역항암제,389
141080,리가켐바이오,면역항암제,389
397030,에이프릴바이오,면역항암제,389
308080,바이젠셀,유전자 치료제/분석,376
321550,티움바이오,유전자 치료제/분석,376
011000,진원생명과학,유전자 치료제/분석,376
137310,에스디바이오센서,유전자 치료제/분석,376
046210,HLB파나진,유전자 치료제/분석,376
187420,HLB제넥스,유전자 치료제/분석,376
363250,진시스템,유전자 치료제/분석,376
066700,테라젠이텍스,유전자 치료제/분석,376
389030,지니너스,유전자 치료제/분석,376
127120,제이에스링크,유전자 치료제/분석,376
083790,CG인바이츠,유전자 치료제/분석,376
038290,마크로젠,유전자 치료제/분석,376
006280,녹십자,유전자 치료제/분석,376
311690,CJ 바이오사이언스,유전자 치료제/분석,376
229000,젠큐릭스,유전자 치료제/분석,376
394800,쓰리빌리언,유전자 치료제/분석,376
225220,제놀루션,유전자 치료제/분석,376
096530,씨젠,유전자 치료제/분석,376
950130,엑세스바이오,유전자 치료제/분석,376
226330,신테카바이오,유전자 치료제/분석,376
476830,알지노믹스,유전자 치료제/분석,376
215600,신라젠,유전자 치료제/분석,376
340450,지씨지놈,유전자 치료제/분석,376
174900,앱클론,유전자 치료제/분석,376
354200,엔젠바이오,유전자 치료제/분석,376
461030,아이엠비디엑스,유전자 치료제/분석,376
084650,랩지노믹스,유전자 치료제/분석,376
950200,소마젠,유전자 치료제/분석,376
095700,제넥신,유전자 치료제/분석,376
348150,고바이오랩,유전자 치료제/분석,376
228760,지노믹트리,유전자 치료제/분석,376
102940,코오롱생명과학,유전자 치료제/분석,376
064550,바이오니아,유전자 치료제/분석,376
084990,헬릭스미스,유전자 치료제/분석,376
092040,아미코젠,유전자 치료제/분석,376
456070,이엔셀,유전자 치료제/분석,376
373110,엑셀세라퓨틱스,유전자 치료제/분석,376
199800,툴젠,유전자 치료제/분석,376
331920,셀레믹스,유전자 치료제/분석,376
314130,지놈앤컴퍼니,유전자 치료제/분석,376
372320,큐로셀,유전자 치료제/분석,376
082640,동양생명,생명보험,283
032830,삼성생명,생명보험,283
003690,코리안리,생명보험,283
088350,한화생명,생명보험,283
085620,미래에셋생명,생명보험,283
103230,에스앤더블류,원자력발전소 해체,401
199430,케이엔알시스템,원자력발전소 해체,401
096350,대창솔루션,원자력발전소 해체,401
034020,두산에너빌리티,원자력발전소 해체,401
051600,한전KPS,원자력발전소 해체,401
105840,우진,원자력발전소 해체,401
083650,비에이치아이,원자력발전소 해체,401
042370,비츠로테크,원자력발전소 해체,401
052690,한전기술,원자력발전소 해체,401
046120,오르비텍,원자력발전소 해체,401
348350,위드텍,원자력발전소 해체,401
032820,우리기술,원자력발전소 해체,401
098070,한텍,원자력발전소 해체,401
136150,원일티엔아이,원자력발전소 해체,401
000720,현대건설,원자력발전소 해체,401
001390,KG케미칼,수자원(양적/질적 개선),184
002150,도화엔지니어링,수자원(양적/질적 개선),184
022220,티케이지애강,수자원(양적/질적 개선),184
079000,와토스코리아,수자원(양적/질적 개선),184
054220,비츠로시스,수자원(양적/질적 개선),184
043910,자연과환경,수자원(양적/질적 개선),184
000970,한국주철관,수자원(양적/질적 개선),184
060260,뉴보텍,수자원(양적/질적 개선),184
023350,한국종합기술,수자원(양적/질적 개선),184
021240,코웨이,수자원(양적/질적 개선),184
034020,두산에너빌리티,수자원(양적/질적 개선),184
076080,웰크론한텍,수자원(양적/질적 개선),184
028050,삼성E&A,수자원(양적/질적 개선),184
025320,시노펙스,수자원(양적/질적 개선),184
019990,에너토크,수자원(양적/질적 개선),184
054930,유신,수자원(양적/질적 개선),184
317870,엔바이오니아,수자원(양적/질적 개선),184
009410,태영건설,수자원(양적/질적 개선),184
002990,금호건설,수자원(양적/질적 개선),184
032820,우리기술,수자원(양적/질적 개선),184
102940,코오롱생명과학,수자원(양적/질적 개선),184
003070,코오롱글로벌,수자원(양적/질적 개선),184
008970,KBI동양철관,수자원(양적/질적 개선),184
047040,대우건설,수자원(양적/질적 개선),184
083660,CSA 코스믹,수자원(양적/질적 개선),184
071090,하이스틸,수자원(양적/질적 개선),184
006360,GS건설,수자원(양적/질적 개선),184
004960,한신공영,모듈러주택,524
043910,자연과환경,모듈러주택,524
109610,에스와이,모듈러주택,524
090410,덕신이피씨,모듈러주택,524
005490,POSCO홀딩스,모듈러주택,524
014280,금강공업,모듈러주택,524
475230,엔알비,모듈러주택,524
028260,삼성물산,모듈러주택,524
003070,코오롱글로벌,모듈러주택,524
006360,GS건설,모듈러주택,524
025820,이구산업,비철금속,171
021050,서원,비철금속,171
009190,대양금속,비철금속,171
198940,한주라이트메탈,비철금속,171
037760,쎄니트,비철금속,171
012800,대창,비철금속,171
060480,국일신동,비철금속,171
015890,태경산업,비철금속,171
128660,피제이메탈,비철금속,171
354320,알멕,비철금속,171
081150,티플랙스,비철금속,171
032560,황금에스티,비철금속,171
005810,풍산홀딩스,비철금속,171
186230,그린플러스,비철금속,171
010130,고려아연,비철금속,171
000670,영풍,비철금속,171
103140,풍산,비철금속,171
009730,이렘,비철금속,171
008350,남선알미늄,비철금속,171
018470,조일알미늄,비철금속,171
001530,DI동일,비철금속,171
006110,삼아알미늄,비철금속,171
004560,현대비앤지스틸,비철금속,171
009520,포스코엠텍,비철금속,171
001780,알루코,비철금속,171
340810,시선AI,의료AI,543
347700,스피어,의료AI,543
328130,루닛,의료AI,543
419540,비스토스,의료AI,543
384470,코어라인소프트,의료AI,543
099750,이지케어텍,의료AI,543
127120,제이에스링크,의료AI,543
229000,젠큐릭스,의료AI,543
394800,쓰리빌리언,의료AI,543
226330,신테카바이오,의료AI,543
208370,셀바스헬스케어,의료AI,543
315640,딥노이드,의료AI,543
354200,엔젠바이오,의료AI,543
108860,셀바스AI,의료AI,543
458870,씨어스,의료AI,543
388870,파로스아이바이오,의료AI,543
380550,뉴로핏,의료AI,543
084650,랩지노믹스,의료AI,543
041920,메디아나,의료AI,543
393210,토마토시스템,의료AI,543
338220,뷰노,의료AI,543
223250,드림씨아이에스,의료AI,543
288980,모아데이타,의료AI,543
041020,폴라리스오피스,의료AI,543
322510,제이엘케이,의료AI,543
033230,인성정보,의료AI,543
382150,온코크로스,의료AI,543
376900,로킷헬스케어,의료AI,543
376930,노을,의료AI,543
015230,대창단조,건설기계,378
010240,흥국,건설기계,378
003010,혜인,건설기계,378
053160,프리엠스,건설기계,378
017550,수산세보틱스,건설기계,378
109860,동일금속,건설기계,378
210540,디와이파워,건설기계,378
317850,대모,건설기계,378
041440,현대에버다임,건설기계,378
019770,서연탑메탈,건설기계,378
079900,전진건설로봇,건설기계,378
036890,진성티이씨,건설기계,378
241560,두산밥캣,건설기계,378
012210,삼미금속,건설기계,378
020400,대동금속,건설기계,378
267270,HD건설기계,건설기계,378
086790,하나금융지주,STO(토큰증권 발행),531
234340,헥토파이낸셜,STO(토큰증권 발행),531
199480,뱅크웨어글로벌,STO(토큰증권 발행),531
158430,아톤,STO(토큰증권 발행),531
105560,KB금융,STO(토큰증권 발행),531
055550,신한지주,STO(토큰증권 발행),531
053300,한국정보인증,STO(토큰증권 발행),531
372800,아이티아이즈,STO(토큰증권 발행),531
124500,아이티센글로벌,STO(토큰증권 발행),531
190650,코리아에셋투자증권,STO(토큰증권 발행),531
063170,서울옥션,STO(토큰증권 발행),531
001510,SK증권,STO(토큰증권 발행),531
088340,유라클,STO(토큰증권 발행),531
011420,갤럭시아에스엠,STO(토큰증권 발행),531
102370,케이옥션,STO(토큰증권 발행),531
094480,갤럭시아머니트리,STO(토큰증권 발행),531
005940,NH투자증권,STO(토큰증권 발행),531
030610,교보증권,STO(토큰증권 발행),531
064260,다날,STO(토큰증권 발행),531
071050,한국금융지주,STO(토큰증권 발행),531
003530,한화투자증권,STO(토큰증권 발행),531
041190,우리기술투자,STO(토큰증권 발행),531
163730,핑거,STO(토큰증권 발행),531
039490,키움증권,STO(토큰증권 발행),531
001200,유진투자증권,STO(토큰증권 발행),531
196300,HLB펩,비만치료제,540
456160,지투지바이오,비만치료제,540
348080,큐라티스,비만치료제,540
291650,압타머사이언스,비만치료제,540
214370,케어젠,비만치료제,540
439580,블루엠텍,비만치료제,540
003220,대원제약,비만치료제,540
069620,대웅제약,비만치료제,540
089140,넥스턴앤롤코리아,비만치료제,540
002800,신신제약,비만치료제,540
170900,동아에스티,비만치료제,540
378800,샤페론,비만치료제,540
180400,DXVX,비만치료제,540
185750,종근당,비만치료제,540
067080,대화제약,비만치료제,540
000100,유한양행,비만치료제,540
002390,한독,비만치료제,540
214260,라파스,비만치료제,540
048870,시너지이노베이션,비만치료제,540
078140,대봉엘에스,비만치료제,540
047920,HLB제약,비만치료제,540
051910,LG화학,비만치료제,540
256840,한국비엔씨,비만치료제,540
009290,광동제약,비만치료제,540
068760,셀트리온제약,비만치료제,540
095700,제넥신,비만치료제,540
348150,고바이오랩,비만치료제,540
249420,일동제약,비만치료제,540
195940,HK이노엔,비만치료제,540
087010,펩트론,비만치료제,540
138610,나이벡,비만치료제,540
389470,인벤티지랩,비만치료제,540
347850,디앤디파마텍,비만치료제,540
128940,한미약품,비만치료제,540
000250,삼천당제약,비만치료제,540
226950,올릭스,비만치료제,540
137940,넥스트아이,화장품,110
227610,아우딘퓨쳐스,화장품,110
052260,현대바이오랜드,화장품,110
002840,미원상사,화장품,110
019660,글로본,화장품,110
006490,인스코비,화장품,110
265740,엔에프씨,화장품,110
196300,HLB펩,화장품,110
090370,메타랩스,화장품,110
003350,한국화장품제조,화장품,110
053980,오상자이엘,화장품,110
049830,승일,화장품,110
159910,에코글로우,화장품,110
252500,세화피앤씨,화장품,110
298060,풍전약품,화장품,110
018700,바른손,화장품,110
080530,코디,화장품,110
225430,케이엠제약,화장품,110
192440,슈피겐코리아,화장품,110
051900,LG생활건강,화장품,110
263920,휴엠앤씨,화장품,110
214370,케어젠,화장품,110
900310,컬러레이,화장품,110
159580,제로투세븐,화장품,110
003580,HLB글로벌,화장품,110
032860,더라미,화장품,110
161890,한국콜마,화장품,110
006620,동구바이오제약,화장품,110
217730,강스템바이오텍,화장품,110
377220,프롬바이오,화장품,110
142760,모아라이프플러스,화장품,110
002720,국제약품,화장품,110
021240,코웨이,화장품,110
260930,씨티케이,화장품,110
471820,셀로맥스사이언스,화장품,110
420570,제이투케이바이오,화장품,110
347740,피엔케이피부임상연구센타,화장품,110
388610,지에프씨생명과학,화장품,110
451250,삐아,화장품,110
318160,셀바이오휴먼텍,화장품,110
219550,디와이디,화장품,110
214260,라파스,화장품,110
024720,콜마홀딩스,화장품,110
101240,씨큐브,화장품,110
453860,에이에스텍,화장품,110
214420,토니모리,화장품,110
257720,실리콘투,화장품,110
078140,대봉엘에스,화장품,110
200130,콜마비앤에이치,화장품,110
900270,헝셩그룹,화장품,110
086710,선진뷰티사이언스,화장품,110
462310,뉴키즈온,화장품,110
016100,리더스코스메틱,화장품,110
362320,청담글로벌,화장품,110
489460,바이오비쥬,화장품,110
025620,차AI헬스케어,화장품,110
237880,클리오,화장품,110
214450,파마리서치,화장품,110
123690,한국화장품,화장품,110
950140,잉글우드랩,화장품,110
018290,브이티,화장품,110
251970,펌텍코리아,화장품,110
031430,신세계인터내셔날,화장품,110
226340,본느,화장품,110
002790,아모레퍼시픽홀딩스,화장품,110
078520,에이블씨엔씨,화장품,110
406820,뷰티스킨,화장품,110
460870,에스엠씨지,화장품,110
352480,씨앤씨인터내셔널,화장품,110
214150,클래시스,화장품,110
027050,코리아나,화장품,110
007390,네이처셀,화장품,110
114840,아이패밀리에스씨,화장품,110
018250,애경산업,화장품,110
168330,내츄럴엔도텍,화장품,110
241710,코스메카코리아,화장품,110
090430,아모레퍼시픽,화장품,110
123330,제닉,화장품,110
439090,마녀공장,화장품,110
192820,코스맥스,화장품,110
483650,달바글로벌,화장품,110
278470,에이피알,화장품,110
226320,잇츠한불,화장품,110
083660,CSA 코스믹,화장품,110
314130,지놈앤컴퍼니,화장품,110
092730,네오팜,화장품,110
048410,현대바이오,화장품,110
005690,파미셀,화장품,110
290650,엘앤씨바이오,화장품,110
900300,오가닉티코스메틱,화장품,110
104480,티케이케미칼,석유화학,180
009830,한화솔루션,석유화학,180
025000,KPX케미칼,석유화학,180
145990,삼양사,석유화학,180
083420,그린케미칼,석유화학,180
003240,태광산업,석유화학,180
011780,금호석유화학,석유화학,180
096770,SK이노베이션,석유화학,180
051910,LG화학,석유화학,180
102260,동성케미컬,석유화학,180
011170,롯데케미칼,석유화학,180
006650,대한유화,석유화학,180
011790,SKC,석유화학,180
285130,SK케미칼,석유화학,180
005950,이수화학,석유화학,180
120110,코오롱인더,석유화학,180
161000,애경케미칼,석유화학,180
070960,모나용평,DMZ 평화공원,398
131180,딜리,DMZ 평화공원,398
065950,웰크론,DMZ 평화공원,398
043910,자연과환경,DMZ 평화공원,398
005740,크라운해태홀딩스,DMZ 평화공원,398
056080,유진로봇,DMZ 평화공원,398
140520,대창스틸,DMZ 평화공원,398
006920,모헨즈,DMZ 평화공원,398
007110,일신석재,DMZ 평화공원,398
014970,삼륭물산,DMZ 평화공원,398
196700,웹스,DMZ 평화공원,398
020710,시공테크,DMZ 평화공원,398
069140,누리플랜,DMZ 평화공원,398
010820,퍼스텍,DMZ 평화공원,398
033170,시그네틱스,DMZ 평화공원,398
004920,씨아이테크,DMZ 평화공원,398
101670,하이드로리튬,DMZ 평화공원,398
071950,코아스,DMZ 평화공원,398
126730,코칩,MLCC(적층세라믹콘덴서),405
009150,삼성전기,MLCC(적층세라믹콘덴서),405
320000,한울반도체,MLCC(적층세라믹콘덴서),405
306620,지아이에스,MLCC(적층세라믹콘덴서),405
149950,아바텍,MLCC(적층세라믹콘덴서),405
382840,원준,MLCC(적층세라믹콘덴서),405
005070,코스모신소재,MLCC(적층세라믹콘덴서),405
078600,대주전자재료,MLCC(적층세라믹콘덴서),405
001820,삼화콘덴서,MLCC(적층세라믹콘덴서),405
052710,아모텍,MLCC(적층세라믹콘덴서),405
047050,포스코인터내셔널,니켈,511
009190,대양금속,니켈,511
011230,삼화전자,니켈,511
080010,이상네트웍스,니켈,511
081150,티플랙스,니켈,511
032560,황금에스티,니켈,511
005490,POSCO홀딩스,니켈,511
051910,LG화학,니켈,511
373220,LG에너지솔루션,니켈,511
263770,유에스티,니켈,511
450080,에코프로머티,니켈,511
377330,이지트로닉스,니켈,511
004560,현대비앤지스틸,니켈,511
001120,LX인터내셔널,니켈,511
048770,TPC로보틱스,3D 프린터,326
090360,로보스타,3D 프린터,326
033200,모아텍,3D 프린터,326
090710,휴림로봇,3D 프린터,326
104540,코렌텍,3D 프린터,326
246710,티앤알바이오팹,3D 프린터,326
039440,에스티아이,3D 프린터,326
099440,스맥,3D 프린터,326
126700,하이비젼시스템,3D 프린터,326
474650,링크솔루션,3D 프린터,326
376900,로킷헬스케어,3D 프린터,326
047810,한국항공우주,항공기부품,379
012450,한화에어로스페이스,항공기부품,379
067390,아스트,항공기부품,379
005870,휴니드,항공기부품,379
034020,두산에너빌리티,항공기부품,379
017960,한국카본,항공기부품,379
095190,신화프리텍,항공기부품,379
003490,대한항공,항공기부품,379
046120,오르비텍,항공기부품,379
079550,LIG디펜스앤에어로스페이스,항공기부품,379
221840,하이즈항공,항공기부품,379
011210,현대위아,항공기부품,379
274090,켄코아에어로스페이스,항공기부품,379
215090,솔디펜스,항공기부품,379
003570,SNT다이내믹스,공작기계,297
000850,화천기공,공작기계,297
010660,화천기계,공작기계,297
100660,서암기계공업,공작기계,297
089140,넥스턴앤롤코리아,공작기계,297
129920,대성하이텍,공작기계,297
004380,삼익THK,공작기계,297
101680,한국정밀기계,공작기계,297
195990,에이비프로바이오,공작기계,297
099440,스맥,공작기계,297
009160,SIMPAC,공작기계,297
047400,유니온머티리얼,공작기계,297
025890,한국주강,공작기계,297
019210,와이지-원,공작기계,297
018680,서울제약,화이자(PFIZER),468
023910,대한약품,화이자(PFIZER),468
000100,유한양행,화이자(PFIZER),468
271980,제일약품,화이자(PFIZER),468
005690,파미셀,화이자(PFIZER),468
294570,쿠콘,지역화폐,575
088340,유라클,지역화폐,575
052400,코나아이,지역화폐,575
053580,웹케시,지역화폐,575
094480,갤럭시아머니트리,지역화폐,575
003280,흥아해운,해운,36
028670,팬오션,해운,36
044450,KSS해운,해운,36
011200,HMM,해운,36
005880,대한해운,해운,36
465770,STX그린로지스,해운,36
047050,포스코인터내셔널,자원개발,79
065170,비엘팜텍,자원개발,79
017390,서울가스,자원개발,79
037950,엘컴텍,자원개발,79
051780,큐로홀딩스,자원개발,79
078930,GS,자원개발,79
036460,한국가스공사,자원개발,79
128820,대성산업,자원개발,79
096770,SK이노베이션,자원개발,79
028260,삼성물산,자원개발,79
011760,현대코퍼레이션,자원개발,79
001250,GS글로벌,자원개발,79
001120,LX인터내셔널,자원개발,79
065420,에스아이리소스,자원개발,79
017510,세명전기,GTX(수도권 광역급행철도),237
064350,현대로템,GTX(수도권 광역급행철도),237
002150,도화엔지니어링,GTX(수도권 광역급행철도),237
054220,비츠로시스,GTX(수도권 광역급행철도),237
005960,동부건설,GTX(수도권 광역급행철도),237
026150,특수건설,GTX(수도권 광역급행철도),237
011370,서한,GTX(수도권 광역급행철도),237
028100,동아지질,GTX(수도권 광역급행철도),237
001260,남광토건,GTX(수도권 광역급행철도),237
023410,유진기업,GTX(수도권 광역급행철도),237
375500,DL이앤씨,GTX(수도권 광역급행철도),237
294870,IPARK현대산업개발,GTX(수도권 광역급행철도),237
014790,HL D&I,GTX(수도권 광역급행철도),237
054930,유신,GTX(수도권 광역급행철도),237
009410,태영건설,GTX(수도권 광역급행철도),237
002990,금호건설,GTX(수도권 광역급행철도),237
039980,폴라리스AI,GTX(수도권 광역급행철도),237
045390,대아티아이,GTX(수도권 광역급행철도),237
000720,현대건설,GTX(수도권 광역급행철도),237
046940,우원개발,GTX(수도권 광역급행철도),237
017480,삼현철강,GTX(수도권 광역급행철도),237
097230,HJ중공업,GTX(수도권 광역급행철도),237
047040,대우건설,GTX(수도권 광역급행철도),237
006360,GS건설,GTX(수도권 광역급행철도),237
187420,HLB제넥스,마이크로바이옴,470
051900,LG생활건강,마이크로바이옴,470
063160,종근당바이오,마이크로바이옴,470
238200,비피도,마이크로바이옴,470
180400,DXVX,마이크로바이옴,470
038290,마크로젠,마이크로바이옴,470
049960,쎌바이오텍,마이크로바이옴,470
311690,CJ 바이오사이언스,마이크로바이옴,470
239610,에이치엘사이언스,마이크로바이옴,470
024720,콜마홀딩스,마이크로바이옴,470
206650,유바이오로직스,마이크로바이옴,470
084650,랩지노믹스,마이크로바이옴,470
950200,소마젠,마이크로바이옴,470
376270,HEM파마,마이크로바이옴,470
348150,고바이오랩,마이크로바이옴,470
048530,인트론바이오,마이크로바이옴,470
090430,아모레퍼시픽,마이크로바이옴,470
314130,지놈앤컴퍼니,마이크로바이옴,470
031820,아이티센씨티에스,NI(네트워크통합),56
042500,링네트,NI(네트워크통합),56
038680,에스넷,NI(네트워크통합),56
029480,광무,NI(네트워크통합),56
173130,오파스넷,NI(네트워크통합),56
033230,인성정보,NI(네트워크통합),56
049480,오픈베이스,NI(네트워크통합),56
282880,코윈테크,2차전지(LFP/리튬인산철),503
037370,EG,2차전지(LFP/리튬인산철),503
125210,아모그린텍,2차전지(LFP/리튬인산철),503
096770,SK이노베이션,2차전지(LFP/리튬인산철),503
037030,파워넷,2차전지(LFP/리튬인산철),503
373220,LG에너지솔루션,2차전지(LFP/리튬인산철),503
018290,브이티,2차전지(LFP/리튬인산철),503
032680,소프트센,2차전지(LFP/리튬인산철),503
360070,탑머티리얼,2차전지(LFP/리튬인산철),503
054300,팬스타엔터프라이즈,2차전지(LFP/리튬인산철),503
066970,엘앤에프,2차전지(LFP/리튬인산철),503
222080,씨아이에스,2차전지(LFP/리튬인산철),503
079980,휴비스,마스크,285
045520,크린앤사이언스,마스크,285
083550,케이엠,마스크,285
352700,씨앤투스,마스크,285
002070,비비안,마스크,285
065950,웰크론,마스크,285
001520,동양,마스크,285
004540,깨끗한나라,마스크,285
014100,메디앙스,마스크,285
002720,국제약품,마스크,285
108230,톱텍,마스크,285
372910,한컴라이프케어,마스크,285
012690,모나리자,마스크,285
034940,조아제약,마스크,285
013990,아가방컴퍼니,마스크,285
001060,JW중외제약,마스크,285
086450,동국제약,마스크,285
018250,애경산업,마스크,285
294140,레몬,마스크,285
047770,코데즈컴바인,마스크,285
263020,디케이앤디,마스크,285
042040,케이피엠테크,마스크,285
004430,송원산업,日 수출 규제(국산화 등),422
009830,한화솔루션,日 수출 규제(국산화 등),422
079810,APS이노베이션,日 수출 규제(국산화 등),422
371950,풍원정밀,日 수출 규제(국산화 등),422
101490,에스앤에스텍,日 수출 규제(국산화 등),422
482630,삼양엔씨켐,日 수출 규제(국산화 등),422
019540,일지테크,日 수출 규제(국산화 등),422
012610,경인양행,日 수출 규제(국산화 등),422
014970,삼륭물산,日 수출 규제(국산화 등),422
171010,램테크놀러지,日 수출 규제(국산화 등),422
220260,켐트로스,日 수출 규제(국산화 등),422
013310,아진산업,日 수출 규제(국산화 등),422
272290,이녹스첨단소재,日 수출 규제(국산화 등),422
005290,동진쎄미켐,日 수출 규제(국산화 등),422
178920,PI첨단소재,日 수출 규제(국산화 등),422
008730,율촌화학,日 수출 규제(국산화 등),422
357780,솔브레인,日 수출 규제(국산화 등),422
046970,우리로,日 수출 규제(국산화 등),422
093370,후성,日 수출 규제(국산화 등),422
042040,케이피엠테크,日 수출 규제(국산화 등),422
109740,디에스케이,2차전지,64
001390,KG케미칼,2차전지,64
396300,세아메카닉스,2차전지,64
059090,미코,2차전지,64
089890,코세스,2차전지,64
168360,펨트론,2차전지,64
126730,코칩,2차전지,64
282880,코윈테크,2차전지,64
364950,에이아이코리아,2차전지,64
452190,한빛레이저,2차전지,64
064290,인텍플러스,2차전지,64
051490,나라엠앤디,2차전지,64
302430,이노메트리,2차전지,64
053080,케이엔솔,2차전지,64
469750,아이비젼웍스,2차전지,64
079810,APS이노베이션,2차전지,64
096630,에스코넥,2차전지,64
131760,파인텍,2차전지,64
320000,한울반도체,2차전지,64
458650,성우,2차전지,64
900070,글로벌에스엠,2차전지,64
084850,아이티엠반도체,2차전지,64
257370,피엔티엠에스,2차전지,64
093920,서원인텍,2차전지,64
312610,에이에프더블류,2차전지,64
378340,필에너지,2차전지,64
075970,동국알앤에스,2차전지,64
333620,엔시스,2차전지,64
148930,에이치와이티씨,2차전지,64
354320,알멕,2차전지,64
065350,신성델타테크,2차전지,64
251630,브이원텍,2차전지,64
004910,조광페인트,2차전지,64
419050,삼기에너지솔루션즈,2차전지,64
014820,동원시스템즈,2차전지,64
032560,황금에스티,2차전지,64
382480,지아이텍,2차전지,64
452200,민테크,2차전지,64
265560,영화테크,2차전지,64
129920,대성하이텍,2차전지,64
005490,POSCO홀딩스,2차전지,64
108230,톱텍,2차전지,64
047310,파워로직스,2차전지,64
049950,미래컴퍼니,2차전지,64
241790,티이엠씨씨엔에스,2차전지,64
010130,고려아연,2차전지,64
277880,티에스아이,2차전지,64
029480,광무,2차전지,64
452400,이닉스,2차전지,64
056190,에스에프에이,2차전지,64
078150,HB테크놀러지,2차전지,64
081180,쎄크,2차전지,64
217820,원익피앤이,2차전지,64
090470,제이스로보틱스,2차전지,64
083930,아바코,2차전지,64
017370,우신시스템,2차전지,64
033160,엠케이전자,2차전지,64
076080,웰크론한텍,2차전지,64
004490,세방전지,2차전지,64
493330,지에프아이,2차전지,64
446540,메가터치,2차전지,64
020150,롯데에너지머티리얼즈,2차전지,64
006400,삼성SDI,2차전지,64
096770,SK이노베이션,2차전지,64
054090,삼진엘앤디,2차전지,64
065130,탑엔지니어링,2차전지,64
037030,파워넷,2차전지,64
051910,LG화학,2차전지,64
220260,켐트로스,2차전지,64
373220,LG에너지솔루션,2차전지,64
259630,엠플러스,2차전지,64
365340,성일하이텍,2차전지,64
254120,자비스,2차전지,64
137400,피엔티,2차전지,64
455180,케이지에이,2차전지,64
372170,윤성에프앤씨,2차전지,64
382840,원준,2차전지,64
299030,하나기술,2차전지,64
247540,에코프로비엠,2차전지,64
452450,피아이이,2차전지,64
161580,필옵틱스,2차전지,64
032680,소프트센,2차전지,64
361610,SK아이이테크놀로지,2차전지,64
480370,씨케이솔루션,2차전지,64
360070,탑머티리얼,2차전지,64
413390,엠오티,2차전지,64
178920,PI첨단소재,2차전지,64
014680,한솔케미칼,2차전지,64
263770,유에스티,2차전지,64
003670,포스코퓨처엠,2차전지,64
457190,이수스페셜티케미컬,2차전지,64
089980,상아프론테크,2차전지,64
475660,에스켐,2차전지,64
008730,율촌화학,2차전지,64
243840,신흥에스이씨,2차전지,64
005070,코스모신소재,2차전지,64
054210,이랜텍,2차전지,64
005420,코스모화학,2차전지,64
006650,대한유화,2차전지,64
110990,디아이티,2차전지,64
015750,성우하이텍,2차전지,64
294140,레몬,2차전지,64
432470,케이엔에스,2차전지,64
290670,대보마그네틱,2차전지,64
450080,에코프로머티,2차전지,64
011790,SKC,2차전지,64
101360,에코앤드림,2차전지,64
267320,나인테크,2차전지,64
121850,코이즈,2차전지,64
086520,에코프로,2차전지,64
357780,솔브레인,2차전지,64
222420,쎄노텍,2차전지,64
417010,나노팀,2차전지,64
011500,한농화성,2차전지,64
418550,제이오,2차전지,64
055490,테이팩스,2차전지,64
025900,동화기업,2차전지,64
317330,덕산테코피아,2차전지,64
088390,이녹스,2차전지,64
018470,조일알미늄,2차전지,64
078600,대주전자재료,2차전지,64
416180,신성에스티,2차전지,64
114190,강원에너지,2차전지,64
001530,DI동일,2차전지,64
006110,삼아알미늄,2차전지,64
262260,에이프로,2차전지,64
393890,더블유씨피,2차전지,64
093370,후성,2차전지,64
107600,새빗켐,2차전지,64
278280,천보,2차전지,64
091580,상신이디피,2차전지,64
033790,피노,2차전지,64
240600,유진테크놀로지,2차전지,64
348370,엔켐,2차전지,64
121600,나노신소재,2차전지,64
066970,엘앤에프,2차전지,64
042600,새로닉스,2차전지,64
161000,애경케미칼,2차전지,64
002710,TCC스틸,2차전지,64
001780,알루코,2차전지,64
222080,씨아이에스,2차전지,64
036830,솔브레인홀딩스,2차전지,64
336370,솔루스첨단소재,2차전지,64
044480,빌리언스,NFT(대체불가토큰),492
158430,아톤,NFT(대체불가토큰),492
112040,위메이드,NFT(대체불가토큰),492
241840,에이스토리,NFT(대체불가토큰),492
063080,컴투스홀딩스,NFT(대체불가토큰),492
063170,서울옥션,NFT(대체불가토큰),492
214270,FSN,NFT(대체불가토큰),492
201490,미투온,NFT(대체불가토큰),492
011420,갤럭시아에스엠,NFT(대체불가토큰),492
035720,카카오,NFT(대체불가토큰),492
005930,삼성전자,NFT(대체불가토큰),492
047820,초록뱀미디어,NFT(대체불가토큰),492
094480,갤럭시아머니트리,NFT(대체불가토큰),492
058630,엠게임,NFT(대체불가토큰),492
293490,카카오게임즈,NFT(대체불가토큰),492
064260,다날,NFT(대체불가토큰),492
041020,폴라리스오피스,NFT(대체불가토큰),492
035420,NAVER,NFT(대체불가토큰),492
307930,컴퍼니케이,NFT(대체불가토큰),492
163730,핑거,NFT(대체불가토큰),492
094820,일진파워,핵융합에너지,187
034020,두산에너빌리티,핵융합에너지,187
056190,에스에프에이,핵융합에너지,187
250060,모비스,핵융합에너지,187
042370,비츠로테크,핵융합에너지,187
002240,고려제강,핵융합에너지,187
488900,비츠로넥스텍,핵융합에너지,187
001820,삼화콘덴서,핵융합에너지,187
006400,삼성SDI,2차전지(생산),449
096770,SK이노베이션,2차전지(생산),449
373220,LG에너지솔루션,2차전지(생산),449
037370,EG,희귀금속(희토류 등),298
285490,노바텍,희귀금속(희토류 등),298
024890,대원화성,희귀금속(희토류 등),298
011230,삼화전자,희귀금속(희토류 등),298
127120,제이에스링크,희귀금속(희토류 등),298
075970,동국알앤에스,희귀금속(희토류 등),298
081150,티플랙스,희귀금속(희토류 등),298
005490,POSCO홀딩스,희귀금속(희토류 등),298
010130,고려아연,희귀금속(희토류 등),298
000910,유니온,희귀금속(희토류 등),298
419080,엔젯,희귀금속(희토류 등),298
047400,유니온머티리얼,희귀금속(희토류 등),298
229640,LS에코에너지,희귀금속(희토류 등),298
222420,쎄노텍,희귀금속(희토류 등),298
004560,현대비앤지스틸,희귀금속(희토류 등),298
402490,그린리소스,희귀금속(희토류 등),298
011300,우성머티리얼스,희귀금속(희토류 등),298
216080,제테마,미용기기,513
219750,한국비티비,미용기기,513
069620,대웅제약,미용기기,513
450950,아스테라시스,미용기기,513
199550,레이저옵텍,미용기기,513
462510,라메디텍,미용기기,513
000100,유한양행,미용기기,513
240550,동방메디컬,미용기기,513
214450,파마리서치,미용기기,513
256840,한국비엔씨,미용기기,513
086900,메디톡스,미용기기,513
214150,클래시스,미용기기,513
336570,원텍,미용기기,513
200670,휴메딕스,미용기기,513
084110,휴온스글로벌,미용기기,513
145020,휴젤,미용기기,513
483650,달바글로벌,미용기기,513
278470,에이피알,미용기기,513
339950,아이비김영,일자리(취업),324
133750,메가엠디,일자리(취업),324
143240,사람인,일자리(취업),324
440320,오픈놀,일자리(취업),324
027830,대성창투,일자리(취업),324
246690,TS인베스트먼트,일자리(취업),324
376980,원티드랩,일자리(취업),324
241520,DSC인베스트먼트,일자리(취업),324
373160,데이원컴퍼니,일자리(취업),324
059090,미코,2차전지(전고체),472
282880,코윈테크,2차전지(전고체),472
307180,아이엘,2차전지(전고체),472
009150,삼성전기,2차전지(전고체),472
452200,민테크,2차전지(전고체),472
049950,미래컴퍼니,2차전지(전고체),472
277880,티에스아이,2차전지(전고체),472
083930,아바코,2차전지(전고체),472
020150,롯데에너지머티리얼즈,2차전지(전고체),472
006400,삼성SDI,2차전지(전고체),472
096770,SK이노베이션,2차전지(전고체),472
357550,석경에이티,2차전지(전고체),472
373220,LG에너지솔루션,2차전지(전고체),472
259630,엠플러스,2차전지(전고체),472
382840,원준,2차전지(전고체),472
299030,하나기술,2차전지(전고체),472
361610,SK아이이테크놀로지,2차전지(전고체),472
413390,엠오티,2차전지(전고체),472
457190,이수스페셜티케미컬,2차전지(전고체),472
294140,레몬,2차전지(전고체),472
267320,나인테크,2차전지(전고체),472
011500,한농화성,2차전지(전고체),472
055490,테이팩스,2차전지(전고체),472
131400,이브이첨단소재,2차전지(전고체),472
025900,동화기업,2차전지(전고체),472
317330,덕산테코피아,2차전지(전고체),472
078600,대주전자재료,2차전지(전고체),472
278280,천보,2차전지(전고체),472
281740,레이크머티리얼즈,2차전지(전고체),472
222080,씨아이에스,2차전지(전고체),472
452190,한빛레이저,유리 기판,557
009150,삼성전기,유리 기판,557
302430,이노메트리,유리 기판,557
469750,아이비젼웍스,유리 기판,557
049950,미래컴퍼니,유리 기판,557
450330,하스,유리 기판,557
078150,HB테크놀러지,유리 기판,557
040910,아이씨디,유리 기판,557
264660,씨앤지하이테크,유리 기판,557
171010,램테크놀러지,유리 기판,557
204270,제이앤티씨,유리 기판,557
452450,피아이이,유리 기판,557
161580,필옵틱스,유리 기판,557
083500,에프엔에스테크,유리 기판,557
011790,SKC,유리 기판,557
267320,나인테크,유리 기판,557
420770,기가비스,유리 기판,557
089010,켐트로닉스,유리 기판,557
323280,태성,유리 기판,557
112290,와이씨켐,유리 기판,557
100090,SK오션플랜트,철강 중소형,72
060380,동양에스텍,철강 중소형,72
002220,한일철강,철강 중소형,72
023790,동일스틸럭스,철강 중소형,72
475430,키스트론,철강 중소형,72
007280,한국특강,철강 중소형,72
012620,원일특강,철강 중소형,72
000970,한국주철관,철강 중소형,72
001080,만호제강,철강 중소형,72
004890,동일산업,철강 중소형,72
049430,코메론,철강 중소형,72
133820,화인베스틸,철강 중소형,72
002690,동일제강,철강 중소형,72
069730,DSR제강,철강 중소형,72
140520,대창스틸,철강 중소형,72
008260,NI스틸,철강 중소형,72
146060,율촌,철강 중소형,72
014280,금강공업,철강 중소형,72
139990,아주스틸,철강 중소형,72
026940,부국철강,철강 중소형,72
039240,경남스틸,철강 중소형,72
012160,영흥,철강 중소형,72
263770,유에스티,철강 중소형,72
008420,문배철강,철강 중소형,72
048470,대동스틸,철강 중소형,72
005010,휴스틸,철강 중소형,72
008970,KBI동양철관,철강 중소형,72
017480,삼현철강,철강 중소형,72
053260,금강철강,철강 중소형,72
004560,현대비앤지스틸,철강 중소형,72
005160,동국산업,철강 중소형,72
021040,대호특수강,철강 중소형,72
092790,넥스틸,철강 중소형,72
071090,하이스틸,철강 중소형,72
002710,TCC스틸,철강 중소형,72
162300,신스틸,철강 중소형,72
016380,KG스틸,철강 주요종목,62
001430,세아베스틸지주,철강 주요종목,62
104700,한국철강,철강 주요종목,62
005490,POSCO홀딩스,철강 주요종목,62
306200,세아제강,철강 주요종목,62
002240,고려제강,철강 주요종목,62
460850,동국씨엠,철강 주요종목,62
460860,동국제강,철강 주요종목,62
084010,대한제강,철강 주요종목,62
058430,포스코스틸리온,철강 주요종목,62
004020,현대제철,철강 주요종목,62
016360,삼성증권,증권,151
001270,부국증권,증권,151
003460,유화증권,증권,151
190650,코리아에셋투자증권,증권,151
003540,대신증권,증권,151
001510,SK증권,증권,151
001750,한양증권,증권,151
001720,신영증권,증권,151
030210,다올투자증권,증권,151
001290,상상인증권,증권,151
005940,NH투자증권,증권,151
016610,DB증권,증권,151
030610,교보증권,증권,151
001500,현대차증권,증권,151
078020,LS증권,증권,151
071050,한국금융지주,증권,151
003470,유안타증권,증권,151
003530,한화투자증권,증권,151
006800,미래에셋증권,증권,151
039490,키움증권,증권,151
001200,유진투자증권,증권,151
317770,엑스페릭스,퓨리오사AI,576
124500,아이티센글로벌,퓨리오사AI,576
096250,와이즈넛,퓨리오사AI,576
088340,유라클,퓨리오사AI,576
309960,LB인베스트먼트,퓨리오사AI,576
393210,토마토시스템,퓨리오사AI,576
246690,TS인베스트먼트,퓨리오사AI,576
389140,포바이포,퓨리오사AI,576
241520,DSC인베스트먼트,퓨리오사AI,576
054300,팬스타엔터프라이즈,퓨리오사AI,576
293580,나우IB,퓨리오사AI,576
027580,상보,탄소나노튜브(CNT),242
011780,금호석유화학,탄소나노튜브(CNT),242
051910,LG화학,탄소나노튜브(CNT),242
418550,제이오,탄소나노튜브(CNT),242
049480,오픈베이스,탄소나노튜브(CNT),242
347700,스피어,스페이스X(SpaceX),584
001430,세아베스틸지주,스페이스X(SpaceX),584
321370,센서뷰,스페이스X(SpaceX),584
295310,에이치브이엠,스페이스X(SpaceX),584
373220,LG에너지솔루션,스페이스X(SpaceX),584
272290,이녹스첨단소재,스페이스X(SpaceX),584
006800,미래에셋증권,스페이스X(SpaceX),584
274090,켄코아에어로스페이스,스페이스X(SpaceX),584
417010,나노팀,스페이스X(SpaceX),584
209640,와이제이링크,스페이스X(SpaceX),584
100790,미래에셋벤처투자,스페이스X(SpaceX),584
027360,아주IB투자,스페이스X(SpaceX),584
053610,프로텍,LED장비,269
412350,레이저쎌,LED장비,269
036930,주성엔지니어링,LED장비,269
131290,티에스이,LED장비,269
049950,미래컴퍼니,LED장비,269
306620,지아이에스,LED장비,269
065130,탑엔지니어링,LED장비,269
122640,예스티,LED장비,269
064760,티씨케이,LED장비,269
049080,기가레인,LED장비,269
039030,이오테크닉스,LED장비,269
204320,HL만도,자동차 대표주,159
003620,KG모빌리티,자동차 대표주,159
018880,한온시스템,자동차 대표주,159
012330,현대모비스,자동차 대표주,159
000270,기아,자동차 대표주,159
011210,현대위아,자동차 대표주,159
005380,현대차,자동차 대표주,159
047050,포스코인터내셔널,종합상사,325
001740,SK네트웍스,종합상사,325
298020,효성티앤씨,종합상사,325
028260,삼성물산,종합상사,325
003070,코오롱글로벌,종합상사,325
011760,현대코퍼레이션,종합상사,325
001250,GS글로벌,종합상사,325
001120,LX인터내셔널,종합상사,325
100090,SK오션플랜트,남-북-러 가스관사업,313
060380,동양에스텍,남-북-러 가스관사업,313
085310,엔케이,남-북-러 가스관사업,313
306200,세아제강,남-북-러 가스관사업,313
026940,부국철강,남-북-러 가스관사업,313
105740,디케이락,남-북-러 가스관사업,313
008420,문배철강,남-북-러 가스관사업,313
048470,대동스틸,남-북-러 가스관사업,313
005010,휴스틸,남-북-러 가스관사업,313
008970,KBI동양철관,남-북-러 가스관사업,313
017480,삼현철강,남-북-러 가스관사업,313
039610,화성밸브,남-북-러 가스관사업,313
071090,하이스틸,남-북-러 가스관사업,313
004250,NPC,폐배터리,500
017860,DS단석,폐배터리,500
265560,영화테크,폐배터리,500
060150,인선이엔티,폐배터리,500
005490,POSCO홀딩스,폐배터리,500
047310,파워로직스,폐배터리,500
217820,원익피앤이,폐배터리,500
076080,웰크론한텍,폐배터리,500
096770,SK이노베이션,폐배터리,500
373220,LG에너지솔루션,폐배터리,500
365340,성일하이텍,폐배터리,500
299030,하나기술,폐배터리,500
256940,킵스파마,폐배터리,500
005420,코스모화학,폐배터리,500
267320,나인테크,폐배터리,500
086520,에코프로,폐배터리,500
005380,현대차,폐배터리,500
377330,이지트로닉스,폐배터리,500
107600,새빗켐,폐배터리,500
010780,아이에스동서,폐배터리,500
035720,카카오,인터넷 대표주,49
035420,NAVER,인터넷 대표주,49
100090,SK오션플랜트,강관업체(Steel pipe),223
000970,한국주철관,강관업체(Steel pipe),223
146060,율촌,강관업체(Steel pipe),223
014280,금강공업,강관업체(Steel pipe),223
306200,세아제강,강관업체(Steel pipe),223
263770,유에스티,강관업체(Steel pipe),223
009730,이렘,강관업체(Steel pipe),223
005010,휴스틸,강관업체(Steel pipe),223
008970,KBI동양철관,강관업체(Steel pipe),223
092790,넥스틸,강관업체(Steel pipe),223
071090,하이스틸,강관업체(Steel pipe),223
019550,SBI인베스트먼트,창투사,119
016600,큐캐피탈,창투사,119
075130,플랜티넷,창투사,119
019570,플루토스,창투사,119
440290,HB인베스트먼트,창투사,119
277070,린드먼아시아,창투사,119
021080,에이티넘인베스트,창투사,119
289080,SV인베스트먼트,창투사,119
330730,스톤브릿지벤처스,창투사,119
309960,LB인베스트먼트,창투사,119
027830,대성창투,창투사,119
246690,TS인베스트먼트,창투사,119
452300,캡스톤파트너스,창투사,119
241520,DSC인베스트먼트,창투사,119
026890,스틱인베스트먼트,창투사,119
041190,우리기술투자,창투사,119
307930,컴퍼니케이,창투사,119
100790,미래에셋벤처투자,창투사,119
293580,나우IB,창투사,119
027360,아주IB투자,창투사,119
000240,한국앤컴퍼니,타이어,167
005720,넥센,타이어,167
011780,금호석유화학,타이어,167
298020,효성티앤씨,타이어,167
298050,HS효성첨단소재,타이어,167
161390,한국타이어앤테크놀로지,타이어,167
002350,넥센타이어,타이어,167
073240,금호타이어,타이어,167
120110,코오롱인더,타이어,167
011000,진원생명과학,mRNA(메신저 리보핵산),493
348080,큐라티스,mRNA(메신저 리보핵산),493
008930,한미사이언스,mRNA(메신저 리보핵산),493
185490,아이진,mRNA(메신저 리보핵산),493
006280,녹십자,mRNA(메신저 리보핵산),493
038070,서린바이오,mRNA(메신저 리보핵산),493
102460,이연제약,mRNA(메신저 리보핵산),493
138610,나이벡,mRNA(메신저 리보핵산),493
074430,아미노로직스,mRNA(메신저 리보핵산),493
389470,인벤티지랩,mRNA(메신저 리보핵산),493
128940,한미약품,mRNA(메신저 리보핵산),493
226950,올릭스,mRNA(메신저 리보핵산),493
237690,에스티팜,mRNA(메신저 리보핵산),493
005690,파미셀,mRNA(메신저 리보핵산),493
011930,신성이엔지,두나무(Dunamu),482
021080,에이티넘인베스트,두나무(Dunamu),482
035720,카카오,두나무(Dunamu),482
027830,대성창투,두나무(Dunamu),482
095660,네오위즈,두나무(Dunamu),482
246690,TS인베스트먼트,두나무(Dunamu),482
241520,DSC인베스트먼트,두나무(Dunamu),482
002020,코오롱,두나무(Dunamu),482
003530,한화투자증권,두나무(Dunamu),482
041190,우리기술투자,두나무(Dunamu),482
120110,코오롱인더,두나무(Dunamu),482
079980,휴비스,화학섬유,319
003830,대한화섬,화학섬유,319
003240,태광산업,화학섬유,319
298020,효성티앤씨,화학섬유,319
120110,코오롱인더,화학섬유,319
011300,우성머티리얼스,화학섬유,319
001390,KG케미칼,2차전지(소재/부품),446
051490,나라엠앤디,2차전지(소재/부품),446
900070,글로벌에스엠,2차전지(소재/부품),446
458650,성우,2차전지(소재/부품),446
096630,에스코넥,2차전지(소재/부품),446
084850,아이티엠반도체,2차전지(소재/부품),446
093920,서원인텍,2차전지(소재/부품),446
312610,에이에프더블류,2차전지(소재/부품),446
075970,동국알앤에스,2차전지(소재/부품),446
354320,알멕,2차전지(소재/부품),446
065350,신성델타테크,2차전지(소재/부품),446
004910,조광페인트,2차전지(소재/부품),446
419050,삼기에너지솔루션즈,2차전지(소재/부품),446
014820,동원시스템즈,2차전지(소재/부품),446
032560,황금에스티,2차전지(소재/부품),446
265560,영화테크,2차전지(소재/부품),446
005490,POSCO홀딩스,2차전지(소재/부품),446
047310,파워로직스,2차전지(소재/부품),446
010130,고려아연,2차전지(소재/부품),446
029480,광무,2차전지(소재/부품),446
452400,이닉스,2차전지(소재/부품),446
033160,엠케이전자,2차전지(소재/부품),446
446540,메가터치,2차전지(소재/부품),446
020150,롯데에너지머티리얼즈,2차전지(소재/부품),446
054090,삼진엘앤디,2차전지(소재/부품),446
051910,LG화학,2차전지(소재/부품),446
220260,켐트로스,2차전지(소재/부품),446
247540,에코프로비엠,2차전지(소재/부품),446
361610,SK아이이테크놀로지,2차전지(소재/부품),446
178920,PI첨단소재,2차전지(소재/부품),446
014680,한솔케미칼,2차전지(소재/부품),446
263770,유에스티,2차전지(소재/부품),446
003670,포스코퓨처엠,2차전지(소재/부품),446
089980,상아프론테크,2차전지(소재/부품),446
475660,에스켐,2차전지(소재/부품),446
243840,신흥에스이씨,2차전지(소재/부품),446
008730,율촌화학,2차전지(소재/부품),446
005070,코스모신소재,2차전지(소재/부품),446
054210,이랜텍,2차전지(소재/부품),446
005420,코스모화학,2차전지(소재/부품),446
006650,대한유화,2차전지(소재/부품),446
015750,성우하이텍,2차전지(소재/부품),446
450080,에코프로머티,2차전지(소재/부품),446
011790,SKC,2차전지(소재/부품),446
101360,에코앤드림,2차전지(소재/부품),446
121850,코이즈,2차전지(소재/부품),446
086520,에코프로,2차전지(소재/부품),446
357780,솔브레인,2차전지(소재/부품),446
222420,쎄노텍,2차전지(소재/부품),446
417010,나노팀,2차전지(소재/부품),446
011500,한농화성,2차전지(소재/부품),446
055490,테이팩스,2차전지(소재/부품),446
025900,동화기업,2차전지(소재/부품),446
317330,덕산테코피아,2차전지(소재/부품),446
088390,이녹스,2차전지(소재/부품),446
018470,조일알미늄,2차전지(소재/부품),446
078600,대주전자재료,2차전지(소재/부품),446
416180,신성에스티,2차전지(소재/부품),446
114190,강원에너지,2차전지(소재/부품),446
001530,DI동일,2차전지(소재/부품),446
006110,삼아알미늄,2차전지(소재/부품),446
393890,더블유씨피,2차전지(소재/부품),446
093370,후성,2차전지(소재/부품),446
278280,천보,2차전지(소재/부품),446
091580,상신이디피,2차전지(소재/부품),446
033790,피노,2차전지(소재/부품),446
240600,유진테크놀로지,2차전지(소재/부품),446
348370,엔켐,2차전지(소재/부품),446
121600,나노신소재,2차전지(소재/부품),446
066970,엘앤에프,2차전지(소재/부품),446
161000,애경케미칼,2차전지(소재/부품),446
002710,TCC스틸,2차전지(소재/부품),446
001780,알루코,2차전지(소재/부품),446
036830,솔브레인홀딩스,2차전지(소재/부품),446
336370,솔루스첨단소재,2차전지(소재/부품),446
270520,앱튼,리튬,523
073570,리튬포어스,리튬,523
005490,POSCO홀딩스,리튬,523
029480,광무,리튬,523
004490,세방전지,리튬,523
051910,LG화학,리튬,523
373220,LG에너지솔루션,리튬,523
365340,성일하이텍,리튬,523
095500,미래나노텍,리튬,523
003670,포스코퓨처엠,리튬,523
025560,미래산업,리튬,523
005420,코스모화학,리튬,523
051980,중앙첨단소재,리튬,523
101670,하이드로리튬,리튬,523
290670,대보마그네틱,리튬,523
086520,에코프로,리튬,523
114190,강원에너지,리튬,523
093370,후성,리튬,523
107600,새빗켐,리튬,523
278280,천보,리튬,523
009520,포스코엠텍,리튬,523
348370,엔켐,리튬,523
019550,SBI인베스트먼트,야놀자(Yanolja),483
035080,그래디언트,야놀자(Yanolja),483
088350,한화생명,야놀자(Yanolja),483
003530,한화투자증권,야놀자(Yanolja),483
027360,아주IB투자,야놀자(Yanolja),483
446540,메가터치,2차전지(나트륨이온),579
006400,삼성SDI,2차전지(나트륨이온),579
373220,LG에너지솔루션,2차전지(나트륨이온),579
247540,에코프로비엠,2차전지(나트륨이온),579
267320,나인테크,2차전지(나트륨이온),579
086520,에코프로,2차전지(나트륨이온),579
092200,디아이씨,2차전지(나트륨이온),579
393890,더블유씨피,2차전지(나트륨이온),579
161000,애경케미칼,2차전지(나트륨이온),579
375500,DL이앤씨,건설 대표주,154
294870,IPARK현대산업개발,건설 대표주,154
028260,삼성물산,건설 대표주,154
000720,현대건설,건설 대표주,154
047040,대우건설,건설 대표주,154
006360,GS건설,건설 대표주,154
