ticker,name,market,exchange,sector,industry,market_cap,cap
005930,삼성전자,KOSPI,KO,,,1321258965408000.0,MegaCap
000660,SK하이닉스,KOSPI,KO,,,921524157945000.0,MegaCap
005935,삼성전자우,KOSPI,KO,,,131187691690500.0,MegaCap
005380,현대차,KOSPI,KO,,,113845317896000.0,MegaCap
373220,LG에너지솔루션,KOSPI,KO,,,110682000000000.0,MegaCap
402340,SK스퀘어,KOSPI,KO,,,109525460380000.0,MegaCap
034020,두산에너빌리티,KOSPI,KO,,,82760500063200.0,MegaCap
012450,한화에어로스페이스,KOSPI,KO,,,73220029420000.0,MegaCap
329180,HD현대중공업,KOSPI,KO,,,72423245250000.0,MegaCap
207940,삼성바이오로직스,KOSPI,KO,,,68186570823000.0,MegaCap
009150,삼성전기,KOSPI,KO,,,61771686592000.0,MegaCap
000270,기아,KOSPI,KO,,,61255799386200.0,MegaCap
105560,KB금융,KOSPI,KO,,,59879783073000.0,MegaCap
006400,삼성SDI,KOSPI,KO,,,57376897360000.0,MegaCap
032830,삼성생명,KOSPI,KO,,,50400000000000.0,MegaCap
028260,삼성물산,KOSPI,KO,,,50029130638500.0,MegaCap
055550,신한지주,KOSPI,KO,,,47465436100000.0,MegaCap
267260,HD현대일렉트릭,KOSPI,KO,,,45419390100000.0,MegaCap
068270,셀트리온,KOSPI,KO,,,45275405244000.0,MegaCap
010120,LS ELECTRIC,KOSPI,KO,,,40950000000000.0,MegaCap
042660,한화오션,KOSPI,KO,,,40538492026200.0,MegaCap
012330,현대모비스,KOSPI,KO,,,39831603937000.0,MegaCap
006800,미래에셋증권,KOSPI,KO,,,37882677776000.0,MegaCap
005490,POSCO홀딩스,KOSPI,KO,,,37164276163000.0,MegaCap
298040,효성중공업,KOSPI,KO,,,37130350136000.0,MegaCap
086790,하나금융지주,KOSPI,KO,,,34872140770800.0,MegaCap
035420,NAVER,KOSPI,KO,,,34507580360000.0,MegaCap
042700,한미반도체,KOSPI,KO,,,34074111500000.0,MegaCap
010130,고려아연,KOSPI,KO,,,33480242276000.0,MegaCap
009540,HD한국조선해양,KOSPI,KO,,,33404910752000.0,MegaCap
034730,SK,KOSPI,KO,,,30813648775000.0,MegaCap
010140,삼성중공업,KOSPI,KO,,,29040000000000.0,MegaCap
064350,현대로템,KOSPI,KO,,,28813565352000.0,MegaCap
051910,LG화학,KOSPI,KO,,,28766379772500.0,MegaCap
015760,한국전력,KOSPI,KO,,,28567401426500.0,MegaCap
000150,두산,KOSPI,KO,,,25456708620000.0,MegaCap
096770,SK이노베이션,KOSPI,KO,,,25324107642400.0,MegaCap
316140,우리금융지주,KOSPI,KO,,,24591556720000.0,MegaCap
267250,HD현대,KOSPI,KO,,,23776918585000.0,MegaCap
003670,포스코퓨처엠,KOSPI,KO,,,23214963420000.0,MegaCap
272210,한화시스템,KOSPI,KO,,,22311379840900.0,MegaCap
066570,LG전자,KOSPI,KO,,,22119971354600.0,MegaCap
086520,에코프로,KOSDAQ GLOBAL,KQ,,,21710606704800.0,MegaCap
035720,카카오,KOSPI,KO,,,21441248158000.0,MegaCap
079550,LIG디펜스앤에어로스페이스,KOSPI,KO,,,21296000000000.0,MegaCap
247540,에코프로비엠,KOSDAQ GLOBAL,KQ,,,20788967225000.0,MegaCap
000810,삼성화재,KOSPI,KO,,,20716427472000.0,MegaCap
017670,SK텔레콤,KOSPI,KO,,,20533929066800.0,MegaCap
196170,알테오젠,KOSDAQ GLOBAL,KQ,,,20342860340000.0,MegaCap
033780,KT&G,KOSPI,KO,,,20240427842500.0,MegaCap
011200,HMM,KOSPI,KO,,,19572187877500.0,MegaCap
138040,메리츠금융지주,KOSPI,KO,,,19060854394700.0,MegaCap
000720,현대건설,KOSPI,KO,,,18774581979000.0,MegaCap
024110,기업은행,KOSPI,KO,,,17981953345950.0,MegaCap
086280,현대글로비스,KOSPI,KO,,,17887500000000.0,MegaCap
278470,에이피알,KOSPI,KO,,,16884607905000.0,MegaCap
047810,한국항공우주,KOSPI,KO,,,16210110294100.0,MegaCap
030200,KT,KOSPI,KO,,,15247311942500.0,MegaCap
047040,대우건설,KOSPI,KO,,,15162491842200.0,MegaCap
003550,LG,KOSPI,KO,,,15159981805500.0,MegaCap
010950,S-Oil,KOSPI,KO,,,15119868965600.0,MegaCap
047050,포스코인터내셔널,KOSPI,KO,,,14935844701200.0,MegaCap
011070,LG이노텍,KOSPI,KO,,,14010927344000.0,MegaCap
071050,한국금융지주,KOSPI,KO,,,13875772008000.0,MegaCap
018260,삼성에스디에스,KOSPI,KO,,,13169701560000.0,MegaCap
259960,크래프톤,KOSPI,KO,,,13155190252500.0,MegaCap
006260,LS,KOSPI,KO,,,13057200000000.0,MegaCap
307950,현대오토에버,KOSPI,KO,,,12998967468000.0,MegaCap
277810,레인보우로보틱스,KOSDAQ,KQ,,,12881505712000.0,MegaCap
005940,NH투자증권,KOSPI,KO,,,12329515167400.0,MegaCap
443060,HD현대마린솔루션,KOSPI,KO,,,12037784010000.0,MegaCap
323410,카카오뱅크,KOSPI,KO,,,11713306728350.0,MegaCap
005830,DB손해보험,KOSPI,KO,,,11279160097800.0,MegaCap
039490,키움증권,KOSPI,KO,,,11107691826000.0,MegaCap
352820,하이브,KOSPI,KO,,,10883317872500.0,MegaCap
007660,이수페타시스,KOSPI,KO,,,10717745974000.0,MegaCap
028050,삼성E&A,KOSPI,KO,,,10642800000000.0,MegaCap
000250,삼천당제약,KOSDAQ,KQ,,,10391660096000.0,MegaCap
003230,삼양식품,KOSPI,KO,,,9898381710000.0,LargeCap
016360,삼성증권,KOSPI,KO,,,9706910000000.0,LargeCap
001440,대한전선,KOSPI,KO,,,9546101760000.0,LargeCap
267270,HD건설기계,KOSPI,KO,,,9402927128000.0,LargeCap
000880,한화,KOSPI,KO,,,9342299267500.0,LargeCap
003490,대한항공,KOSPI,KO,,,9242338591100.0,LargeCap
950160,코오롱티슈진,KOSDAQ,KQ,,,9100651770000.0,LargeCap
005387,현대차2우B,KOSPI,KO,,,9038175905000.0,LargeCap
058470,리노공업,KOSDAQ GLOBAL,KQ,,,8543348385000.0,LargeCap
066970,엘앤에프,KOSPI,KO,,,8436452827000.0,LargeCap
028300,HLB,KOSDAQ,KQ,,,8389190943000.0,LargeCap
090430,아모레퍼시픽,KOSPI,KO,,,8270876122600.0,LargeCap
009830,한화솔루션,KOSPI,KO,,,8242247101200.0,LargeCap
326030,SK바이오팜,KOSPI,KO,,,7972288850000.0,LargeCap
298380,에이비엘바이오,KOSDAQ,KQ,,,7950219746000.0,LargeCap
377300,카카오페이,KOSPI,KO,,,7654887772200.0,LargeCap
078930,GS,KOSPI,KO,,,7628352533800.0,LargeCap
161390,한국타이어앤테크놀로지,KOSPI,KO,,,7581154222800.0,LargeCap
180640,한진칼,KOSPI,KO,,,7564166210700.0,LargeCap
000100,유한양행,KOSPI,KO,,,7423156413200.0,LargeCap
052690,한전기술,KOSPI,KO,,,7387926000000.0,LargeCap
082740,한화엔진,KOSPI,KO,,,7318314353400.0,LargeCap
141080,리가켐바이오,KOSDAQ GLOBAL,KQ,,,7200276801000.0,LargeCap
241560,두산밥캣,KOSPI,KO,,,7141276842500.0,LargeCap
010060,OCI홀딩스,KOSPI,KO,,,6935991188000.0,LargeCap
032640,LG유플러스,KOSPI,KO,,,6898745097750.0,LargeCap
062040,산일전기,KOSPI,KO,,,6766102850000.0,LargeCap
000990,DB하이텍,KOSPI,KO,,,6638800128800.0,LargeCap
001040,CJ,KOSPI,KO,,,6637767045000.0,LargeCap
454910,두산로보틱스,KOSPI,KO,,,6624601956000.0,LargeCap
064400,LG씨엔에스,KOSPI,KO,,,6462292731600.0,LargeCap
039030,이오테크닉스,KOSDAQ GLOBAL,KQ,,,6356887800000.0,LargeCap
087010,펩트론,KOSDAQ,KQ,,,6295684500000.0,LargeCap
034220,LG디스플레이,KOSPI,KO,,,6215000000000.0,LargeCap
128940,한미약품,KOSPI,KO,,,6187708653000.0,LargeCap
021240,코웨이,KOSPI,KO,,,6185073032400.0,LargeCap
029780,삼성카드,KOSPI,KO,,,6140521223000.0,LargeCap
004020,현대제철,KOSPI,KO,,,6105144663750.0,LargeCap
005385,현대차우,KOSPI,KO,,,6056979120000.0,LargeCap
036570,NC,KOSPI,KO,,,5978466105000.0,LargeCap
240810,원익IPS,KOSDAQ GLOBAL,KQ,,,5929335240800.0,LargeCap
450080,에코프로머티,KOSPI,KO,,,5905767709800.0,LargeCap
138930,BNK금융지주,KOSPI,KO,,,5852767842380.0,LargeCap
036930,주성엔지니어링,KOSDAQ GLOBAL,KQ,,,5851973133900.0,LargeCap
271560,오리온,KOSPI,KO,,,5772275272000.0,LargeCap
103590,일진전기,KOSPI,KO,,,5703172644000.0,LargeCap
353200,대덕전자,KOSPI,KO,,,5702713145000.0,LargeCap
214370,케어젠,KOSDAQ,KQ,,,5693790000000.0,LargeCap
022100,포스코DX,KOSPI,KO,,,5526462399150.0,LargeCap
310210,보로노이,KOSDAQ,KQ,,,5447042616000.0,LargeCap
088980,맥쿼리인프라,KOSPI,KO,,,5445343060410.0,LargeCap
095340,ISC,KOSDAQ GLOBAL,KQ,,,5172082152000.0,LargeCap
002380,KCC,KOSPI,KO,,,5118607296000.0,LargeCap
175330,JB금융지주,KOSPI,KO,,,5101672126400.0,LargeCap
011170,롯데케미칼,KOSPI,KO,,,5047499442000.0,LargeCap
108490,로보티즈,KOSDAQ,KQ,,,4814833698000.0,LargeCap
011790,SKC,KOSPI,KO,,,4657800654000.0,LargeCap
018880,한온시스템,KOSPI,KO,,,4469373413960.0,LargeCap
088350,한화생명,KOSPI,KO,,,4412132400000.0,LargeCap
403870,HPSP,KOSDAQ GLOBAL,KQ,,,4394820000000.0,LargeCap
251270,넷마블,KOSPI,KO,,,4204567032300.0,LargeCap
489790,한화비전,KOSPI,KO,,,4124901463000.0,LargeCap
440110,파두,KOSDAQ,KQ,,,4081144040500.0,LargeCap
375500,DL이앤씨,KOSPI,KO,,,3911925285300.0,LargeCap
051900,LG생활건강,KOSPI,KO,,,3894475815500.0,LargeCap
017800,현대엘리베이터,KOSPI,KO,,,3870146115000.0,LargeCap
263750,펄어비스,KOSDAQ GLOBAL,KQ,,,3848446514500.0,LargeCap
004170,신세계,KOSPI,KO,,,3839466076500.0,LargeCap
336260,두산퓨얼셀,KOSPI,KO,,,3837932343600.0,LargeCap
032820,우리기술,KOSDAQ,KQ,,,3815447088600.0,LargeCap
457190,이수스페셜티케미컬,KOSPI,KO,,,3804555984800.0,LargeCap
023530,롯데쇼핑,KOSPI,KO,,,3799179796500.0,LargeCap
011780,금호석유화학,KOSPI,KO,,,3778630215000.0,LargeCap
004800,효성,KOSPI,KO,,,3758221371500.0,LargeCap
214150,클래시스,KOSDAQ GLOBAL,KQ,,,3751050392500.0,LargeCap
226950,올릭스,KOSDAQ,KQ,,,3747487621800.0,LargeCap
111770,영원무역,KOSPI,KO,,,3731025605600.0,LargeCap
357780,솔브레인,KOSDAQ GLOBAL,KQ,,,3725933114000.0,LargeCap
071970,HD현대마린엔진,KOSPI,KO,,,3721188001500.0,LargeCap
035250,강원랜드,KOSPI,KO,,,3679776600000.0,LargeCap
097950,CJ제일제당,KOSPI,KO,,,3665694291000.0,LargeCap
012510,더존비즈온,KOSPI,KO,,,3647378400000.0,LargeCap
036460,한국가스공사,KOSPI,KO,,,3618669600000.0,LargeCap
000500,가온전선,KOSPI,KO,,,3589855955000.0,LargeCap
020150,롯데에너지머티리얼즈,KOSPI,KO,,,3576561122900.0,LargeCap
006360,GS건설,KOSPI,KO,,,3568748133000.0,LargeCap
319400,현대무벡스,KOSDAQ,KQ,,,3541758040200.0,LargeCap
064760,티씨케이,KOSDAQ GLOBAL,KQ,,,3532695456000.0,LargeCap
439260,대한조선,KOSPI,KO,,,3475073342400.0,LargeCap
302440,SK바이오사이언스,KOSPI,KO,,,3424628538450.0,LargeCap
237690,에스티팜,KOSDAQ GLOBAL,KQ,,,3405897671800.0,LargeCap
347850,디앤디파마텍,KOSDAQ,KQ,,,3394821392500.0,LargeCap
178320,서진시스템,KOSDAQ,KQ,,,3372631044300.0,LargeCap
031210,서울보증보험,KOSPI,KO,,,3358418863800.0,LargeCap
014680,한솔케미칼,KOSPI,KO,,,3354207525000.0,LargeCap
214450,파마리서치,KOSDAQ GLOBAL,KQ,,,3345466656000.0,LargeCap
222800,심텍,KOSDAQ GLOBAL,KQ,,,3334660067400.0,LargeCap
001720,신영증권,KOSPI,KO,,,3304440000000.0,LargeCap
012750,에스원,KOSPI,KO,,,3290728814800.0,LargeCap
145020,휴젤,KOSDAQ GLOBAL,KQ,,,3235960679000.0,LargeCap
084370,유진테크,KOSDAQ,KQ,,,3208245880000.0,LargeCap
004990,롯데지주,KOSPI,KO,,,3119476188800.0,LargeCap
043260,성호전자,KOSDAQ,KQ,,,3106419647400.0,LargeCap
083650,비에이치아이,KOSDAQ,KQ,,,3091343062500.0,LargeCap
005850,에스엘,KOSPI,KO,,,3088826580000.0,LargeCap
112610,씨에스윈드,KOSPI,KO,,,3057426717500.0,LargeCap
139130,iM금융지주,KOSPI,KO,,,3051867077000.0,LargeCap
100790,미래에셋벤처투자,KOSDAQ,KQ,,,3028104138000.0,LargeCap
120110,코오롱인더,KOSPI,KO,,,3021554628800.0,LargeCap
005290,동진쎄미켐,KOSDAQ,KQ,,,3002606449600.0,LargeCap
139480,이마트,KOSPI,KO,,,2983108033900.0,LargeCap
028670,팬오션,KOSPI,KO,,,2966860791600.0,LargeCap
483650,달바글로벌,KOSPI,KO,,,2955889102500.0,LargeCap
140410,메지온,KOSDAQ,KQ,,,2917648032000.0,LargeCap
058610,에스피지,KOSDAQ,KQ,,,2885274536000.0,LargeCap
098460,고영,KOSDAQ,KQ,,,2880066972250.0,LargeCap
009970,영원무역홀딩스,KOSPI,KO,,,2861838244000.0,LargeCap
103140,풍산,KOSPI,KO,,,2858476356000.0,LargeCap
051600,한전KPS,KOSPI,KO,,,2853000000000.0,LargeCap
031980,피에스케이홀딩스,KOSDAQ,KQ,,,2811736308000.0,LargeCap
229640,LS에코에너지,KOSPI,KO,,,2783801501100.0,LargeCap
257720,실리콘투,KOSDAQ,KQ,,,2752735860000.0,LargeCap
097230,HJ중공업,KOSPI,KO,,,2749493224800.0,LargeCap
204320,HL만도,KOSPI,KO,,,2718817248000.0,LargeCap
319660,피에스케이,KOSDAQ GLOBAL,KQ,,,2702594416200.0,LargeCap
001450,현대해상,KOSPI,KO,,,2681057462500.0,LargeCap
077970,STX엔진,KOSPI,KO,,,2669846189500.0,LargeCap
067310,하나마이크론,KOSDAQ,KQ,,,2668538673900.0,LargeCap
030530,원익홀딩스,KOSDAQ,KQ,,,2664710344500.0,LargeCap
008770,호텔신라,KOSPI,KO,,,2657097791700.0,LargeCap
026960,동서,KOSPI,KO,,,2647035000000.0,LargeCap
017960,한국카본,KOSPI,KO,,,2634841440000.0,LargeCap
018670,SK가스,KOSPI,KO,,,2633685918000.0,LargeCap
001430,세아베스틸지주,KOSPI,KO,,,2621520898900.0,LargeCap
323280,태성,KOSDAQ,KQ,,,2617104886000.0,LargeCap
008930,한미사이언스,KOSPI,KO,,,2598878900000.0,LargeCap
383220,F&F,KOSPI,KO,,,2589558270000.0,LargeCap
078600,대주전자재료,KOSDAQ,KQ,,,2586985625000.0,LargeCap
009420,한올바이오파마,KOSPI,KO,,,2585911581000.0,LargeCap
068760,셀트리온제약,KOSDAQ,KQ,,,2562014556400.0,LargeCap
131970,두산테스나,KOSDAQ GLOBAL,KQ,,,2549262692200.0,LargeCap
279570,케이뱅크,KOSPI,KO,,,2547765548280.0,LargeCap
069960,현대백화점,KOSPI,KO,,,2532164174700.0,LargeCap
192820,코스맥스,KOSPI,KO,,,2519590998000.0,LargeCap
000155,두산우,KOSPI,KO,,,2513774598000.0,LargeCap
476830,알지노믹스,KOSDAQ,KQ,,,2508091560000.0,LargeCap
007340,DN오토모티브,KOSPI,KO,,,2504265022000.0,LargeCap
082920,비츠로셀,KOSDAQ,KQ,,,2489137287300.0,LargeCap
218410,RFHIC,KOSDAQ,KQ,,,2432295287200.0,LargeCap
322000,HD현대에너지솔루션,KOSPI,KO,,,2413600000000.0,LargeCap
000240,한국앤컴퍼니,KOSPI,KO,,,2387621286000.0,LargeCap
011210,현대위아,KOSPI,KO,,,2344216154600.0,LargeCap
010170,대한광통신,KOSDAQ,KQ,,,2343168896200.0,LargeCap
004370,농심,KOSPI,KO,,,2341817170000.0,LargeCap
005440,현대지에프홀딩스,KOSPI,KO,,,2327651213930.0,LargeCap
000120,CJ대한통운,KOSPI,KO,,,2322296619200.0,LargeCap
298020,효성티앤씨,KOSPI,KO,,,2306654506000.0,LargeCap
282330,BGF리테일,KOSPI,KO,,,2298759498000.0,LargeCap
035900,JYP Ent.,KOSDAQ GLOBAL,KQ,,,2291845734000.0,LargeCap
007810,코리아써키트,KOSPI,KO,,,2287941948000.0,LargeCap
030000,제일기획,KOSPI,KO,,,2277816255000.0,LargeCap
085620,미래에셋생명,KOSPI,KO,,,2257506000000.0,LargeCap
361610,SK아이이테크놀로지,KOSPI,KO,,,2232787830000.0,LargeCap
041510,에스엠,KOSDAQ GLOBAL,KQ,,,2232232275000.0,LargeCap
003690,코리안리,KOSPI,KO,,,2216081728740.0,LargeCap
089030,테크윙,KOSDAQ,KQ,,,2200986513000.0,LargeCap
002790,아모레퍼시픽홀딩스,KOSPI,KO,,,2198172675000.0,LargeCap
081660,미스토홀딩스,KOSPI,KO,,,2198002176000.0,LargeCap
001120,LX인터내셔널,KOSPI,KO,,,2197692000000.0,LargeCap
101490,에스앤에스텍,KOSDAQ,KQ,,,2167623706400.0,LargeCap
417200,LS머트리얼즈,KOSDAQ,KQ,,,2114145593750.0,LargeCap
161890,한국콜마,KOSPI,KO,,,2112654391500.0,LargeCap
023590,다우기술,KOSPI,KO,,,2047489857600.0,LargeCap
039200,오스코텍,KOSDAQ,KQ,,,2046812416000.0,LargeCap
347700,스피어,KOSDAQ,KQ,,,2033623468800.0,LargeCap
005070,코스모신소재,KOSPI,KO,,,2029410288100.0,LargeCap
462870,시프트업,KOSPI,KO,,,2014776579000.0,LargeCap
475150,SK이터닉스,KOSPI,KO,,,2009953236000.0,LargeCap
027360,아주IB투자,KOSDAQ,KQ,,,2008590831480.0,LargeCap
140860,파크시스템스,KOSDAQ GLOBAL,KQ,,,2008298859000.0,LargeCap
395400,SK리츠,KOSPI,KO,,,1977685763400.0,LargeCap
060370,LS마린솔루션,KOSDAQ,KQ,,,1974628681200.0,LargeCap
007070,GS리테일,KOSPI,KO,,,1968954623250.0,LargeCap
099320,쎄트렉아이,KOSDAQ,KQ,,,1956993378600.0,LargeCap
003570,SNT다이내믹스,KOSPI,KO,,,1935306965400.0,LargeCap
475830,오름테라퓨틱,KOSDAQ,KQ,,,1925442587500.0,LargeCap
003540,대신증권,KOSPI,KO,,,1899882851800.0,LargeCap
131290,티에스이,KOSDAQ,KQ,,,1867169215200.0,LargeCap
232140,와이씨,KOSDAQ,KQ,,,1866531712500.0,LargeCap
458870,씨어스,KOSDAQ,KQ,,,1864927260000.0,LargeCap
080220,제주반도체,KOSDAQ,KQ,,,1846135848800.0,LargeCap
004000,롯데정밀화학,KOSPI,KO,,,1836960000000.0,LargeCap
038500,삼표시멘트,KOSDAQ,KQ,,,1823785571400.0,LargeCap
491000,리브스메드,KOSDAQ,KQ,,,1809120847500.0,LargeCap
437730,삼현,KOSDAQ,KQ,,,1756599211800.0,LargeCap
073240,금호타이어,KOSPI,KO,,,1746542544960.0,LargeCap
445680,큐리옥스바이오시스템즈,KOSDAQ,KQ,,,1746130382500.0,LargeCap
290650,엘앤씨바이오,KOSDAQ,KQ,,,1736809703700.0,LargeCap
069620,대웅제약,KOSPI,KO,,,1733351620000.0,LargeCap
012630,HDC,KOSPI,KO,,,1720561564800.0,LargeCap
032350,롯데관광개발,KOSPI,KO,,,1703471543600.0,LargeCap
006040,동원산업,KOSPI,KO,,,1695282662400.0,LargeCap
003530,한화투자증권,KOSPI,KO,,,1679909078250.0,LargeCap
095610,테스,KOSDAQ,KQ,,,1676576000000.0,LargeCap
036830,솔브레인홀딩스,KOSDAQ GLOBAL,KQ,,,1632116887600.0,LargeCap
006280,녹십자,KOSPI,KO,,,1626766089600.0,LargeCap
085660,차바이오텍,KOSDAQ,KQ,,,1617673615200.0,LargeCap
281740,레이크머티리얼즈,KOSDAQ,KQ,,,1616971480800.0,LargeCap
065350,신성델타테크,KOSDAQ,KQ,,,1610559352800.0,LargeCap
000210,DL,KOSPI,KO,,,1609411891200.0,LargeCap
030610,교보증권,KOSPI,KO,,,1602319231660.0,LargeCap
001800,오리온홀딩스,KOSPI,KO,,,1584929176600.0,LargeCap
166090,하나머티리얼즈,KOSDAQ GLOBAL,KQ,,,1574302850400.0,LargeCap
294870,IPARK현대산업개발,KOSPI,KO,,,1548822255000.0,LargeCap
090710,휴림로봇,KOSDAQ,KQ,,,1542192413270.0,LargeCap
195940,HK이노엔,KOSDAQ GLOBAL,KQ,,,1538313081300.0,LargeCap
100090,SK오션플랜트,KOSPI,KO,,,1515094628250.0,LargeCap
003380,하림지주,KOSDAQ GLOBAL,KQ,,,1512075883500.0,LargeCap
093370,후성,KOSPI,KO,,,1502647173300.0,LargeCap
052020,에스티큐브,KOSDAQ,KQ,,,1502430731100.0,LargeCap
397030,에이프릴바이오,KOSDAQ,KQ,,,1496262326600.0,LargeCap
034230,파라다이스,KOSPI,KO,,,1495038225480.0,LargeCap
051915,LG화학우,KOSPI,KO,,,1491627200000.0,LargeCap
183300,코미코,KOSDAQ GLOBAL,KQ,,,1489601401600.0,LargeCap
189300,인텔리안테크,KOSDAQ,KQ,,,1473184588400.0,LargeCap
115180,큐리언트,KOSDAQ,KQ,,,1466085989100.0,LargeCap
007310,오뚜기,KOSPI,KO,,,1464861865000.0,LargeCap
020560,아시아나항공,KOSPI,KO,,,1454294419660.0,LargeCap
222080,씨아이에스,KOSDAQ GLOBAL,KQ,,,1450599685600.0,LargeCap
127120,제이에스링크,KOSDAQ,KQ,,,1420980344100.0,LargeCap
036540,SFA반도체,KOSDAQ,KQ,,,1417647811860.0,LargeCap
048410,현대바이오,KOSDAQ,KQ,,,1408981351200.0,LargeCap
456160,지투지바이오,KOSDAQ,KQ,,,1404700979100.0,LargeCap
089970,브이엠,KOSDAQ,KQ,,,1401231293000.0,LargeCap
388210,씨엠티엑스,KOSDAQ,KQ,,,1387872503800.0,LargeCap
420770,기가비스,KOSDAQ,KQ,,,1382925197800.0,LargeCap
181710,NHN,KOSPI,KO,,,1378907151900.0,LargeCap
137400,피엔티,KOSDAQ GLOBAL,KQ,,,1364585932800.0,LargeCap
160190,하이젠알앤엠,KOSDAQ,KQ,,,1362160800000.0,LargeCap
003240,태광산업,KOSPI,KO,,,1357234600000.0,LargeCap
082640,동양생명,KOSPI,KO,,,1334435497950.0,LargeCap
490470,세미파이브,KOSDAQ,KQ,,,1334036720000.0,LargeCap
003090,대웅,KOSPI,KO,,,1319822946000.0,LargeCap
001740,SK네트웍스,KOSPI,KO,,,1314390737880.0,LargeCap
126340,비나텍,KOSDAQ,KQ,,,1310123035200.0,LargeCap
192080,더블유게임즈,KOSPI,KO,,,1308520322400.0,LargeCap
096530,씨젠,KOSDAQ,KQ,,,1308261149700.0,LargeCap
213420,덕산네오룩스,KOSDAQ GLOBAL,KQ,,,1306120015400.0,LargeCap
300720,한일시멘트,KOSPI,KO,,,1289247513770.0,LargeCap
466100,클로봇,KOSDAQ,KQ,,,1287095158500.0,LargeCap
376900,로킷헬스케어,KOSDAQ,KQ,,,1282707228500.0,LargeCap
195870,해성디에스,KOSPI,KO,,,1278400000000.0,LargeCap
007390,네이처셀,KOSDAQ,KQ,,,1277102809920.0,LargeCap
124500,아이티센글로벌,KOSDAQ,KQ,,,1271608079600.0,LargeCap
014620,성광벤드,KOSDAQ,KQ,,,1268114131000.0,LargeCap
456040,OCI,KOSPI,KO,,,1266778042500.0,LargeCap
330590,롯데리츠,KOSPI,KO,,,1261349178660.0,LargeCap
032500,케이엠더블유,KOSDAQ,KQ,,,1254107531250.0,LargeCap
000670,영풍,KOSPI,KO,,,1249011679300.0,LargeCap
298050,HS효성첨단소재,KOSPI,KO,,,1243185570000.0,LargeCap
281820,케이씨텍,KOSPI,KO,,,1233456580300.0,LargeCap
001510,SK증권,KOSPI,KO,,,1230489852200.0,LargeCap
023160,태광,KOSDAQ,KQ,,,1228693995000.0,LargeCap
006650,대한유화,KOSPI,KO,,,1222000000000.0,LargeCap
415640,KB발해인프라,KOSPI,KO,,,1215651836160.0,LargeCap
035760,CJ ENM,KOSDAQ GLOBAL,KQ,,,1214875131600.0,LargeCap
089860,롯데렌탈,KOSPI,KO,,,1214549028600.0,LargeCap
000080,하이트진로,KOSPI,KO,,,1211207461970.0,LargeCap
100840,SNT에너지,KOSPI,KO,,,1209825805500.0,LargeCap
328130,루닛,KOSDAQ,KQ,,,1206521482400.0,LargeCap
075580,세진중공업,KOSPI,KO,,,1205208467200.0,LargeCap
185750,종근당,KOSPI,KO,,,1199461582000.0,LargeCap
388720,유일로보틱스,KOSDAQ,KQ,,,1192272114000.0,LargeCap
090460,비에이치,KOSPI,KO,,,1190017291400.0,LargeCap
005690,파미셀,KOSPI,KO,,,1186535378280.0,LargeCap
033790,피노,KOSDAQ,KQ,,,1185577747200.0,LargeCap
499790,GS피앤엘,KOSPI,KO,,,1170019619000.0,LargeCap
161580,필옵틱스,KOSDAQ,KQ,,,1156874889450.0,LargeCap
056190,에스에프에이,KOSDAQ GLOBAL,KQ,,,1147284882000.0,LargeCap
204270,제이앤티씨,KOSDAQ,KQ,,,1147135080780.0,LargeCap
005300,롯데칠성,KOSPI,KO,,,1145942174000.0,LargeCap
280360,롯데웰푸드,KOSPI,KO,,,1137949400200.0,LargeCap
009450,경동나비엔,KOSPI,KO,,,1121781584000.0,LargeCap
000815,삼성화재우,KOSPI,KO,,,1115604420000.0,LargeCap
086450,동국제약,KOSDAQ GLOBAL,KQ,,,1112668332000.0,LargeCap
293490,카카오게임즈,KOSDAQ GLOBAL,KQ,,,1112459827290.0,LargeCap
082270,젬백스,KOSDAQ,KQ,,,1106730075000.0,LargeCap
006110,삼아알미늄,KOSPI,KO,,,1097962833000.0,LargeCap
078160,메디포스트,KOSDAQ,KQ,,,1097728884000.0,LargeCap
003470,유안타증권,KOSPI,KO,,,1087801339200.0,LargeCap
192400,쿠쿠홀딩스,KOSPI,KO,,,1084646642500.0,LargeCap
336370,솔루스첨단소재,KOSPI,KO,,,1083453617920.0,LargeCap
121600,나노신소재,KOSDAQ,KQ,,,1083226284400.0,LargeCap
044490,태웅,KOSDAQ,KQ,,,1082399312100.0,LargeCap
285130,SK케미칼,KOSPI,KO,,,1079442998400.0,LargeCap
295310,에이치브이엠,KOSDAQ,KQ,,,1078848002700.0,LargeCap
365550,ESR켄달스퀘어리츠,KOSPI,KO,,,1077869820000.0,LargeCap
033240,자화전자,KOSPI,KO,,,1072713174300.0,LargeCap
484870,엠앤씨솔루션,KOSPI,KO,,,1071006300000.0,LargeCap
253450,스튜디오드래곤,KOSDAQ GLOBAL,KQ,,,1068579603900.0,LargeCap
451800,한화리츠,KOSPI,KO,,,1065028000000.0,LargeCap
171090,선익시스템,KOSDAQ,KQ,,,1064816780400.0,LargeCap
358570,지아이이노베이션,KOSDAQ,KQ,,,1063129797500.0,LargeCap
033100,제룡전기,KOSDAQ,KQ,,,1061725234900.0,LargeCap
009240,한샘,KOSPI,KO,,,1046083099600.0,LargeCap
057050,현대홈쇼핑,KOSPI,KO,,,1045200000000.0,LargeCap
036530,SNT홀딩스,KOSPI,KO,,,1041818315400.0,LargeCap
496320,본시스템즈,KONEX,KQ,,,1039340379000.0,LargeCap
365340,성일하이텍,KOSDAQ,KQ,,,1037043234500.0,LargeCap
348370,엔켐,KOSDAQ,KQ,,,1032007770300.0,LargeCap
066575,LG전자우,KOSPI,KO,,,1029440920800.0,LargeCap
006730,서부T&D,KOSDAQ,KQ,,,1029091729550.0,LargeCap
122870,와이지엔터테인먼트,KOSDAQ,KQ,,,1028007695000.0,LargeCap
006120,SK디스커버리,KOSPI,KO,,,1027411309000.0,LargeCap
006340,대원전선,KOSPI,KO,,,1026444705440.0,LargeCap
009155,삼성전기우,KOSPI,KO,,,1020351384000.0,LargeCap
074600,원익QnC,KOSDAQ GLOBAL,KQ,,,1017345600000.0,LargeCap
003030,세아제강지주,KOSPI,KO,,,1016776793500.0,LargeCap
071055,한국금융지주우,KOSPI,KO,,,1016406548500.0,LargeCap
056080,유진로봇,KOSDAQ,KQ,,,1010952496400.0,LargeCap
137310,에스디바이오센서,KOSPI,KO,,,1008255001700.0,LargeCap
108320,LX세미콘,KOSPI,KO,,,1005133740000.0,LargeCap
174900,앱클론,KOSDAQ,KQ,,,1004245704000.0,LargeCap
094170,동운아나텍,KOSDAQ,KQ,,,993221960000.0,MidCap
064960,SNT모티브,KOSPI,KO,,,988625132000.0,MidCap
372320,큐로셀,KOSDAQ,KQ,,,986474905000.0,MidCap
476060,온코닉테라퓨틱스,KOSDAQ,KQ,,,983043696000.0,MidCap
003160,디아이,KOSPI,KO,,,977765000000.0,MidCap
050890,쏠리드,KOSDAQ,KQ,,,976357501380.0,MidCap
002020,코오롱,KOSPI,KO,,,968076000000.0,MidCap
079900,전진건설로봇,KOSPI,KO,,,963107970000.0,MidCap
248070,솔루엠,KOSPI,KO,,,953933908200.0,MidCap
036810,에프에스티,KOSDAQ,KQ,,,935270884800.0,MidCap
004490,세방전지,KOSPI,KO,,,934164000000.0,MidCap
030190,NICE평가정보,KOSPI,KO,,,919608936470.0,MidCap
032190,다우데이타,KOSDAQ,KQ,,,917285000000.0,MidCap
083450,GST,KOSDAQ,KQ,,,914128000000.0,MidCap
025540,한국단자,KOSPI,KO,,,909338500000.0,MidCap
241710,코스메카코리아,KOSDAQ,KQ,,,900324000000.0,MidCap
003620,KG모빌리티,KOSPI,KO,,,894497111040.0,MidCap
010780,아이에스동서,KOSPI,KO,,,893534489600.0,MidCap
053610,프로텍,KOSDAQ,KQ,,,893200000000.0,MidCap
071320,지역난방공사,KOSPI,KO,,,886931790400.0,MidCap
009520,포스코엠텍,KOSDAQ GLOBAL,KQ,,,880743168450.0,MidCap
033500,동성화인텍,KOSDAQ,KQ,,,877192699500.0,MidCap
005090,SGC에너지,KOSPI,KO,,,871764646500.0,MidCap
249420,일동제약,KOSPI,KO,,,865306192200.0,MidCap
003850,보령,KOSPI,KO,,,864735046560.0,MidCap
102710,이엔에프테크놀로지,KOSDAQ,KQ,,,861556510800.0,MidCap
005880,대한해운,KOSPI,KO,,,853666714300.0,MidCap
389470,인벤티지랩,KOSDAQ,KQ,,,851075891500.0,MidCap
112040,위메이드,KOSDAQ,KQ,,,850409499150.0,MidCap
252990,샘씨엔에스,KOSDAQ,KQ,,,843050446000.0,MidCap
253590,네오셈,KOSDAQ,KQ,,,839217107320.0,MidCap
046890,서울반도체,KOSDAQ GLOBAL,KQ,,,834933328000.0,MidCap
356860,티엘비,KOSDAQ,KQ,,,834790287000.0,MidCap
399720,가온칩스,KOSDAQ,KQ,,,831750114000.0,MidCap
084110,휴온스글로벌,KOSDAQ,KQ,,,831749648400.0,MidCap
317450,명인제약,KOSPI,KO,,,826360000000.0,MidCap
014820,동원시스템즈,KOSPI,KO,,,824801972900.0,MidCap
011930,신성이엔지,KOSPI,KO,,,822363363245.0,MidCap
425420,티에프이,KOSDAQ,KQ,,,819852818400.0,MidCap
161000,애경케미칼,KOSPI,KO,,,812433440300.0,MidCap
348340,뉴로메카,KOSDAQ,KQ,,,812193320700.0,MidCap
052400,코나아이,KOSDAQ,KQ,,,811175308700.0,MidCap
214430,아이쓰리시스템,KOSDAQ,KQ,,,809639422000.0,MidCap
060250,NHN KCP,KOSDAQ,KQ,,,809236311650.0,MidCap
460860,동국제강,KOSPI,KO,,,809106757270.0,MidCap
079160,CJ CGV,KOSPI,KO,,,808869872565.0,MidCap
376300,디어유,KOSDAQ,KQ,,,807105804000.0,MidCap
199800,툴젠,KOSDAQ,KQ,,,801350163900.0,MidCap
077360,덕산하이메탈,KOSDAQ,KQ,,,801054345260.0,MidCap
278280,천보,KOSDAQ,KQ,,,797270627400.0,MidCap
225570,넥슨게임즈,KOSDAQ,KQ,,,796908105400.0,MidCap
000370,한화손해보험,KOSPI,KO,,,793824622000.0,MidCap
102940,코오롱생명과학,KOSDAQ,KQ,,,793290541800.0,MidCap
086900,메디톡스,KOSDAQ,KQ,,,792616774200.0,MidCap
178920,PI첨단소재,KOSPI,KO,,,782612481300.0,MidCap
069260,TKG휴켐스,KOSPI,KO,,,774649242600.0,MidCap
368770,파이버프로,KOSDAQ,KQ,,,773716998750.0,MidCap
214320,이노션,KOSPI,KO,,,771600000000.0,MidCap
348210,넥스틴,KOSDAQ GLOBAL,KQ,,,766916766000.0,MidCap
001270,부국증권,KOSPI,KO,,,766334575400.0,MidCap
486990,노타,KOSDAQ,KQ,,,765262345500.0,MidCap
007700,F&F홀딩스,KOSPI,KO,,,759992150810.0,MidCap
002350,넥센타이어,KOSPI,KO,,,756926046750.0,MidCap
493280,아이엠바이오로직스,KOSDAQ,KQ,,,753526043200.0,MidCap
475960,토모큐브,KOSDAQ,KQ,,,753478326200.0,MidCap
200710,에이디테크놀로지,KOSDAQ,KQ,,,752526191300.0,MidCap
089890,코세스,KOSDAQ,KQ,,,748811034300.0,MidCap
001060,JW중외제약,KOSPI,KO,,,747478353000.0,MidCap
114090,GKL,KOSPI,KO,,,745979380200.0,MidCap
093050,LF,KOSPI,KO,,,745620000000.0,MidCap
009900,명신산업,KOSPI,KO,,,744026485940.0,MidCap
017940,E1,KOSPI,KO,,,743624000000.0,MidCap
327260,RF머트리얼즈,KOSDAQ,KQ,,,742474799000.0,MidCap
015750,성우하이텍,KOSDAQ,KQ,,,738400000000.0,MidCap
001820,삼화콘덴서,KOSPI,KO,,,738045000000.0,MidCap
460930,현대힘스,KOSDAQ,KQ,,,736846423250.0,MidCap
033640,네패스,KOSDAQ,KQ,,,734435583700.0,MidCap
041960,코미팜,KOSDAQ,KQ,,,733692895350.0,MidCap
024850,HLB이노베이션,KOSDAQ,KQ,,,727107843000.0,MidCap
053800,안랩,KOSDAQ,KQ,,,723222890000.0,MidCap
001680,대상,KOSPI,KO,,,722411321250.0,MidCap
059090,미코,KOSDAQ,KQ,,,720131565900.0,MidCap
031330,에스에이엠티,KOSDAQ,KQ,,,713964778380.0,MidCap
293940,신한알파리츠,KOSPI,KO,,,713546725700.0,MidCap
217590,티엠씨,KOSPI,KO,,,711984348750.0,MidCap
002240,고려제강,KOSPI,KO,,,711450000000.0,MidCap
383800,LX홀딩스,KOSPI,KO,,,708647610100.0,MidCap
005420,코스모화학,KOSPI,KO,,,707479559760.0,MidCap
002840,미원상사,KOSPI,KO,,,706325000000.0,MidCap
272290,이녹스첨단소재,KOSDAQ GLOBAL,KQ,,,704790943150.0,MidCap
058650,세아홀딩스,KOSPI,KO,,,701763497200.0,MidCap
001500,현대차증권,KOSPI,KO,,,700568388520.0,MidCap
025980,아난티,KOSDAQ,KQ,,,699594118100.0,MidCap
393890,더블유씨피,KOSDAQ GLOBAL,KQ,,,698860923600.0,MidCap
005180,빙그레,KOSPI,KO,,,697958034300.0,MidCap
383310,에코프로에이치엔,KOSDAQ,KQ,,,697416489000.0,MidCap
060280,큐렉소,KOSDAQ,KQ,,,696877853100.0,MidCap
003280,흥아해운,KOSPI,KO,,,692423709120.0,MidCap
067160,SOOP,KOSDAQ GLOBAL,KQ,,,690835496700.0,MidCap
090360,로보스타,KOSDAQ,KQ,,,687375000000.0,MidCap
104830,원익머트리얼즈,KOSDAQ,KQ,,,684614400000.0,MidCap
094800,맵스리얼티,KOSPI,KO,,,682332332850.0,MidCap
336570,원텍,KOSDAQ,KQ,,,681064550290.0,MidCap
010820,퍼스텍,KOSPI,KO,,,677442218820.0,MidCap
016380,KG스틸,KOSPI,KO,,,676060143720.0,MidCap
089010,켐트로닉스,KOSDAQ,KQ,,,675832088100.0,MidCap
130660,한전산업,KOSPI,KO,,,674820000000.0,MidCap
000640,동아쏘시오홀딩스,KOSPI,KO,,,673925952700.0,MidCap
187660,페니트리움바이오,KOSDAQ,KQ,,,671141661300.0,MidCap
000400,롯데손해보험,KOSPI,KO,,,670326451200.0,MidCap
468530,프로티나,KOSDAQ,KQ,,,669496176000.0,MidCap
271940,일진하이솔루스,KOSPI,KO,,,666710168400.0,MidCap
033160,엠케이전자,KOSDAQ,KQ,,,665805819250.0,MidCap
014830,유니드,KOSPI,KO,,,663224800000.0,MidCap
039130,하나투어,KOSPI,KO,,,662194593000.0,MidCap
008730,율촌화학,KOSPI,KO,,,662160000000.0,MidCap
005810,풍산홀딩스,KOSPI,KO,,,661753702800.0,MidCap
001530,DI동일,KOSPI,KO,,,656685185700.0,MidCap
002960,한국쉘석유,KOSPI,KO,,,653900000000.0,MidCap
005250,녹십자홀딩스,KOSPI,KO,,,653692119000.0,MidCap
125490,한라캐스트,KOSDAQ,KQ,,,651566983200.0,MidCap
003000,부광약품,KOSPI,KO,,,649213535180.0,MidCap
354320,알멕,KOSDAQ,KQ,,,648086033400.0,MidCap
107640,한중엔시에스,KOSDAQ,KQ,,,639078693000.0,MidCap
001570,금양,KOSPI,KO,,,633275240400.0,MidCap
019210,와이지-원,KOSDAQ,KQ,,,629689815040.0,MidCap
042000,카페24,KOSDAQ,KQ,,,629366751300.0,MidCap
019170,신풍제약,KOSPI,KO,,,624304597020.0,MidCap
099190,아이센스,KOSDAQ,KQ,,,624253470750.0,MidCap
006380,카프로,KOSPI,KO,,,618539985360.0,MidCap
452260,한화갤러리아,KOSPI,KO,,,616473559800.0,MidCap
017900,광전자,KOSPI,KO,,,615942200690.0,MidCap
448900,한국피아이엠,KOSDAQ,KQ,,,615342494100.0,MidCap
025900,동화기업,KOSDAQ GLOBAL,KQ,,,615282158450.0,MidCap
122640,예스티,KOSDAQ,KQ,,,614874844800.0,MidCap
020000,한섬,KOSPI,KO,,,612550493100.0,MidCap
036620,감성코퍼레이션,KOSDAQ,KQ,,,611805491960.0,MidCap
006910,보성파워텍,KOSDAQ,KQ,,,610683712320.0,MidCap
018290,브이티,KOSDAQ,KQ,,,610433909860.0,MidCap
268280,미원에스씨,KOSPI,KO,,,607000000000.0,MidCap
039440,에스티아이,KOSDAQ,KQ,,,603224128300.0,MidCap
003545,대신증권우,KOSPI,KO,,,602080841300.0,MidCap
009410,태영건설,KOSPI,KO,,,601131957560.0,MidCap
016610,DB증권,KOSPI,KO,,,597645157120.0,MidCap
119850,지엔씨에너지,KOSDAQ,KQ,,,591338278550.0,MidCap
045100,한양이엔지,KOSDAQ,KQ,,,587125000000.0,MidCap
006405,삼성SDI우,KOSPI,KO,,,580824664000.0,MidCap
287840,인투셀,KOSDAQ,KQ,,,580598754000.0,MidCap
047920,HLB제약,KOSDAQ,KQ,,,580548601200.0,MidCap
105840,우진,KOSPI,KO,,,579673129000.0,MidCap
005389,현대차3우B,KOSPI,KO,,,579535548000.0,MidCap
001200,유진투자증권,KOSPI,KO,,,578292515460.0,MidCap
064260,다날,KOSDAQ,KQ,,,574149018630.0,MidCap
041190,우리기술투자,KOSDAQ,KQ,,,569520000000.0,MidCap
448730,삼성FN리츠,KOSPI,KO,,,568152000000.0,MidCap
092790,넥스틸,KOSPI,KO,,,568143700000.0,MidCap
488900,비츠로넥스텍,KOSDAQ,KQ,,,563302051920.0,MidCap
025320,시노펙스,KOSDAQ,KQ,,,562142468300.0,MidCap
002710,TCC스틸,KOSPI,KO,,,559662430950.0,MidCap
284740,쿠쿠홈시스,KOSPI,KO,,,556445784000.0,MidCap
101160,월덱스,KOSDAQ,KQ,,,555594914450.0,MidCap
002030,아세아,KOSPI,KO,,,549713484000.0,MidCap
484590,삼양컴텍,KOSDAQ,KQ,,,545626358000.0,MidCap
098070,한텍,KOSDAQ,KQ,,,544379851950.0,MidCap
000070,삼양홀딩스,KOSPI,KO,,,543423370000.0,MidCap
950210,프레스티지바이오파마,KOSPI,KO,,,543269241200.0,MidCap
381970,케이카,KOSPI,KO,,,540934995840.0,MidCap
058430,포스코스틸리온,KOSPI,KO,,,540600000000.0,MidCap
003300,한일홀딩스,KOSPI,KO,,,539267141160.0,MidCap
211050,인카금융서비스,KOSDAQ,KQ,,,537466497870.0,MidCap
037460,삼지전자,KOSDAQ,KQ,,,536063447700.0,MidCap
004690,삼천리,KOSPI,KO,,,536037640600.0,MidCap
031430,신세계인터내셔날,KOSPI,KO,,,535985520000.0,MidCap
034310,NICE,KOSPI,KO,,,532978776500.0,MidCap
394280,오픈엣지테크놀로지,KOSDAQ,KQ,,,530882579500.0,MidCap
290550,디케이티,KOSDAQ,KQ,,,530032595000.0,MidCap
251970,펌텍코리아,KOSDAQ,KQ,,,528860000000.0,MidCap
008060,대덕,KOSPI,KO,,,528439085220.0,MidCap
424870,이뮨온시아,KOSDAQ,KQ,,,527983185900.0,MidCap
013030,하이록코리아,KOSDAQ,KQ,,,527801258400.0,MidCap
168360,펨트론,KOSDAQ,KQ,,,526885029000.0,MidCap
453340,현대그린푸드,KOSPI,KO,,,526531039200.0,MidCap
005945,NH투자증권우,KOSPI,KO,,,524612910400.0,MidCap
067630,HLB생명과학,KOSDAQ,KQ,,,523633764110.0,MidCap
377740,바이오노트,KOSPI,KO,,,522675426240.0,MidCap
090435,아모레퍼시픽우,KOSPI,KO,,,519445236000.0,MidCap
016590,신대양제지,KOSPI,KO,,,518229965200.0,MidCap
317330,덕산테코피아,KOSDAQ,KQ,,,516009916800.0,MidCap
101730,위메이드맥스,KOSDAQ,KQ,,,515390208900.0,MidCap
069540,빛과전자,KOSDAQ,KQ,,,514962095140.0,MidCap
093320,케이아이엔엑스,KOSDAQ,KQ,,,514352000000.0,MidCap
306200,세아제강,KOSPI,KO,,,513937560000.0,MidCap
340570,티앤엘,KOSDAQ,KQ,,,512876800000.0,MidCap
015860,일진홀딩스,KOSPI,KO,,,510746449050.0,MidCap
079370,제우스,KOSDAQ,KQ,,,510539655400.0,MidCap
027410,BGF,KOSPI,KO,,,507298992300.0,MidCap
170920,엘티씨,KOSDAQ,KQ,,,504965222800.0,MidCap
145990,삼양사,KOSPI,KO,,,504327656100.0,MidCap
215200,메가스터디교육,KOSDAQ GLOBAL,KQ,,,503749497600.0,MidCap
030520,한글과컴퓨터,KOSDAQ GLOBAL,KQ,,,502938675200.0,MidCap
114810,한솔아이원스,KOSDAQ,KQ,,,502382067180.0,MidCap
000157,두산2우B,KOSPI,KO,,,501887356000.0,MidCap
064820,케이프,KOSDAQ,KQ,,,501787095900.0,MidCap
215600,신라젠,KOSDAQ,KQ,,,496021759120.0,MidCap
230360,에코마케팅,KOSDAQ,KQ,,,495980128000.0,MidCap
078130,국일제지,KOSDAQ,KQ,,,491548959756.0,MidCap
126720,수산인더스트리,KOSPI,KO,,,491438400000.0,MidCap
095660,네오위즈,KOSDAQ,KQ,,,491147619300.0,MidCap
029530,신도리코,KOSPI,KO,,,490644314500.0,MidCap
110990,디아이티,KOSDAQ,KQ,,,489510000000.0,MidCap
092870,엑시콘,KOSDAQ,KQ,,,488752347650.0,MidCap
389650,넥스트바이오메디컬,KOSDAQ,KQ,,,487310828400.0,MidCap
006220,제주은행,KOSPI,KO,,,486467428590.0,MidCap
078350,한양디지텍,KOSDAQ,KQ,,,484771347600.0,MidCap
117730,티로보틱스,KOSDAQ,KQ,,,483609325200.0,MidCap
206650,유바이오로직스,KOSDAQ,KQ,,,482911487050.0,MidCap
101930,인화정공,KOSDAQ,KQ,,,480109864000.0,MidCap
308430,셀비온,KOSDAQ,KQ,,,478615323000.0,MidCap
034950,한국기업평가,KOSDAQ,KQ,,,476753970000.0,MidCap
105630,한세실업,KOSPI,KO,,,474400000000.0,MidCap
192650,드림텍,KOSPI,KO,,,472473263150.0,MidCap
241520,DSC인베스트먼트,KOSDAQ,KQ,,,472416000000.0,MidCap
138080,오이솔루션,KOSDAQ,KQ,,,470354804000.0,MidCap
025860,남해화학,KOSPI,KO,,,468968277920.0,MidCap
344820,KCC글라스,KOSPI,KO,,,467936001600.0,MidCap
017810,풀무원,KOSPI,KO,,,467739050340.0,MidCap
145720,덴티움,KOSPI,KO,,,466552503100.0,MidCap
084010,대한제강,KOSPI,KO,,,465735125800.0,MidCap
419530,SAMG엔터,KOSDAQ,KQ,,,463122942750.0,MidCap
004700,조광피혁,KOSPI,KO,,,462780004800.0,MidCap
455900,엔젤로보틱스,KOSDAQ,KQ,,,462750425850.0,MidCap
180400,DXVX,KOSDAQ,KQ,,,460649741760.0,MidCap
091700,파트론,KOSDAQ GLOBAL,KQ,,,458700000000.0,MidCap
304360,에스바이오메딕스,KOSDAQ,KQ,,,456391966800.0,MidCap
042370,비츠로테크,KOSDAQ,KQ,,,455094434250.0,MidCap
089980,상아프론테크,KOSDAQ,KQ,,,454888102650.0,MidCap
072710,농심홀딩스,KOSPI,KO,,,453575862000.0,MidCap
357120,코람코라이프인프라리츠,KOSPI,KO,,,452609396100.0,MidCap
403550,쏘카,KOSPI,KO,,,449934057400.0,MidCap
078020,LS증권,KOSDAQ,KQ,,,449397639000.0,MidCap
389260,대명에너지,KOSDAQ,KQ,,,447908125000.0,MidCap
010690,화신,KOSPI,KO,,,447679656200.0,MidCap
001250,GS글로벌,KOSPI,KO,,,447333000880.0,MidCap
234340,헥토파이낸셜,KOSDAQ,KQ,,,447060992000.0,MidCap
015360,INVENI,KOSPI,KO,,,445810000000.0,MidCap
042520,한스바이오메드,KOSDAQ,KQ,,,444954650400.0,MidCap
376270,HEM파마,KOSDAQ,KQ,,,443387737900.0,MidCap
389500,에스비비테크,KOSDAQ,KQ,,,442587225500.0,MidCap
183190,아세아시멘트,KOSPI,KO,,,441727778800.0,MidCap
080580,오킨스전자,KOSDAQ,KQ,,,440437166400.0,MidCap
228760,지노믹트리,KOSDAQ,KQ,,,440007875400.0,MidCap
394800,쓰리빌리언,KOSDAQ,KQ,,,437355524520.0,MidCap
170900,동아에스티,KOSPI,KO,,,435806291200.0,MidCap
441270,파인엠텍,KOSDAQ,KQ,,,434864998960.0,MidCap
378340,필에너지,KOSDAQ,KQ,,,434670178200.0,MidCap
089590,제주항공,KOSPI,KO,,,433848499300.0,MidCap
029460,케이씨,KOSPI,KO,,,432555998750.0,MidCap
450950,아스테라시스,KOSDAQ,KQ,,,431588480240.0,MidCap
160980,싸이맥스,KOSDAQ,KQ,,,430961386350.0,MidCap
194370,제이에스코퍼레이션,KOSPI,KO,,,430898856300.0,MidCap
330860,네패스아크,KOSDAQ,KQ,,,430705990750.0,MidCap
017860,DS단석,KOSPI,KO,,,430659120750.0,MidCap
011760,현대코퍼레이션,KOSPI,KO,,,430602843300.0,MidCap
005610,삼립,KOSPI,KO,,,428861747300.0,MidCap
001390,KG케미칼,KOSPI,KO,,,427602070800.0,MidCap
069080,웹젠,KOSDAQ GLOBAL,KQ,,,427320917400.0,MidCap
494120,큐리오시스,KOSDAQ,KQ,,,427284640200.0,MidCap
482630,삼양엔씨켐,KOSDAQ,KQ,,,427259225600.0,MidCap
220100,퓨쳐켐,KOSDAQ,KQ,,,426345254200.0,MidCap
025770,한국정보통신,KOSDAQ,KQ,,,425741361270.0,MidCap
009290,광동제약,KOSPI,KO,,,423298368000.0,MidCap
036170,에이치엠넥스,KOSDAQ,KQ,,,422809163140.0,MidCap
114190,강원에너지,KOSDAQ,KQ,,,422148294080.0,MidCap
243840,신흥에스이씨,KOSDAQ,KQ,,,421827090900.0,MidCap
204620,글로벌텍스프리,KOSDAQ,KQ,,,421699980000.0,MidCap
352480,씨앤씨인터내셔널,KOSDAQ,KQ,,,418437960700.0,MidCap
016800,퍼시스,KOSPI,KO,,,415150000000.0,MidCap
478340,나라스페이스테크놀로지,KOSDAQ,KQ,,,414055916900.0,MidCap
417310,코람코더원리츠,KOSPI,KO,,,413696000000.0,MidCap
097520,엠씨넥스,KOSPI,KO,,,413285625000.0,MidCap
200670,휴메딕스,KOSDAQ,KQ,,,412699927500.0,MidCap
012030,DB,KOSPI,KO,,,412406562650.0,MidCap
084990,헬릭스미스,KOSDAQ,KQ,,,412069605180.0,MidCap
034830,한국토지신탁,KOSPI,KO,,,411052466440.0,MidCap
007690,국도화학,KOSPI,KO,,,410717899200.0,MidCap
452280,한선엔지니어링,KOSDAQ,KQ,,,409948746000.0,MidCap
298830,슈어소프트테크,KOSDAQ,KQ,,,409492102340.0,MidCap
026890,스틱인베스트먼트,KOSPI,KO,,,409420038720.0,MidCap
018250,애경산업,KOSPI,KO,,,408561694450.0,MidCap
041830,인바디,KOSDAQ,KQ,,,407796680500.0,MidCap
036890,진성티이씨,KOSDAQ,KQ,,,404518958280.0,MidCap
078340,컴투스,KOSDAQ GLOBAL,KQ,,,404454419850.0,MidCap
046120,오르비텍,KOSDAQ,KQ,,,403895315690.0,MidCap
079940,가비아,KOSDAQ,KQ,,,403291554200.0,MidCap
041920,메디아나,KOSDAQ,KQ,,,402651527950.0,MidCap
060980,HL홀딩스,KOSPI,KO,,,401738979750.0,MidCap
078520,에이블씨엔씨,KOSPI,KO,,,400878221010.0,MidCap
365270,큐라클,KOSDAQ,KQ,,,400781066480.0,MidCap
009160,SIMPAC,KOSPI,KO,,,400070324160.0,MidCap
005010,휴스틸,KOSPI,KO,,,400059094000.0,MidCap
003720,삼영,KOSPI,KO,,,397800000000.0,MidCap
318060,그래피,KOSDAQ,KQ,,,397261638900.0,MidCap
179900,유티아이,KOSDAQ,KQ,,,394620815280.0,MidCap
241770,메카로,KOSDAQ,KQ,,,394455168000.0,MidCap
265520,AP시스템,KOSDAQ,KQ,,,394331510200.0,MidCap
200880,서연이화,KOSPI,KO,,,393804327090.0,MidCap
086390,유니테스트,KOSDAQ,KQ,,,393094743600.0,MidCap
104700,한국철강,KOSPI,KO,,,391108500000.0,MidCap
094360,칩스앤미디어,KOSDAQ,KQ,,,390415384200.0,MidCap
091810,트리니티항공,KOSPI,KO,,,388604285385.0,MidCap
064290,인텍플러스,KOSDAQ,KQ,,,388491652400.0,MidCap
230240,에치에프알,KOSDAQ,KQ,,,387957350000.0,MidCap
073490,LIG아큐버,KOSDAQ,KQ,,,387796146000.0,MidCap
236200,슈프리마,KOSDAQ,KQ,,,387771691600.0,MidCap
046970,우리로,KOSDAQ,KQ,,,386974741170.0,MidCap
475400,씨메스로보틱스,KOSDAQ,KQ,,,386774439800.0,MidCap
011500,한농화성,KOSPI,KO,,,386234937400.0,MidCap
005720,넥센,KOSPI,KO,,,385672791180.0,MidCap
144510,지씨셀,KOSDAQ,KQ,,,385528393600.0,MidCap
084850,아이티엠반도체,KOSDAQ GLOBAL,KQ,,,385383048660.0,MidCap
001940,KISCO홀딩스,KOSPI,KO,,,384888717000.0,MidCap
003800,에이스침대,KOSDAQ,KQ,,,384823000000.0,MidCap
418550,제이오,KOSDAQ,KQ,,,384212076000.0,MidCap
002810,삼영무역,KOSPI,KO,,,383189171000.0,MidCap
093520,매커스,KOSDAQ,KQ,,,382403484000.0,MidCap
092230,KPX홀딩스,KOSPI,KO,,,382330463000.0,MidCap
356680,엑스게이트,KOSDAQ,KQ,,,380770183280.0,MidCap
217730,강스템바이오텍,KOSDAQ,KQ,,,379978761960.0,MidCap
332570,PS일렉트로닉스,KOSDAQ,KQ,,,379065436340.0,MidCap
126560,현대퓨처넷,KOSPI,KO,,,376894071900.0,MidCap
065660,안트로젠,KOSDAQ,KQ,,,376229360000.0,MidCap
091580,상신이디피,KOSDAQ,KQ,,,375855775800.0,MidCap
053030,바이넥스,KOSDAQ,KQ,,,373253426960.0,MidCap
035890,서희건설,KOSDAQ,KQ,,,372979125711.0,MidCap
099430,바이오플러스,KOSDAQ,KQ,,,372309960880.0,MidCap
001750,한양증권,KOSPI,KO,,,371673192800.0,MidCap
014940,오리엔탈정공,KOSDAQ,KQ,,,370969600540.0,MidCap
402490,그린리소스,KOSDAQ,KQ,,,370757176800.0,MidCap
199820,제일일렉트릭,KOSDAQ,KQ,,,369740800000.0,MidCap
065680,우주일렉트로,KOSDAQ,KQ,,,369618840000.0,MidCap
092220,KEC,KOSPI,KO,,,369002653158.0,MidCap
355150,코스텍시스,KOSDAQ,KQ,,,366475450000.0,MidCap
200470,에이팩트,KOSDAQ,KQ,,,366008483520.0,MidCap
000680,LS네트웍스,KOSPI,KO,,,364857964080.0,MidCap
036200,유니셈,KOSDAQ,KQ,,,363984327010.0,MidCap
108860,셀바스AI,KOSDAQ,KQ,,,363349665000.0,MidCap
001230,동국홀딩스,KOSPI,KO,,,362525506200.0,MidCap
448280,에코아이,KOSDAQ,KQ,,,362388707670.0,MidCap
002310,아세아제지,KOSPI,KO,,,361752006700.0,MidCap
451760,컨텍,KOSDAQ,KQ,,,361400855500.0,MidCap
321550,티움바이오,KOSDAQ,KQ,,,361096578050.0,MidCap
085910,네오티스,KOSDAQ,KQ,,,360911786200.0,MidCap
474650,링크솔루션,KOSDAQ,KQ,,,359967408900.0,MidCap
101360,에코앤드림,KOSDAQ,KQ,,,357500891400.0,MidCap
425040,티이엠씨,KOSDAQ,KQ,,,357475414320.0,MidCap
088800,에이스테크,KOSDAQ,KQ,,,357145432820.0,MidCap
004430,송원산업,KOSPI,KO,,,355200000000.0,MidCap
092730,네오팜,KOSDAQ,KQ,,,355019956350.0,MidCap
035810,이지홀딩스,KOSDAQ,KQ,,,354839017500.0,MidCap
314930,바이오다인,KOSDAQ,KQ,,,354490466730.0,MidCap
452430,사피엔반도체,KOSDAQ,KQ,,,353786880300.0,MidCap
058970,엠로,KOSDAQ,KQ,,,353575908400.0,MidCap
416180,신성에스티,KOSDAQ,KQ,,,353455319800.0,MidCap
286940,롯데이노베이트,KOSPI,KO,,,352514251100.0,MidCap
092460,한라IMS,KOSDAQ,KQ,,,351603924000.0,MidCap
084690,대상홀딩스,KOSPI,KO,,,350899493220.0,MidCap
136480,하림,KOSDAQ,KQ,,,350492016600.0,MidCap
151860,KG에코솔루션,KOSDAQ,KQ,,,349406034680.0,MidCap
200130,콜마비앤에이치,KOSDAQ GLOBAL,KQ,,,348280206720.0,MidCap
043150,바텍,KOSDAQ,KQ,,,347589590400.0,MidCap
338840,와이바이오로직스,KOSDAQ,KQ,,,347578054900.0,MidCap
052710,아모텍,KOSDAQ,KQ,,,346378083300.0,MidCap
389020,자람테크놀로지,KOSDAQ,KQ,,,345191988400.0,MidCap
051500,CJ프레시웨이,KOSDAQ,KQ,,,344275994000.0,MidCap
024720,콜마홀딩스,KOSPI,KO,,,343305552590.0,MidCap
094480,갤럭시아머니트리,KOSDAQ,KQ,,,343261082500.0,MidCap
049630,재영솔루텍,KOSDAQ,KQ,,,342509850800.0,MidCap
900290,GRT,KOSDAQ,KQ,,,341995500000.0,MidCap
018000,유니슨,KOSDAQ,KQ,,,339172234544.0,MidCap
462350,이노스페이스,KOSDAQ,KQ,,,338907070880.0,MidCap
322310,오로스테크놀로지,KOSDAQ,KQ,,,338600493300.0,MidCap
472850,폰드그룹,KOSDAQ,KQ,,,337945597240.0,MidCap
001340,PKC,KOSPI,KO,,,337786420640.0,MidCap
060720,KH바텍,KOSDAQ,KQ,,,337166774080.0,MidCap
123890,한국자산신탁,KOSPI,KO,,,335304557240.0,MidCap
054210,이랜텍,KOSDAQ,KQ,,,334602708300.0,MidCap
272450,진에어,KOSPI,KO,,,334080000000.0,MidCap
095500,미래나노텍,KOSDAQ,KQ,,,333977689230.0,MidCap
900140,엘브이엠씨홀딩스,KOSPI,KO,,,333919466496.0,MidCap
045390,대아티아이,KOSDAQ,KQ,,,333339073210.0,MidCap
037270,YG PLUS,KOSPI,KO,,,332958065300.0,MidCap
061970,LB세미콘,KOSDAQ,KQ,,,332815624380.0,MidCap
272110,케이엔제이,KOSDAQ,KQ,,,331448813500.0,MidCap
002900,TYM,KOSPI,KO,,,329130000000.0,MidCap
232530,이엠티,KONEX,KQ,,,328119234240.0,MidCap
003520,영진약품,KOSPI,KO,,,327377988490.0,MidCap
094820,일진파워,KOSDAQ,KQ,,,327207985300.0,MidCap
033270,유나이티드제약,KOSPI,KO,,,326966426250.0,MidCap
445090,에이직랜드,KOSDAQ,KQ,,,326677174200.0,MidCap
128820,대성산업,KOSPI,KO,,,325695441600.0,MidCap
051370,인터플렉스,KOSDAQ,KQ,,,325184959680.0,MidCap
067390,아스트,KOSDAQ,KQ,,,324871117726.0,MidCap
009470,삼화전기,KOSPI,KO,,,324077180000.0,MidCap
049070,인탑스,KOSDAQ,KQ,,,324048000000.0,MidCap
096760,JW홀딩스,KOSPI,KO,,,323791245960.0,MidCap
005680,삼영전자,KOSPI,KO,,,322600000000.0,MidCap
215000,골프존,KOSDAQ GLOBAL,KQ,,,321928789500.0,MidCap
394420,리센스메디컬,KOSDAQ,KQ,,,321168820800.0,MidCap
023410,유진기업,KOSDAQ,KQ,,,320453527135.0,MidCap
017390,서울가스,KOSPI,KO,,,320265000000.0,MidCap
357550,석경에이티,KOSDAQ,KQ,,,320208500000.0,MidCap
243070,휴온스,KOSDAQ,KQ,,,319857055500.0,MidCap
003920,남양유업,KOSPI,KO,,,317400000000.0,MidCap
001780,알루코,KOSPI,KO,,,315666230320.0,MidCap
035600,KG이니시스,KOSDAQ,KQ,,,315498269300.0,MidCap
053690,한미글로벌,KOSPI,KO,,,315029562500.0,MidCap
099440,스맥,KOSDAQ,KQ,,,314602046340.0,MidCap
251370,와이엠티,KOSDAQ,KQ,,,313959579690.0,MidCap
001460,BYC,KOSPI,KO,,,313556730000.0,MidCap
035510,신세계 I&C,KOSPI,KO,,,313172160000.0,MidCap
475560,더본코리아,KOSPI,KO,,,312870167000.0,MidCap
064850,에프앤가이드,KOSDAQ,KQ,,,312643096800.0,MidCap
004360,세방,KOSPI,KO,,,312157796990.0,MidCap
005950,이수화학,KOSPI,KO,,,311585902650.0,MidCap
274090,켄코아에어로스페이스,KOSDAQ,KQ,,,310830547950.0,MidCap
456010,아이씨티케이,KOSDAQ,KQ,,,310706436900.0,MidCap
092200,디아이씨,KOSPI,KO,,,309941894930.0,MidCap
023760,한국캐피탈,KOSDAQ,KQ,,,309928603632.0,MidCap
432720,퀄리타스반도체,KOSDAQ,KQ,,,309321972200.0,MidCap
006805,미래에셋증권우,KOSPI,KO,,,308962712500.0,MidCap
115450,HLB테라퓨틱스,KOSDAQ,KQ,,,308701679865.0,MidCap
112290,와이씨켐,KOSDAQ,KQ,,,308169411600.0,MidCap
088260,이리츠코크렙,KOSPI,KO,,,307840127400.0,MidCap
138360,앤로보틱스,KOSDAQ,KQ,,,307581929390.0,MidCap
012210,삼미금속,KOSDAQ,KQ,,,307359366200.0,MidCap
003120,일성아이에스,KOSPI,KO,,,307230000000.0,MidCap
037710,광주신세계,KOSPI,KO,,,307147534000.0,MidCap
382900,범한퓨얼셀,KOSDAQ,KQ,,,307073050000.0,MidCap
294570,쿠콘,KOSDAQ,KQ,,,306788652800.0,MidCap
011690,와이투솔루션,KOSPI,KO,,,306481689900.0,MidCap
054950,제이브이엠,KOSDAQ,KQ,,,306478762200.0,MidCap
138610,나이벡,KOSDAQ,KQ,,,306362021350.0,MidCap
254490,미래반도체,KOSDAQ,KQ,,,305363700000.0,MidCap
092190,서울바이오시스,KOSDAQ,KQ,,,305024746950.0,MidCap
459510,나우로보틱스,KOSDAQ,KQ,,,304991977000.0,MidCap
002320,한진,KOSPI,KO,,,304940804400.0,MidCap
108670,LX하우시스,KOSPI,KO,,,304900780000.0,MidCap
304100,솔트룩스,KOSDAQ,KQ,,,304771291000.0,MidCap
219130,타이거일렉,KOSDAQ,KQ,,,302454491000.0,MidCap
003960,사조대림,KOSPI,KO,,,302427411000.0,MidCap
017890,한국알콜,KOSDAQ,KQ,,,302296520260.0,MidCap
003200,일신방직,KOSPI,KO,,,301924000000.0,MidCap
003070,코오롱글로벌,KOSPI,KO,,,301528153740.0,MidCap
108380,대양전기공업,KOSDAQ,KQ,,,301370989500.0,MidCap
000320,노루홀딩스,KOSPI,KO,,,299715455050.0,MidCap
372170,윤성에프앤씨,KOSDAQ,KQ,,,298416395200.0,MidCap
044450,KSS해운,KOSPI,KO,,,296884416800.0,MidCap
098120,마이크로컨텍솔,KOSDAQ,KQ,,,296765746200.0,MidCap
000490,대동,KOSPI,KO,,,296051903550.0,MidCap
464080,에스오에스랩,KOSDAQ,KQ,,,295587831150.0,MidCap
361390,제노코,KOSDAQ,KQ,,,295068510400.0,MidCap
241590,화승엔터프라이즈,KOSPI,KO,,,293555042220.0,MidCap
034120,SBS,KOSPI,KO,,,293109560400.0,MidCap
221800,지구홀딩스,KOSDAQ,KQ,,,292996155700.0,MidCap
474170,루미르,KOSDAQ,KQ,,,292210214400.0,MidCap
004980,성신양회,KOSPI,KO,,,290515465050.0,MidCap
036800,나이스정보통신,KOSDAQ,KQ,,,290000000000.0,MidCap
334890,이지스밸류플러스리츠,KOSPI,KO,,,289601008110.0,MidCap
000650,천일고속,KOSPI,KO,,,289417050000.0,MidCap
012860,모베이스전자,KOSDAQ,KQ,,,289272155150.0,MidCap
226590,엠디바이스,KOSDAQ,KQ,,,288625785600.0,MidCap
226320,잇츠한불,KOSPI,KO,,,288589785400.0,MidCap
000540,흥국화재,KOSPI,KO,,,288128262825.0,MidCap
144960,뉴파워프라즈마,KOSDAQ,KQ,,,287934392160.0,MidCap
086820,바이오솔루션,KOSDAQ,KQ,,,287757343500.0,MidCap
199430,케이엔알시스템,KOSDAQ,KQ,,,287516309400.0,MidCap
126700,하이비젼시스템,KOSDAQ,KQ,,,286440287040.0,MidCap
013890,지누스,KOSPI,KO,,,285971301600.0,MidCap
008350,남선알미늄,KOSPI,KO,,,285264788900.0,MidCap
004310,현대약품,KOSPI,KO,,,285120000000.0,MidCap
092070,디엔에프,KOSDAQ,KQ,,,284667706800.0,MidCap
083310,엘오티베큠,KOSDAQ,KQ,,,284604327340.0,MidCap
255220,SG,KOSDAQ,KQ,,,283221135670.0,MidCap
194480,데브시스터즈,KOSDAQ,KQ,,,283215652500.0,MidCap
043370,피에이치에이,KOSDAQ,KQ,,,282240000000.0,MidCap
382800,지앤비에스 에코,KOSDAQ,KQ,,,282023023260.0,MidCap
289930,웨이비스,KOSDAQ,KQ,,,281861566500.0,MidCap
064550,바이오니아,KOSDAQ,KQ,,,281590274810.0,MidCap
388050,지투파워,KOSDAQ,KQ,,,281577026850.0,MidCap
377190,디앤디플랫폼리츠,KOSPI,KO,,,281554000000.0,MidCap
488280,에스투더블유,KOSDAQ,KQ,,,281080974600.0,MidCap
134380,미원화학,KOSPI,KO,,,280406670000.0,MidCap
000050,경방,KOSPI,KO,,,280184059400.0,MidCap
005710,대원산업,KOSDAQ,KQ,,,280125648000.0,MidCap
039860,나노엔텍,KOSDAQ,KQ,,,279983939550.0,MidCap
256840,한국비엔씨,KOSDAQ,KQ,,,279735083740.0,MidCap
067080,대화제약,KOSDAQ,KQ,,,278505084000.0,MidCap
078070,유비쿼스홀딩스,KOSDAQ,KQ,,,277627254440.0,MidCap
194700,노바렉스,KOSDAQ,KQ,,,277473689600.0,MidCap
484810,티엑스알로보틱스,KOSDAQ,KQ,,,277343924250.0,MidCap
084680,이월드,KOSPI,KO,,,276947494929.0,MidCap
203650,드림시큐리티,KOSDAQ,KQ,,,276378919160.0,MidCap
404990,신한서부티엔디리츠,KOSPI,KO,,,275848239905.0,MidCap
267980,매일유업,KOSDAQ,KQ,,,275507786100.0,MidCap
004560,현대비앤지스틸,KOSPI,KO,,,275339088860.0,MidCap
439090,마녀공장,KOSDAQ,KQ,,,275242835400.0,MidCap
018310,삼목에스폼,KOSDAQ,KQ,,,274743000000.0,MidCap
030210,다올투자증권,KOSPI,KO,,,274404532530.0,MidCap
338220,뷰노,KOSDAQ,KQ,,,274295712570.0,MidCap
357580,아모센스,KOSDAQ,KQ,,,273605189450.0,MidCap
053300,한국정보인증,KOSDAQ,KQ,,,273322364840.0,MidCap
293580,나우IB,KOSDAQ,KQ,,,272923606250.0,MidCap
214180,헥토이노베이션,KOSDAQ,KQ,,,272211038650.0,MidCap
079960,동양이엔피,KOSDAQ,KQ,,,271170000000.0,MidCap
000390,삼화페인트,KOSPI,KO,,,270402481860.0,MidCap
042600,새로닉스,KOSDAQ,KQ,,,269591555800.0,MidCap
004710,한솔테크닉스,KOSPI,KO,,,269578165440.0,MidCap
078150,HB테크놀러지,KOSDAQ,KQ,,,268876156400.0,MidCap
314130,지놈앤컴퍼니,KOSDAQ,KQ,,,268658904150.0,MidCap
481070,에이유브랜즈,KOSDAQ,KQ,,,268515800000.0,MidCap
000430,대원강업,KOSPI,KO,,,268460000000.0,MidCap
309710,아이티켐,KOSDAQ,KQ,,,268443021000.0,MidCap
190510,나무가,KOSDAQ,KQ,,,267339316660.0,MidCap
001790,대한제당,KOSPI,KO,,,266847325500.0,MidCap
058820,CMG제약,KOSDAQ,KQ,,,266707298132.0,MidCap
007160,사조산업,KOSPI,KO,,,266500000000.0,MidCap
462860,더즌,KOSDAQ,KQ,,,266372923830.0,MidCap
182400,엔케이젠바이오텍코리아,KOSDAQ,KQ,,,265496721770.0,MidCap
034810,해성산업,KOSDAQ,KQ,,,265012815980.0,MidCap
402030,코난테크놀로지,KOSDAQ,KQ,,,264744871200.0,MidCap
126600,BGF에코머티리얼즈,KOSDAQ,KQ,,,264562479285.0,MidCap
001130,대한제분,KOSPI,KO,,,264485000000.0,MidCap
013580,계룡건설,KOSPI,KO,,,264354847200.0,MidCap
051360,토비스,KOSDAQ,KQ,,,263896642670.0,MidCap
013120,동원개발,KOSDAQ,KQ,,,263797530500.0,MidCap
299030,하나기술,KOSDAQ,KQ,,,262632793500.0,MidCap
403850,더핑크퐁컴퍼니,KOSDAQ,KQ,,,261331892100.0,MidCap
353810,이지바이오,KOSDAQ,KQ,,,261016348800.0,MidCap
216080,제테마,KOSDAQ,KQ,,,260835783990.0,MidCap
457550,우진엔텍,KOSDAQ,KQ,,,260464876100.0,MidCap
176750,듀켐바이오,KOSDAQ,KQ,,,259511606400.0,MidCap
136490,선진,KOSPI,KO,,,259435479640.0,MidCap
206640,바디텍메드,KOSDAQ,KQ,,,258075309380.0,MidCap
125210,아모그린텍,KOSDAQ,KQ,,,257184956100.0,MidCap
122900,아이마켓코리아,KOSPI,KO,,,257067779600.0,MidCap
452450,피아이이,KOSDAQ,KQ,,,256883205000.0,MidCap
041020,폴라리스오피스,KOSDAQ,KQ,,,256865209810.0,MidCap
211270,AP위성,KOSDAQ,KQ,,,256700814080.0,MidCap
121800,비덴트,KOSDAQ,KQ,,,256309348520.0,MidCap
417840,저스템,KOSDAQ,KQ,,,256102420300.0,MidCap
469610,이노테크,KOSDAQ,KQ,,,255984885000.0,MidCap
125020,티씨머티리얼즈,KOSDAQ,KQ,,,255781415000.0,MidCap
033920,무학,KOSPI,KO,,,255075000000.0,MidCap
095700,제넥신,KOSDAQ,KQ,,,255026766400.0,MidCap
024060,흥구석유,KOSDAQ,KQ,,,254100000000.0,MidCap
119610,인터로조,KOSDAQ,KQ,,,253955870750.0,MidCap
297090,씨에스베어링,KOSDAQ,KQ,,,253611000000.0,MidCap
377460,큐에이드,KOSDAQ,KQ,,,253187202960.0,MidCap
005500,삼진제약,KOSPI,KO,,,252946800000.0,MidCap
461300,아이스크림미디어,KOSDAQ,KQ,,,252746227000.0,MidCap
035150,백산,KOSPI,KO,,,252658303320.0,MidCap
036030,케이티알파,KOSDAQ,KQ,,,251959114620.0,MidCap
100120,뷰웍스,KOSDAQ,KQ,,,250302366900.0,MidCap
380550,뉴로핏,KOSDAQ,KQ,,,250300984500.0,MidCap
117580,대성에너지,KOSPI,KO,,,250250000000.0,MidCap
405100,큐알티,KOSDAQ,KQ,,,250087275350.0,MidCap
001630,종근당홀딩스,KOSPI,KO,,,249741570850.0,MidCap
004380,삼익THK,KOSPI,KO,,,249021000000.0,MidCap
010955,S-Oil우,KOSPI,KO,,,248152895900.0,MidCap
950250,테라뷰,KOSDAQ,KQ,,,247203407760.0,MidCap
285490,노바텍,KOSDAQ,KQ,,,246945653850.0,MidCap
484120,도우인시스,KOSDAQ,KQ,,,246541995000.0,MidCap
237880,클리오,KOSDAQ,KQ,,,246493254920.0,MidCap
102120,어보브반도체,KOSDAQ,KQ,,,246263429050.0,MidCap
950140,잉글우드랩,KOSDAQ,KQ,,,245566823760.0,MidCap
065710,서호전기,KOSDAQ,KQ,,,244882500000.0,MidCap
011560,세보엠이씨,KOSDAQ,KQ,,,244260000000.0,MidCap
487570,HS효성,KOSPI,KO,,,244048218500.0,MidCap
209640,와이제이링크,KOSDAQ,KQ,,,244042192680.0,MidCap
244920,에이플러스에셋,KOSPI,KO,,,243710930540.0,MidCap
028100,동아지질,KOSPI,KO,,,243688936400.0,MidCap
009680,모토닉,KOSPI,KO,,,243627983740.0,MidCap
036190,금화피에스시,KOSDAQ,KQ,,,243600000000.0,MidCap
073010,케이에스피,KOSDAQ,KQ,,,242755150000.0,MidCap
095570,AJ네트웍스,KOSPI,KO,,,242554788240.0,MidCap
003220,대원제약,KOSPI,KO,,,242442172230.0,MidCap
234690,녹십자웰빙,KOSDAQ,KQ,,,241965516300.0,MidCap
371950,풍원정밀,KOSDAQ,KQ,,,241809387160.0,MidCap
051905,LG생활건강우,KOSPI,KO,,,241675124700.0,MidCap
210980,SK디앤디,KOSPI,KO,,,240722749260.0,MidCap
270660,에브리봇,KOSDAQ,KQ,,,240359642020.0,MidCap
000480,CR홀딩스,KOSPI,KO,,,240079308800.0,MidCap
002150,도화엔지니어링,KOSPI,KO,,,239412000000.0,MidCap
019010,베뉴지,KOSDAQ,KQ,,,238831000000.0,MidCap
083930,아바코,KOSDAQ,KQ,,,238211751270.0,MidCap
061090,세나테크놀로지,KOSDAQ,KQ,,,236830457600.0,MidCap
298690,에어부산,KOSPI,KO,,,236779200000.0,MidCap
417010,나노팀,KOSDAQ,KQ,,,236424372160.0,MidCap
025000,KPX케미칼,KOSPI,KO,,,235574544200.0,MidCap
260870,SK시그넷,KONEX,KQ,,,235171004950.0,MidCap
053210,스카이라이프,KOSPI,KO,,,235001012475.0,MidCap
008490,서흥,KOSPI,KO,,,234852993900.0,MidCap
123330,제닉,KOSDAQ,KQ,,,234677626000.0,MidCap
039840,디오,KOSDAQ,KQ,,,234642831720.0,MidCap
003610,방림,KOSPI,KO,,,234378581140.0,MidCap
010580,에스엠벡셀,KOSPI,KO,,,234184954800.0,MidCap
036560,KZ정밀,KOSDAQ,KQ,,,234045000000.0,MidCap
293780,압타바이오,KOSDAQ,KQ,,,233737129600.0,MidCap
348950,제이알글로벌리츠,KOSPI,KO,,,233298432000.0,MidCap
018470,조일알미늄,KOSPI,KO,,,232622471477.0,MidCap
104480,티케이케미칼,KOSDAQ,KQ,,,231783356700.0,MidCap
203400,에이비온,KOSDAQ,KQ,,,231109844760.0,MidCap
146320,비씨엔씨,KOSDAQ,KQ,,,230362614000.0,MidCap
068930,디지털대성,KOSDAQ,KQ,,,229982092020.0,MidCap
102260,동성케미컬,KOSPI,KO,,,229026551320.0,MidCap
033530,SJG세종,KOSPI,KO,,,227297251370.0,MidCap
007860,서연,KOSPI,KO,,,226580494600.0,MidCap
003350,한국화장품제조,KOSPI,KO,,,226146800000.0,MidCap
339770,교촌에프앤비,KOSPI,KO,,,225842161600.0,MidCap
000860,강남제비스코,KOSPI,KO,,,225030000000.0,MidCap
121440,골프존홀딩스,KOSDAQ,KQ,,,224893294500.0,MidCap
016880,웅진,KOSPI,KO,,,224595094800.0,MidCap
118990,모트렉스,KOSDAQ,KQ,,,224026197230.0,MidCap
003547,대신증권2우B,KOSPI,KO,,,224006159050.0,MidCap
445180,퓨릿,KOSDAQ,KQ,,,223803227760.0,MidCap
289080,SV인베스트먼트,KOSDAQ,KQ,,,223783246640.0,MidCap
147830,제룡산업,KOSDAQ,KQ,,,223600000000.0,MidCap
264660,씨앤지하이테크,KOSDAQ,KQ,,,223586956000.0,MidCap
051980,중앙첨단소재,KOSDAQ,KQ,,,221739051164.0,MidCap
005960,동부건설,KOSPI,KO,,,221435297950.0,MidCap
232680,라온로보틱스,KOSDAQ,KQ,,,221250495000.0,MidCap
001080,만호제강,KOSPI,KO,,,221195000000.0,MidCap
016580,환인제약,KOSPI,KO,,,219108824600.0,MidCap
060150,인선이엔티,KOSDAQ,KQ,,,219081794460.0,MidCap
101970,우양에이치씨,KOSDAQ,KQ,,,218892133200.0,MidCap
007570,일양약품,KOSPI,KO,,,218530852800.0,MidCap
080160,모두투어,KOSDAQ,KQ,,,218484000000.0,MidCap
140670,알에스오토메이션,KOSDAQ,KQ,,,218277280000.0,MidCap
054450,텔레칩스,KOSDAQ,KQ,,,218228397530.0,MidCap
264450,유비쿼스,KOSDAQ,KQ,,,218075880910.0,MidCap
039570,HDC랩스,KOSPI,KO,,,218043848400.0,MidCap
259630,엠플러스,KOSDAQ,KQ,,,217690325520.0,MidCap
432320,KB스타리츠,KOSPI,KO,,,217026569900.0,MidCap
032620,GC메디아이,KOSDAQ,KQ,,,216096155460.0,MidCap
307750,국전,KOSDAQ,KQ,,,215945152000.0,MidCap
003555,LG우,KOSPI,KO,,,215601848400.0,MidCap
012610,경인양행,KOSPI,KO,,,215156607050.0,MidCap
377450,리파인,KOSDAQ,KQ,,,214892000000.0,MidCap
460850,동국씨엠,KOSPI,KO,,,214672350080.0,MidCap
017510,세명전기,KOSDAQ,KQ,,,214663680000.0,MidCap
179290,엠아이텍,KOSDAQ,KQ,,,214260788360.0,MidCap
950170,JTC,KOSDAQ,KQ,,,213712417240.0,MidCap
489500,엘케이켐,KOSDAQ,KQ,,,213140001200.0,MidCap
003650,미창석유,KOSPI,KO,,,212935852800.0,MidCap
081000,일진다이아,KOSPI,KO,,,212902595250.0,MidCap
039560,다산네트웍스,KOSDAQ,KQ,,,212607193680.0,MidCap
123860,아나패스,KOSDAQ,KQ,,,212523464950.0,MidCap
307180,아이엘,KOSDAQ,KQ,,,212446454760.0,MidCap
002780,진흥기업,KOSPI,KO,,,212097804210.0,MidCap
000140,하이트진로홀딩스,KOSPI,KO,,,211877764450.0,MidCap
002990,금호건설,KOSPI,KO,,,210881532000.0,MidCap
475230,엔알비,KOSDAQ,KQ,,,210235595070.0,MidCap
453450,그리드위즈,KOSDAQ,KQ,,,210085737500.0,MidCap
271980,제일약품,KOSPI,KO,,,209691474720.0,MidCap
005160,동국산업,KOSDAQ,KQ,,,209383700520.0,MidCap
054920,한컴위드,KOSDAQ,KQ,,,209088570210.0,MidCap
267320,나인테크,KOSDAQ,KQ,,,208417520850.0,MidCap
037350,성도이엔지,KOSDAQ,KQ,,,208377000000.0,MidCap
088130,동아엘텍,KOSDAQ,KQ,,,208250089740.0,MidCap
418420,라온텍,KOSDAQ,KQ,,,208173673640.0,MidCap
102460,이연제약,KOSPI,KO,,,208172283200.0,MidCap
458650,성우,KOSDAQ,KQ,,,207630246000.0,MidCap
234080,JW생명과학,KOSPI,KO,,,207432657400.0,MidCap
040160,누리플렉스,KOSDAQ,KQ,,,207355202000.0,MidCap
106190,하이텍팜,KOSDAQ,KQ,,,207027878310.0,MidCap
380540,옵티코어,KOSDAQ,KQ,,,206658130575.0,MidCap
001045,CJ우,KOSPI,KO,,,206584382200.0,MidCap
052330,코텍,KOSDAQ,KQ,,,206034432400.0,MidCap
340450,지씨지놈,KOSDAQ,KQ,,,205288883240.0,MidCap
031440,신세계푸드,KOSPI,KO,,,204466944000.0,MidCap
008970,KBI동양철관,KOSPI,KO,,,204420806790.0,MidCap
056090,시지메드텍,KOSDAQ,KQ,,,204143114172.0,MidCap
003460,유화증권,KOSPI,KO,,,204128694000.0,MidCap
122990,와이솔,KOSDAQ,KQ,,,203522578840.0,MidCap
119830,아이텍,KOSDAQ,KQ,,,203414457560.0,MidCap
308080,바이젠셀,KOSDAQ,KQ,,,203147666600.0,MidCap
115310,인포바인,KOSDAQ,KQ,,,203067358800.0,MidCap
046440,KG파이낸셜,KOSDAQ,KQ,,,202977682680.0,MidCap
213500,한솔제지,KOSPI,KO,,,202780907520.0,MidCap
004090,한국석유,KOSPI,KO,,,201582625600.0,MidCap
002230,피에스텍,KOSDAQ,KQ,,,201082190000.0,MidCap
204610,티쓰리,KOSDAQ,KQ,,,200756278000.0,MidCap
032940,원익,KOSDAQ,KQ,,,200125530000.0,MidCap
101170,우림피티에스,KOSDAQ,KQ,,,199800000000.0,SmallCap
082800,비보존 제약,KOSDAQ,KQ,,,199767701140.0,SmallCap
036710,심텍홀딩스,KOSDAQ,KQ,,,199688910120.0,SmallCap
317400,자이에스앤디,KOSPI,KO,,,198954327600.0,SmallCap
473980,노머스,KOSDAQ,KQ,,,198700076340.0,SmallCap
002100,경농,KOSPI,KO,,,198349362000.0,SmallCap
123410,코리아에프티,KOSDAQ,KQ,,,197949965040.0,SmallCap
001360,삼성제약,KOSPI,KO,,,197740365900.0,SmallCap
086890,이수앱지스,KOSDAQ,KQ,,,197734485450.0,SmallCap
100250,진양홀딩스,KOSPI,KO,,,197451000000.0,SmallCap
000520,삼일제약,KOSPI,KO,,,197395480100.0,SmallCap
220260,켐트로스,KOSDAQ,KQ,,,196922417700.0,SmallCap
017550,수산세보틱스,KOSPI,KO,,,196557259500.0,SmallCap
322180,LS티라유텍,KOSDAQ,KQ,,,196457429760.0,SmallCap
158430,아톤,KOSDAQ,KQ,,,196101556920.0,SmallCap
068790,DMS,KOSDAQ,KQ,,,195909544320.0,SmallCap
365330,에스와이스틸텍,KOSDAQ,KQ,,,195165190000.0,SmallCap
025820,이구산업,KOSPI,KO,,,194966860000.0,SmallCap
012200,계양전기,KOSPI,KO,,,194643227350.0,SmallCap
300080,플리토,KOSDAQ,KQ,,,194269158270.0,SmallCap
037070,파세코,KOSDAQ,KQ,,,194000000000.0,SmallCap
114840,아이패밀리에스씨,KOSDAQ,KQ,,,193982880000.0,SmallCap
001520,동양,KOSPI,KO,,,193811459156.0,SmallCap
282720,금양그린파워,KOSDAQ,KQ,,,193306025000.0,SmallCap
006060,화승인더,KOSPI,KO,,,193066800000.0,SmallCap
322510,제이엘케이,KOSDAQ,KQ,,,192944190000.0,SmallCap
047310,파워로직스,KOSDAQ,KQ,,,192572571300.0,SmallCap
264850,이랜시스,KOSDAQ,KQ,,,192067840080.0,SmallCap
333430,일승,KOSDAQ,KQ,,,192042168750.0,SmallCap
011785,금호석유화학우,KOSPI,KO,,,191991361000.0,SmallCap
217820,원익피앤이,KOSDAQ,KQ,,,191953691155.0,SmallCap
143160,아이디스,KOSDAQ,KQ,,,191930544900.0,SmallCap
282880,코윈테크,KOSDAQ,KQ,,,191549063160.0,SmallCap
071840,롯데하이마트,KOSPI,KO,,,191222467200.0,SmallCap
038390,레드캡투어,KOSDAQ,KQ,,,190951787240.0,SmallCap
015230,대창단조,KOSPI,KO,,,190005340000.0,SmallCap
009580,무림P&P,KOSPI,KO,,,189911546580.0,SmallCap
217270,넵튠,KOSDAQ,KQ,,,189746710580.0,SmallCap
115500,케이씨에스,KOSDAQ,KQ,,,189720000000.0,SmallCap
290690,소룩스,KOSDAQ,KQ,,,189701703180.0,SmallCap
474610,RF시스템즈,KOSDAQ,KQ,,,189576336000.0,SmallCap
101530,해태제과식품,KOSPI,KO,,,189550511220.0,SmallCap
446540,메가터치,KOSDAQ,KQ,,,189535367700.0,SmallCap
049080,기가레인,KOSDAQ,KQ,,,189289863810.0,SmallCap
163730,핑거,KOSDAQ,KQ,,,189072016800.0,SmallCap
048870,시너지이노베이션,KOSDAQ,KQ,,,188989435635.0,SmallCap
005430,한국공항,KOSPI,KO,,,188398122500.0,SmallCap
187790,나노,KOSDAQ,KQ,,,187512246400.0,SmallCap
016790,현대사료,KOSDAQ,KQ,,,187340898626.0,SmallCap
214420,토니모리,KOSPI,KO,,,187146336220.0,SmallCap
140610,엔솔바이오사이언스,KONEX,KQ,,,186664155600.0,SmallCap
334970,프레스티지바이오로직스,KOSDAQ,KQ,,,186606328800.0,SmallCap
097955,CJ제일제당 우,KOSPI,KO,,,186504336500.0,SmallCap
003480,한진중공업홀딩스,KOSPI,KO,,,186037815600.0,SmallCap
143240,사람인,KOSDAQ,KQ,,,185998228230.0,SmallCap
400760,NH올원리츠,KOSPI,KO,,,185660949500.0,SmallCap
037560,LG헬로비전,KOSPI,KO,,,185485241675.0,SmallCap
086980,쇼박스,KOSDAQ,KQ,,,185408480000.0,SmallCap
149950,아바텍,KOSDAQ,KQ,,,184787344560.0,SmallCap
008830,대동기어,KOSDAQ,KQ,,,184693536000.0,SmallCap
049430,코메론,KOSDAQ,KQ,,,184579200000.0,SmallCap
092130,이크레더블,KOSDAQ,KQ,,,184146644000.0,SmallCap
452190,한빛레이저,KOSDAQ,KQ,,,183949083330.0,SmallCap
290740,액트로,KOSDAQ,KQ,,,183686450750.0,SmallCap
016450,한세예스24홀딩스,KOSPI,KO,,,183400000000.0,SmallCap
107600,새빗켐,KOSDAQ,KQ,,,182976755000.0,SmallCap
047770,코데즈컴바인,KOSDAQ,KQ,,,181644489600.0,SmallCap
009070,KCTC,KOSPI,KO,,,181500000000.0,SmallCap
235980,메드팩토,KOSDAQ,KQ,,,180972638880.0,SmallCap
002170,SYTS,KOSPI,KO,,,180600000000.0,SmallCap
053080,케이엔솔,KOSDAQ,KQ,,,180567319230.0,SmallCap
054540,삼영엠텍,KOSDAQ,KQ,,,180440000000.0,SmallCap
066620,국보디자인,KOSDAQ,KQ,,,179625000000.0,SmallCap
272550,삼양패키징,KOSPI,KO,,,179615399520.0,SmallCap
042420,네오위즈홀딩스,KOSDAQ,KQ,,,179537340150.0,SmallCap
456070,이엔셀,KOSDAQ,KQ,,,179104696760.0,SmallCap
090350,노루페인트,KOSPI,KO,,,179000000000.0,SmallCap
242040,나무기술,KOSDAQ,KQ,,,178914384880.0,SmallCap
089470,HDC현대EP,KOSPI,KO,,,178321000000.0,SmallCap
038290,마크로젠,KOSDAQ,KQ,,,178232616000.0,SmallCap
323990,박셀바이오,KOSDAQ,KQ,,,177686115800.0,SmallCap
108230,톱텍,KOSDAQ,KQ,,,177188321700.0,SmallCap
013990,아가방컴퍼니,KOSDAQ,KQ,,,176606068320.0,SmallCap
357880,SKAI,KOSDAQ,KQ,,,176518032790.0,SmallCap
071200,인피니트헬스케어,KOSDAQ,KQ,,,176386391340.0,SmallCap
293480,하나제약,KOSPI,KO,,,176307624320.0,SmallCap
126730,코칩,KOSDAQ,KQ,,,176279532600.0,SmallCap
047560,이스트소프트,KOSDAQ,KQ,,,175485820900.0,SmallCap
462520,조선내화,KOSPI,KO,,,175456486400.0,SmallCap
067280,멀티캠퍼스,KOSDAQ,KQ,,,175432658400.0,SmallCap
039830,오로라,KOSDAQ,KQ,,,175219849200.0,SmallCap
069510,에스텍,KOSDAQ,KQ,,,174450900000.0,SmallCap
086670,비엠티,KOSDAQ,KQ,,,174298540600.0,SmallCap
000300,DH오토넥스,KOSPI,KO,,,174035631000.0,SmallCap
023910,대한약품,KOSDAQ,KQ,,,174000000000.0,SmallCap
396270,넥스트칩,KOSDAQ,KQ,,,173974509990.0,SmallCap
475580,에이럭스,KOSDAQ,KQ,,,173581226000.0,SmallCap
210540,디와이파워,KOSPI,KO,,,173575649760.0,SmallCap
234030,싸이닉솔루션,KOSDAQ,KQ,,,173260700000.0,SmallCap
011040,경동제약,KOSDAQ,KQ,,,172920464920.0,SmallCap
166480,코아스템켐온,KOSDAQ,KQ,,,172357425760.0,SmallCap
067000,조이시티,KOSDAQ,KQ,,,171962477160.0,SmallCap
083500,에프엔에스테크,KOSDAQ,KQ,,,171943226100.0,SmallCap
360070,탑머티리얼,KOSDAQ,KQ,,,171911103000.0,SmallCap
148150,세경하이테크,KOSDAQ,KQ,,,171849525030.0,SmallCap
044820,코스맥스비티아이,KOSPI,KO,,,170949793800.0,SmallCap
256940,킵스파마,KOSDAQ,KQ,,,170865030970.0,SmallCap
004960,한신공영,KOSPI,KO,,,170667854500.0,SmallCap
000020,동화약품,KOSPI,KO,,,170102652300.0,SmallCap
156100,엘앤케이바이오,KOSDAQ,KQ,,,170092274330.0,SmallCap
095190,신화프리텍,KOSDAQ,KQ,,,170003503510.0,SmallCap
297890,HB솔루션,KOSDAQ,KQ,,,169686920480.0,SmallCap
041440,현대에버다임,KOSDAQ,KQ,,,168589033040.0,SmallCap
065450,빅텍,KOSDAQ,KQ,,,168003689200.0,SmallCap
085670,뉴프렉스,KOSDAQ,KQ,,,167976728070.0,SmallCap
000970,한국주철관,KOSPI,KO,,,167811680000.0,SmallCap
131030,옵투스제약,KOSDAQ,KQ,,,167642605000.0,SmallCap
389030,지니너스,KOSDAQ,KQ,,,167291970550.0,SmallCap
007330,푸른저축은행,KOSDAQ,KQ,,,167268252000.0,SmallCap
172670,에이엘티,KOSDAQ,KQ,,,167108830350.0,SmallCap
090470,제이스로보틱스,KOSDAQ,KQ,,,166726706760.0,SmallCap
192440,슈피겐코리아,KOSDAQ,KQ,,,166598528400.0,SmallCap
012320,경동인베스트,KOSPI,KO,,,166024614600.0,SmallCap
040300,YTN,KOSDAQ,KQ,,,165677505500.0,SmallCap
408470,한패스,KOSDAQ,KQ,,,165557520000.0,SmallCap
000700,유수홀딩스,KOSPI,KO,,,165365506200.0,SmallCap
024800,유성티엔에스,KOSDAQ,KQ,,,165251081520.0,SmallCap
105330,케이엔더블유,KOSDAQ,KQ,,,164936487560.0,SmallCap
021080,에이티넘인베스트,KOSDAQ,KQ,,,164640000000.0,SmallCap
182360,큐브엔터,KOSDAQ,KQ,,,164206405440.0,SmallCap
003830,대한화섬,KOSPI,KO,,,163875200000.0,SmallCap
214390,경보제약,KOSPI,KO,,,162566648000.0,SmallCap
067990,도이치모터스,KOSDAQ,KQ,,,162541233500.0,SmallCap
033340,좋은사람들,KOSDAQ,KQ,,,162392184650.0,SmallCap
260970,에스앤디,KOSDAQ,KQ,,,161704948600.0,SmallCap
025620,차AI헬스케어,KOSPI,KO,,,161469240510.0,SmallCap
079430,현대리바트,KOSPI,KO,,,161201963700.0,SmallCap
104460,디와이피엔에프,KOSDAQ,KQ,,,160821764290.0,SmallCap
093640,케이알엠,KOSDAQ,KQ,,,160763194320.0,SmallCap
388790,라이콤,KOSDAQ,KQ,,,160724340000.0,SmallCap
054800,아이디스홀딩스,KOSDAQ,KQ,,,160597173120.0,SmallCap
014280,금강공업,KOSPI,KO,,,160431582790.0,SmallCap
136540,윈스테크넷,KOSDAQ,KQ,,,160250685300.0,SmallCap
023600,삼보판지,KOSDAQ,KQ,,,159922917000.0,SmallCap
062970,한국첨단소재,KOSDAQ,KQ,,,159848119200.0,SmallCap
077500,유니퀘스트,KOSPI,KO,,,159840754800.0,SmallCap
063570,NICE인프라,KOSDAQ,KQ,,,159640628400.0,SmallCap
066410,버킷스튜디오,KOSDAQ,KQ,,,159637252154.0,SmallCap
072870,메가스터디,KOSDAQ,KQ,,,159502431420.0,SmallCap
093190,빅솔론,KOSDAQ,KQ,,,159490522450.0,SmallCap
080420,모다이노칩,KOSDAQ,KQ,,,159363522378.0,SmallCap
046070,코다코,KOSDAQ,KQ,,,159196994920.0,SmallCap
136150,원일티엔아이,KOSDAQ,KQ,,,159155759700.0,SmallCap
021320,KCC건설,KOSDAQ,KQ,,,159002000000.0,SmallCap
009270,신원,KOSPI,KO,,,158956994305.0,SmallCap
214680,디알텍,KOSDAQ,KQ,,,158856837568.0,SmallCap
408920,메쎄이상,KOSDAQ,KQ,,,158663109850.0,SmallCap
078000,텔코웨어,KOSPI,KO,,,158467320550.0,SmallCap
464490,쿼드메디슨,KOSDAQ,KQ,,,158453159400.0,SmallCap
331740,아우토크립트,KOSDAQ,KQ,,,157457509650.0,SmallCap
053700,삼보모터스,KOSDAQ,KQ,,,157361896200.0,SmallCap
123040,엠에스오토텍,KOSDAQ,KQ,,,157197030490.0,SmallCap
041520,이엘씨,KOSDAQ,KQ,,,157112729700.0,SmallCap
021820,세원정공,KOSPI,KO,,,156100000000.0,SmallCap
225190,LK삼양,KOSDAQ,KQ,,,156087594600.0,SmallCap
382840,원준,KOSDAQ,KQ,,,155922842010.0,SmallCap
004970,신라교역,KOSPI,KO,,,155200000000.0,SmallCap
336680,탑런토탈솔루션,KOSDAQ,KQ,,,154429226310.0,SmallCap
038110,에코플라스틱,KOSDAQ,KQ,,,153973443800.0,SmallCap
013520,화승코퍼레이션,KOSPI,KO,,,153907599900.0,SmallCap
263720,디앤씨미디어,KOSDAQ,KQ,,,153171372940.0,SmallCap
011700,한신기계,KOSPI,KO,,,153145832720.0,SmallCap
083420,그린케미칼,KOSPI,KO,,,153120000000.0,SmallCap
094280,효성ITX,KOSPI,KO,,,152568240000.0,SmallCap
049960,쎌바이오텍,KOSDAQ,KQ,,,152562000000.0,SmallCap
417500,제이아이테크,KOSDAQ,KQ,,,152449059600.0,SmallCap
306620,지아이에스,KOSDAQ,KQ,,,152403625115.0,SmallCap
036010,아비코전자,KOSDAQ,KQ,,,151938235620.0,SmallCap
321370,센서뷰,KOSDAQ,KQ,,,151894823640.0,SmallCap
007540,샘표,KOSPI,KO,,,151554660000.0,SmallCap
250060,모비스,KOSDAQ,KQ,,,151366032370.0,SmallCap
005860,한일사료,KOSDAQ,KQ,,,151113131975.0,SmallCap
045970,코아시아,KOSDAQ,KQ,,,150784239480.0,SmallCap
012800,대창,KOSPI,KO,,,150381823350.0,SmallCap
139990,아주스틸,KOSPI,KO,,,150371006320.0,SmallCap
015890,태경산업,KOSPI,KO,,,150235775000.0,SmallCap
037030,파워넷,KOSDAQ,KQ,,,150016392960.0,SmallCap
240550,동방메디컬,KOSDAQ,KQ,,,149887010400.0,SmallCap
307930,컴퍼니케이,KOSDAQ,KQ,,,149543800000.0,SmallCap
476040,오가노이드사이언스,KOSDAQ,KQ,,,149496752000.0,SmallCap
217950,파마리서치바이오,KONEX,KQ,,,149132506000.0,SmallCap
013310,아진산업,KOSDAQ,KQ,,,149017274880.0,SmallCap
096250,와이즈넛,KOSDAQ,KQ,,,148745654400.0,SmallCap
090850,현대이지웰,KOSDAQ,KQ,,,148652219860.0,SmallCap
215100,로보로보,KOSDAQ,KQ,,,148543714200.0,SmallCap
005990,매일홀딩스,KOSDAQ,KQ,,,148542055680.0,SmallCap
016740,두올,KOSPI,KO,,,148531444320.0,SmallCap
115440,우리넷,KOSDAQ,KQ,,,148529457920.0,SmallCap
020120,키다리스튜디오,KOSPI,KO,,,148440382830.0,SmallCap
011280,태림포장,KOSPI,KO,,,148338444300.0,SmallCap
070960,모나용평,KOSPI,KO,,,148250665640.0,SmallCap
310200,애니플러스,KOSDAQ,KQ,,,148142454240.0,SmallCap
129920,대성하이텍,KOSDAQ,KQ,,,148122572400.0,SmallCap
024090,디씨엠,KOSPI,KO,,,148086000000.0,SmallCap
006620,동구바이오제약,KOSDAQ,KQ,,,148017958400.0,SmallCap
027710,팜스토리,KOSDAQ,KQ,,,147961244800.0,SmallCap
413630,씨피시스템,KOSDAQ,KQ,,,147932701560.0,SmallCap
228670,레이,KOSDAQ,KQ,,,147907434000.0,SmallCap
493330,지에프아이,KOSDAQ,KQ,,,147881310500.0,SmallCap
298000,효성화학,KOSPI,KO,,,147501447900.0,SmallCap
107590,미원홀딩스,KOSPI,KO,,,147320000000.0,SmallCap
123690,한국화장품,KOSPI,KO,,,147022200000.0,SmallCap
008040,사조동아원,KOSPI,KO,,,146790384000.0,SmallCap
109610,에스와이,KOSDAQ,KQ,,,146722200000.0,SmallCap
443670,에스피소프트,KOSDAQ,KQ,,,146716454560.0,SmallCap
003100,선광,KOSDAQ,KQ,,,146520000000.0,SmallCap
255440,야스,KOSDAQ,KQ,,,146510760000.0,SmallCap
027970,한국제지,KOSPI,KO,,,146437242490.0,SmallCap
071280,로체시스템즈,KOSDAQ,KQ,,,146235524680.0,SmallCap
004250,NPC,KOSPI,KO,,,145594800000.0,SmallCap
246710,티앤알바이오팹,KOSDAQ,KQ,,,145376737200.0,SmallCap
002620,제일파마홀딩스,KOSPI,KO,,,145357530500.0,SmallCap
049950,미래컴퍼니,KOSDAQ,KQ,,,145054191800.0,SmallCap
122450,KX,KOSDAQ,KQ,,,144992162990.0,SmallCap
350520,이지스레지던스리츠,KOSPI,KO,,,144884173860.0,SmallCap
001290,상상인증권,KOSPI,KO,,,144846729440.0,SmallCap
049720,고려신용정보,KOSDAQ,KQ,,,144573000000.0,SmallCap
366030,공구우먼,KOSDAQ,KQ,,,144531563000.0,SmallCap
002390,한독,KOSPI,KO,,,144517096500.0,SmallCap
035000,HS애드,KOSPI,KO,,,144085955160.0,SmallCap
363280,티와이홀딩스,KOSPI,KO,,,143723413800.0,SmallCap
079810,APS이노베이션,KOSDAQ,KQ,,,143592386980.0,SmallCap
159010,아스플로,KOSDAQ,KQ,,,143348444250.0,SmallCap
100130,동국S&C,KOSDAQ,KQ,,,142571785000.0,SmallCap
035080,그래디언트,KOSDAQ,KQ,,,141976547280.0,SmallCap
025950,동신건설,KOSDAQ,KQ,,,141876000000.0,SmallCap
263860,지니언스,KOSDAQ,KQ,,,141823352000.0,SmallCap
052420,오성첨단소재,KOSDAQ,KQ,,,141746239680.0,SmallCap
226400,오스테오닉,KOSDAQ,KQ,,,141738582860.0,SmallCap
225530,HC보광산업,KOSDAQ,KQ,,,141721035300.0,SmallCap
010100,한국무브넥스,KOSPI,KO,,,141594453000.0,SmallCap
004140,동방,KOSPI,KO,,,141036992040.0,SmallCap
396300,세아메카닉스,KOSDAQ,KQ,,,140924140000.0,SmallCap
014530,극동유화,KOSPI,KO,,,140698109700.0,SmallCap
066310,큐에스아이,KOSDAQ,KQ,,,140650490570.0,SmallCap
309960,LB인베스트먼트,KOSDAQ,KQ,,,140464295950.0,SmallCap
039980,폴라리스AI,KOSDAQ,KQ,,,140171920650.0,SmallCap
047820,초록뱀미디어,KOSDAQ,KQ,,,140121018900.0,SmallCap
019180,티에이치엔,KOSPI,KO,,,140040000000.0,SmallCap
013570,디와이,KOSPI,KO,,,140020447560.0,SmallCap
187870,디바이스,KOSDAQ,KQ,,,139817420830.0,SmallCap
141000,비아트론,KOSDAQ,KQ,,,139076870800.0,SmallCap
016710,대성홀딩스,KOSPI,KO,,,139012925760.0,SmallCap
014710,사조씨푸드,KOSPI,KO,,,138953642010.0,SmallCap
042510,라온시큐어,KOSDAQ,KQ,,,138944157600.0,SmallCap
002220,한일철강,KOSPI,KO,,,138826792000.0,SmallCap
192410,오늘이엔엠,KOSDAQ,KQ,,,138818176700.0,SmallCap
059120,아진엑스텍,KOSDAQ,KQ,,,138607199620.0,SmallCap
007210,벽산,KOSPI,KO,,,138563200000.0,SmallCap
067900,와이엔텍,KOSDAQ,KQ,,,138499404990.0,SmallCap
089600,KT나스미디어,KOSDAQ,KQ,,,138123866220.0,SmallCap
086710,선진뷰티사이언스,KOSDAQ,KQ,,,137897064000.0,SmallCap
014790,HL D&I,KOSPI,KO,,,137805307640.0,SmallCap
131370,알서포트,KOSDAQ,KQ,,,137695409555.0,SmallCap
089230,THE E&M,KOSDAQ,KQ,,,137657931660.0,SmallCap
004150,한솔홀딩스,KOSPI,KO,,,137644310100.0,SmallCap
024840,KBI메탈,KOSDAQ,KQ,,,137018606075.0,SmallCap
267290,경동도시가스,KOSPI,KO,,,136478648900.0,SmallCap
205100,엑셈,KOSDAQ,KQ,,,136135696740.0,SmallCap
005800,신영와코루,KOSPI,KO,,,135900000000.0,SmallCap
005870,휴니드,KOSPI,KO,,,135513744000.0,SmallCap
042500,링네트,KOSDAQ,KQ,,,135084332640.0,SmallCap
052260,현대바이오랜드,KOSDAQ,KQ,,,134700000000.0,SmallCap
095270,웨이브일렉트로,KOSDAQ,KQ,,,134238272040.0,SmallCap
337930,젝시믹스,KOSDAQ,KQ,,,133840902250.0,SmallCap
014580,태경비케이,KOSPI,KO,,,133226373000.0,SmallCap
092040,아미코젠,KOSDAQ,KQ,,,133185404495.0,SmallCap
002460,HS화성,KOSPI,KO,,,133066500000.0,SmallCap
217330,싸이토젠,KOSDAQ,KQ,,,132532304310.0,SmallCap
000440,중앙에너비스,KOSDAQ,KQ,,,132326512500.0,SmallCap
269620,시스웍,KOSDAQ,KQ,,,132090012299.0,SmallCap
036220,오상헬스케어,KOSDAQ,KQ,,,132075909680.0,SmallCap
262260,에이프로,KOSDAQ,KQ,,,131804864720.0,SmallCap
088390,이녹스,KOSDAQ,KQ,,,131777249760.0,SmallCap
317770,엑스페릭스,KOSDAQ,KQ,,,131716427450.0,SmallCap
023900,풍국주정,KOSDAQ,KQ,,,131544000000.0,SmallCap
950130,엑세스바이오,KOSDAQ,KQ,,,131481494520.0,SmallCap
095720,웅진씽크빅,KOSPI,KO,,,131156913334.0,SmallCap
273640,와이엠텍,KOSDAQ,KQ,,,131153360000.0,SmallCap
389140,포바이포,KOSDAQ,KQ,,,131138864650.0,SmallCap
054050,농우바이오,KOSDAQ,KQ,,,130809377760.0,SmallCap
054620,APS,KOSDAQ,KQ,,,130782911310.0,SmallCap
067830,세이브존I&C,KOSPI,KO,,,130715250575.0,SmallCap
331920,셀레믹스,KOSDAQ,KQ,,,130626368000.0,SmallCap
004080,신흥,KOSPI,KO,,,130566000000.0,SmallCap
029480,광무,KOSDAQ,KQ,,,129889112100.0,SmallCap
007110,일신석재,KOSPI,KO,,,129662365140.0,SmallCap
023800,인지컨트롤스,KOSPI,KO,,,129477323430.0,SmallCap
032300,한국파마,KOSDAQ,KQ,,,129244406850.0,SmallCap
432470,케이엔에스,KOSDAQ,KQ,,,129205019880.0,SmallCap
489460,바이오비쥬,KOSDAQ,KQ,,,129081209400.0,SmallCap
109740,디에스케이,KOSDAQ,KQ,,,129066157800.0,SmallCap
120030,조선선재,KOSPI,KO,,,129034992600.0,SmallCap
014160,대영포장,KOSPI,KO,,,128989513310.0,SmallCap
036580,팜스코,KOSPI,KO,,,128915079930.0,SmallCap
009780,엠에스씨,KOSDAQ,KQ,,,128656000000.0,SmallCap
227840,현대코퍼레이션홀딩스,KOSPI,KO,,,128412795960.0,SmallCap
019680,대교,KOSPI,KO,,,128409520600.0,SmallCap
044990,에이치엔에스하이텍,KOSDAQ,KQ,,,127270638000.0,SmallCap
396470,워트,KOSDAQ,KQ,,,127025600000.0,SmallCap
411080,샌즈랩,KOSDAQ,KQ,,,126874071780.0,SmallCap
074430,아미노로직스,KOSDAQ,KQ,,,126821962736.0,SmallCap
038540,상상인,KOSDAQ,KQ,,,126425195205.0,SmallCap
463020,뉴엔AI,KOSDAQ,KQ,,,126351016000.0,SmallCap
251120,바이오에프디엔씨,KOSDAQ,KQ,,,126087650000.0,SmallCap
223250,드림씨아이에스,KOSDAQ,KQ,,,125954273280.0,SmallCap
100700,세운메디칼,KOSDAQ,KQ,,,125706000000.0,SmallCap
036690,코맥스,KOSDAQ,KQ,,,125692107675.0,SmallCap
053260,금강철강,KOSDAQ,KQ,,,125424000000.0,SmallCap
265740,엔에프씨,KOSDAQ,KQ,,,125402472000.0,SmallCap
091120,이엠텍,KOSDAQ,KQ,,,125241762160.0,SmallCap
049520,유아이엘,KOSDAQ,KQ,,,125221057500.0,SmallCap
248170,샘표식품,KOSPI,KO,,,125171036400.0,SmallCap
117670,알파칩스,KOSDAQ,KQ,,,124907662500.0,SmallCap
063170,서울옥션,KOSDAQ,KQ,,,124242126330.0,SmallCap
088280,쏘닉스,KOSDAQ,KQ,,,124087533300.0,SmallCap
059210,메타바이오메드,KOSDAQ,KQ,,,123765931975.0,SmallCap
305090,마이크로디지탈,KOSDAQ,KQ,,,123657115750.0,SmallCap
417970,모델솔루션,KOSDAQ,KQ,,,123648211000.0,SmallCap
294630,서남,KOSDAQ,KQ,,,123394372920.0,SmallCap
078140,대봉엘에스,KOSDAQ,KQ,,,123393624270.0,SmallCap
381620,제닉스로보틱스,KOSDAQ,KQ,,,123177268800.0,SmallCap
073560,우리손에프앤지,KOSDAQ,KQ,,,123173766897.0,SmallCap
003310,대주산업,KOSDAQ,KQ,,,123165378000.0,SmallCap
063080,컴투스홀딩스,KOSDAQ,KQ,,,123066282720.0,SmallCap
004100,태양금속,KOSPI,KO,,,122945000000.0,SmallCap
290720,푸드나무,KOSDAQ,KQ,,,122927497000.0,SmallCap
339950,아이비김영,KOSDAQ,KQ,,,122479634875.0,SmallCap
267850,아시아나IDT,KOSPI,KO,,,122433000000.0,SmallCap
078890,가온그룹,KOSDAQ,KQ,,,122341621520.0,SmallCap
081180,쎄크,KOSDAQ,KQ,,,122233659750.0,SmallCap
015590,DKME,KOSPI,KO,,,122045495160.0,SmallCap
388870,파로스아이바이오,KOSDAQ,KQ,,,121950679440.0,SmallCap
101670,하이드로리튬,KOSDAQ,KQ,,,121787066115.0,SmallCap
053580,웹케시,KOSDAQ,KQ,,,121771698400.0,SmallCap
142210,유니트론텍,KOSDAQ,KQ,,,120980679490.0,SmallCap
024880,케이피에프,KOSDAQ,KQ,,,120976524000.0,SmallCap
370090,퓨런티어,KOSDAQ,KQ,,,120480166400.0,SmallCap
330730,스톤브릿지벤처스,KOSDAQ,KQ,,,120055499700.0,SmallCap
001020,페이퍼코리아,KOSPI,KO,,,119960752962.0,SmallCap
330350,위더스제약,KOSDAQ,KQ,,,119743400730.0,SmallCap
026150,특수건설,KOSDAQ,KQ,,,119490514110.0,SmallCap
448710,코츠테크놀로지,KOSDAQ,KQ,,,119447599200.0,SmallCap
018120,진로발효,KOSDAQ,KQ,,,119445004800.0,SmallCap
024740,한일단조,KOSDAQ,KQ,,,119251802625.0,SmallCap
099750,이지케어텍,KOSDAQ,KQ,,,119244580290.0,SmallCap
205500,넥써쓰,KOSDAQ,KQ,,,118799719447.0,SmallCap
038460,바이오스마트,KOSDAQ,KQ,,,118524904140.0,SmallCap
079980,휴비스,KOSPI,KO,,,118507500000.0,SmallCap
048530,인트론바이오,KOSDAQ,KQ,,,118236292680.0,SmallCap
451220,아이엠티,KOSDAQ,KQ,,,118119165000.0,SmallCap
034590,인천도시가스,KOSPI,KO,,,117462144900.0,SmallCap
265560,영화테크,KOSDAQ,KQ,,,117057471000.0,SmallCap
096240,크레버스,KOSDAQ,KQ,,,117046162000.0,SmallCap
007610,선도전기,KOSPI,KO,,,117000000000.0,SmallCap
298540,더네이쳐홀딩스,KOSDAQ,KQ,,,116905135020.0,SmallCap
051160,지어소프트,KOSDAQ,KQ,,,116677202200.0,SmallCap
036420,콘텐트리중앙,KOSPI,KO,,,116344340320.0,SmallCap
000230,일동홀딩스,KOSPI,KO,,,116327232000.0,SmallCap
131400,이브이첨단소재,KOSDAQ,KQ,,,116204169900.0,SmallCap
041590,플래스크,KOSDAQ,KQ,,,116064014460.0,SmallCap
008700,아남전자,KOSPI,KO,,,115301605900.0,SmallCap
058850,KTcs,KOSPI,KO,,,115249500000.0,SmallCap
418470,KT밀리의서재,KOSDAQ,KQ,,,115209862050.0,SmallCap
067290,JW신약,KOSDAQ,KQ,,,114595875635.0,SmallCap
086960,MDS테크,KOSDAQ,KQ,,,114502048300.0,SmallCap
006840,AK홀딩스,KOSPI,KO,,,114458927040.0,SmallCap
008260,NI스틸,KOSPI,KO,,,114400468000.0,SmallCap
017370,우신시스템,KOSPI,KO,,,114279696960.0,SmallCap
424960,스마트레이더시스템,KOSDAQ,KQ,,,114076961200.0,SmallCap
412350,레이저쎌,KOSDAQ,KQ,,,114038727800.0,SmallCap
208370,셀바스헬스케어,KOSDAQ,KQ,,,114030698520.0,SmallCap
084670,동양고속,KOSPI,KO,,,113651083250.0,SmallCap
105740,디케이락,KOSDAQ,KQ,,,113480605080.0,SmallCap
317830,에스피시스템스,KOSDAQ,KQ,,,113448303540.0,SmallCap
033290,로젠,KOSDAQ,KQ,,,113435728020.0,SmallCap
377480,마음AI,KOSDAQ,KQ,,,113408886250.0,SmallCap
277880,티에스아이,KOSDAQ,KQ,,,113304740520.0,SmallCap
002450,삼익악기,KOSPI,KO,,,113163643750.0,SmallCap
348350,위드텍,KOSDAQ,KQ,,,113157324000.0,SmallCap
439580,블루엠텍,KOSDAQ,KQ,,,113047466980.0,SmallCap
066700,테라젠이텍스,KOSDAQ,KQ,,,112943223040.0,SmallCap
101330,모베이스,KOSDAQ,KQ,,,112841766375.0,SmallCap
096350,대창솔루션,KOSDAQ,KQ,,,112775571720.0,SmallCap
010660,화천기계,KOSPI,KO,,,112640000000.0,SmallCap
066590,스모트로닉,KOSDAQ,KQ,,,112552796670.0,SmallCap
003580,HLB글로벌,KOSPI,KO,,,112472981100.0,SmallCap
362320,청담글로벌,KOSDAQ,KQ,,,112313349900.0,SmallCap
303810,동국생명과학,KOSDAQ,KQ,,,111944490000.0,SmallCap
030960,양지사,KOSDAQ,KQ,,,111860000000.0,SmallCap
229500,노브메타파마,KONEX,KQ,,,111721519800.0,SmallCap
100590,머큐리,KOSDAQ,KQ,,,111407042500.0,SmallCap
048550,SM C&C,KOSDAQ,KQ,,,111318527620.0,SmallCap
040910,아이씨디,KOSDAQ,KQ,,,111259907250.0,SmallCap
347860,알체라,KOSDAQ,KQ,,,110906903265.0,SmallCap
278650,HLB바이오스텝,KOSDAQ,KQ,,,110870043648.0,SmallCap
094840,슈프리마에이치큐,KOSDAQ,KQ,,,110809031700.0,SmallCap
011370,서한,KOSDAQ,KQ,,,110681666905.0,SmallCap
382150,온코크로스,KOSDAQ,KQ,,,110251451280.0,SmallCap
382480,지아이텍,KOSDAQ,KQ,,,110199992000.0,SmallCap
014970,삼륭물산,KOSDAQ,KQ,,,110149750000.0,SmallCap
413390,엠오티,KOSDAQ,KQ,,,110011710000.0,SmallCap
463480,모티브링크,KOSDAQ,KQ,,,109654668300.0,SmallCap
032560,황금에스티,KOSPI,KO,,,109650000000.0,SmallCap
039340,한국경제TV,KOSDAQ,KQ,,,109560000000.0,SmallCap
001275,부국증권우,KOSPI,KO,,,109500000000.0,SmallCap
011810,STX,KOSPI,KO,,,109493282310.0,SmallCap
460940,피앤에스로보틱스,KOSDAQ,KQ,,,109391426400.0,SmallCap
419050,삼기에너지솔루션즈,KOSDAQ,KQ,,,109359210880.0,SmallCap
311320,지오엘리먼트,KOSDAQ,KQ,,,109242089600.0,SmallCap
006660,삼성공조,KOSPI,KO,,,108648818180.0,SmallCap
264900,크라운제과,KOSPI,KO,,,108080825500.0,SmallCap
315640,딥노이드,KOSDAQ,KQ,,,107942952600.0,SmallCap
149980,하이로닉,KOSDAQ,KQ,,,107879307670.0,SmallCap
950190,고스트스튜디오,KOSDAQ,KQ,,,107781248520.0,SmallCap
063160,종근당바이오,KOSPI,KO,,,107689434060.0,SmallCap
005740,크라운해태홀딩스,KOSPI,KO,,,107643265750.0,SmallCap
082850,우리바이오,KOSDAQ,KQ,,,107573603160.0,SmallCap
002200,한국수출포장,KOSPI,KO,,,107540000000.0,SmallCap
052860,아이앤씨,KOSDAQ,KQ,,,107534381080.0,SmallCap
049480,오픈베이스,KOSDAQ,KQ,,,107464549860.0,SmallCap
006140,피제이전자,KOSDAQ,KQ,,,106950000000.0,SmallCap
039610,화성밸브,KOSDAQ,KQ,,,106706600000.0,SmallCap
004440,삼일씨엔에스,KOSPI,KO,,,106693715860.0,SmallCap
348150,고바이오랩,KOSDAQ,KQ,,,106609700610.0,SmallCap
007820,엠엑스로보틱스,KOSDAQ,KQ,,,106580592720.0,SmallCap
001540,안국약품,KOSDAQ,KQ,,,106556571400.0,SmallCap
046940,우원개발,KOSDAQ,KQ,,,106457921500.0,SmallCap
234300,에스트래픽,KOSDAQ,KQ,,,106110342000.0,SmallCap
058630,엠게임,KOSDAQ,KQ,,,105998208480.0,SmallCap
023450,동남합성,KOSPI,KO,,,105875000000.0,SmallCap
163560,동일고무벨트,KOSPI,KO,,,105640000000.0,SmallCap
059270,해성에어로보틱스,KOSDAQ,KQ,,,105623728540.0,SmallCap
201490,미투온,KOSDAQ,KQ,,,105603944400.0,SmallCap
041930,SY동아,KOSDAQ,KQ,,,105184000000.0,SmallCap
078935,GS우,KOSPI,KO,,,104947768800.0,SmallCap
261780,차백신연구소,KOSDAQ,KQ,,,104826119420.0,SmallCap
025550,한국선재,KOSDAQ,KQ,,,104734986420.0,SmallCap
357230,에이치피오,KOSDAQ,KQ,,,104678961660.0,SmallCap
035610,솔본,KOSDAQ,KQ,,,104598438525.0,SmallCap
475430,키스트론,KOSDAQ,KQ,,,104589924600.0,SmallCap
004840,DRB동일,KOSPI,KO,,,104456212880.0,SmallCap
352090,스톰테크,KOSDAQ,KQ,,,104401597230.0,SmallCap
007980,TP,KOSPI,KO,,,104346603750.0,SmallCap
060560,HC홈센타,KOSDAQ,KQ,,,104344686576.0,SmallCap
009300,삼아제약,KOSDAQ,KQ,,,104276900000.0,SmallCap
091440,한울소재과학,KOSDAQ,KQ,,,103980444270.0,SmallCap
137950,제이씨케미칼,KOSDAQ,KQ,,,103879352310.0,SmallCap
043610,KT지니뮤직,KOSDAQ,KQ,,,103794172268.0,SmallCap
205470,휴마시스,KOSDAQ,KQ,,,103629382209.0,SmallCap
033230,인성정보,KOSDAQ,KQ,,,103556529000.0,SmallCap
311690,CJ 바이오사이언스,KOSDAQ,KQ,,,103478459040.0,SmallCap
019550,SBI인베스트먼트,KOSDAQ,KQ,,,103398474850.0,SmallCap
299170,더블유에스아이,KOSDAQ,KQ,,,103363107120.0,SmallCap
019990,에너토크,KOSDAQ,KQ,,,103316971920.0,SmallCap
072950,빛샘전자,KOSDAQ,KQ,,,103314986300.0,SmallCap
013360,일성건설,KOSPI,KO,,,103295570560.0,SmallCap
124560,태웅로직스,KOSDAQ,KQ,,,102997357260.0,SmallCap
263600,덕우전자,KOSDAQ,KQ,,,102909802600.0,SmallCap
228850,레이언스,KOSDAQ,KQ,,,102864286800.0,SmallCap
002700,신일전자,KOSPI,KO,,,102689665786.0,SmallCap
006890,태경케미컬,KOSPI,KO,,,102544000000.0,SmallCap
461030,아이엠비디엑스,KOSDAQ,KQ,,,102491796550.0,SmallCap
238090,앤디포스,KOSDAQ,KQ,,,102447878400.0,SmallCap
173130,오파스넷,KOSDAQ,KQ,,,102414813050.0,SmallCap
347890,엠엑스온,KOSDAQ,KQ,,,102288120120.0,SmallCap
054670,대한뉴팜,KOSDAQ,KQ,,,102207030400.0,SmallCap
065530,와이어블,KOSDAQ,KQ,,,102135750465.0,SmallCap
064800,포니링크,KOSDAQ,KQ,,,102118031102.0,SmallCap
191420,테고사이언스,KOSDAQ,KQ,,,102009131720.0,SmallCap
105550,엣지파운드리,KOSDAQ,KQ,,,101642552198.0,SmallCap
084650,랩지노믹스,KOSDAQ,KQ,,,101560306320.0,SmallCap
000180,성창기업지주,KOSPI,KO,,,101558329600.0,SmallCap
033130,디지틀조선,KOSDAQ,KQ,,,101510255245.0,SmallCap
002720,국제약품,KOSPI,KO,,,101143996960.0,SmallCap
290670,대보마그네틱,KOSDAQ,KQ,,,101049507600.0,SmallCap
020710,시공테크,KOSDAQ,KQ,,,101041768800.0,SmallCap
119650,KC코트렐,KOSPI,KO,,,100782913662.0,SmallCap
071090,하이스틸,KOSPI,KO,,,100755440290.0,SmallCap
453860,에이에스텍,KOSDAQ,KQ,,,100597443030.0,SmallCap
222040,코스맥스엔비티,KOSDAQ,KQ,,,100458360000.0,SmallCap
036630,세종텔레콤,KOSDAQ,KQ,,,100400000000.0,SmallCap
120240,대정화금,KOSDAQ,KQ,,,100377858360.0,SmallCap
067370,선바이오,KOSDAQ,KQ,,,100352957650.0,SmallCap
251630,브이원텍,KOSDAQ,KQ,,,100280752940.0,SmallCap
012700,리드코프,KOSDAQ,KQ,,,100064334640.0,SmallCap
058860,KTis,KOSPI,KO,,,100055750000.0,SmallCap
055490,테이팩스,KOSPI,KO,,,99924167500.0,SmallCap
175140,휴먼테크놀로지,KOSDAQ,KQ,,,99901733265.0,SmallCap
323350,다원넥스뷰,KOSDAQ,KQ,,,99734111400.0,SmallCap
096775,SK이노베이션우,KOSPI,KO,,,99499552200.0,SmallCap
246720,아스타,KOSDAQ,KQ,,,99434491000.0,SmallCap
014950,삼익제약,KOSDAQ,KQ,,,99275272960.0,SmallCap
004060,SG세계물산,KOSPI,KO,,,98985805440.0,SmallCap
019540,일지테크,KOSDAQ,KQ,,,98648550000.0,SmallCap
048430,유라테크,KOSDAQ,KQ,,,98611200000.0,SmallCap
001260,남광토건,KOSPI,KO,,,98522371440.0,SmallCap
212560,네오오토,KOSDAQ,KQ,,,98514089940.0,SmallCap
348080,큐라티스,KOSDAQ,KQ,,,98132313850.0,SmallCap
048910,대원미디어,KOSDAQ,KQ,,,98115778800.0,SmallCap
023000,삼원강재,KOSPI,KO,,,98000000000.0,SmallCap
033320,제이씨현시스템,KOSDAQ,KQ,,,97865891840.0,SmallCap
083790,CG인바이츠,KOSDAQ,KQ,,,97732505322.0,SmallCap
056360,코위버,KOSDAQ,KQ,,,97576128000.0,SmallCap
084730,팅크웨어,KOSDAQ,KQ,,,97540742720.0,SmallCap
290660,다이나믹솔루션,KOSDAQ,KQ,,,97502592638.0,SmallCap
011150,CJ씨푸드,KOSPI,KO,,,97372394830.0,SmallCap
066790,씨씨에스,KOSDAQ,KQ,,,97271994227.0,SmallCap
093920,서원인텍,KOSDAQ,KQ,,,97092000000.0,SmallCap
004890,동일산업,KOSPI,KO,,,97008600000.0,SmallCap
044340,위닉스,KOSDAQ,KQ,,,96873963500.0,SmallCap
010960,삼호개발,KOSPI,KO,,,96841800000.0,SmallCap
217190,제너셈,KOSDAQ,KQ,,,96811680960.0,SmallCap
068240,다원시스,KOSDAQ,KQ,,,96553495610.0,SmallCap
004650,창해에탄올,KOSDAQ,KQ,,,96504292500.0,SmallCap
007460,에이프로젠,KOSPI,KO,,,96486373790.0,SmallCap
046210,HLB파나진,KOSDAQ,KQ,,,96170433210.0,SmallCap
072020,중앙백신,KOSDAQ,KQ,,,95911086180.0,SmallCap
014440,영보화학,KOSPI,KO,,,95900000000.0,SmallCap
253840,수젠텍,KOSDAQ,KQ,,,95771104000.0,SmallCap
241690,유니테크노,KOSDAQ,KQ,,,95680460460.0,SmallCap
126880,제이엔케이글로벌,KOSDAQ,KQ,,,95604200360.0,SmallCap
302550,리메드,KOSDAQ,KQ,,,95503093500.0,SmallCap
299660,셀리드,KOSDAQ,KQ,,,95294615710.0,SmallCap
058400,KNN,KOSDAQ,KQ,,,95216968680.0,SmallCap
005750,대림바스,KOSPI,KO,,,95198490400.0,SmallCap
171120,라이온켐텍,KOSDAQ,KQ,,,95139664000.0,SmallCap
134580,탑코미디어,KOSDAQ,KQ,,,95137707570.0,SmallCap
041910,폴라리스AI파마,KOSDAQ,KQ,,,94710285500.0,SmallCap
013870,지엠비코리아,KOSPI,KO,,,94693870200.0,SmallCap
040420,정상제이엘에스,KOSDAQ,KQ,,,94692414080.0,SmallCap
060590,씨티씨바이오,KOSDAQ,KQ,,,94547788200.0,SmallCap
032850,비트컴퓨터,KOSDAQ,KQ,,,94420304240.0,SmallCap
002210,동성제약,KOSPI,KO,,,94010780311.0,SmallCap
140070,서플러스글로벌,KOSDAQ,KQ,,,93949520000.0,SmallCap
214270,FSN,KOSDAQ,KQ,,,93496369450.0,SmallCap
024830,세원물산,KOSDAQ,KQ,,,93019000000.0,SmallCap
067570,엔브이에이치코리아,KOSDAQ,KQ,,,92984850000.0,SmallCap
060570,드림어스컴퍼니,KOSDAQ,KQ,,,92849270969.0,SmallCap
007280,한국특강,KOSPI,KO,,,92679485964.0,SmallCap
451250,삐아,KOSDAQ,KQ,,,92544186850.0,SmallCap
054040,한국컴퓨터,KOSDAQ,KQ,,,92409917500.0,SmallCap
110790,크리스에프앤씨,KOSDAQ,KQ,,,92317982400.0,SmallCap
162300,신스틸,KOSDAQ,KQ,,,92273824950.0,SmallCap
011320,유니크,KOSDAQ,KQ,,,92256318625.0,SmallCap
192250,케이사인,KOSDAQ,KQ,,,92225981250.0,SmallCap
085310,엔케이,KOSPI,KO,,,92211096418.0,SmallCap
023810,인팩,KOSPI,KO,,,92200000000.0,SmallCap
065440,이루온,KOSDAQ,KQ,,,92189567600.0,SmallCap
000590,CS홀딩스,KOSPI,KO,,,92127663600.0,SmallCap
068290,삼성출판사,KOSPI,KO,,,92000000000.0,SmallCap
065510,휴비츠,KOSDAQ,KQ,,,91886904000.0,SmallCap
000105,유한양행우,KOSPI,KO,,,91877132000.0,SmallCap
391710,코닉오토메이션,KOSDAQ,KQ,,,91847112850.0,SmallCap
004720,팜젠사이언스,KOSPI,KO,,,91660045850.0,SmallCap
217500,러셀,KOSDAQ,KQ,,,91618560000.0,SmallCap
039010,현대에이치티,KOSDAQ,KQ,,,91597500000.0,SmallCap
100220,비상교육,KOSPI,KO,,,91497056640.0,SmallCap
038680,에스넷,KOSDAQ,KQ,,,91199900360.0,SmallCap
031820,아이티센씨티에스,KOSPI,KO,,,91151753898.0,SmallCap
347000,센코,KOSDAQ,KQ,,,90935084630.0,SmallCap
001560,제일연마,KOSPI,KO,,,90896000000.0,SmallCap
104040,디에스엠,KOSDAQ,KQ,,,90763918202.0,SmallCap
120115,코오롱인더우,KOSPI,KO,,,90509022000.0,SmallCap
128660,피제이메탈,KOSDAQ,KQ,,,90408280005.0,SmallCap
478560,블랙야크아이앤씨,KOSDAQ,KQ,,,90406043000.0,SmallCap
071670,에이테크솔루션,KOSDAQ,KQ,,,90300000000.0,SmallCap
435570,에르코스,KOSDAQ,KQ,,,90261248550.0,SmallCap
109070,주성코퍼레이션,KOSPI,KO,,,90199872840.0,SmallCap
003010,혜인,KOSPI,KO,,,90133376230.0,SmallCap
009180,한솔로지스틱스,KOSPI,KO,,,89957860875.0,SmallCap
002800,신신제약,KOSDAQ,KQ,,,89809360000.0,SmallCap
081150,티플랙스,KOSDAQ,KQ,,,89793087400.0,SmallCap
016250,SGC E&C,KOSDAQ,KQ,,,89708720660.0,SmallCap
099220,SDN,KOSDAQ,KQ,,,89623203000.0,SmallCap
170030,현대공업,KOSDAQ,KQ,,,89585600000.0,SmallCap
291650,압타머사이언스,KOSDAQ,KQ,,,89516398596.0,SmallCap
111380,동인기연,KOSPI,KO,,,89346240000.0,SmallCap
396690,미래에셋글로벌리츠,KOSPI,KO,,,89311394700.0,SmallCap
203690,아크솔루션스,KOSDAQ,KQ,,,89196141000.0,SmallCap
102370,케이옥션,KOSDAQ,KQ,,,88767224600.0,SmallCap
187420,HLB제넥스,KOSDAQ,KQ,,,88585884040.0,SmallCap
338100,NH프라임리츠,KOSPI,KO,,,88355100000.0,SmallCap
263800,데이타솔루션,KOSDAQ,KQ,,,88266067200.0,SmallCap
212710,아이에스티이,KOSDAQ,KQ,,,88242708260.0,SmallCap
002600,조흥,KOSPI,KO,,,88140000000.0,SmallCap
094940,푸른기술,KOSDAQ,KQ,,,88045394580.0,SmallCap
307870,비투엔,KOSDAQ,KQ,,,88044652725.0,SmallCap
012690,모나리자,KOSPI,KO,,,87953868275.0,SmallCap
130580,나이스디앤비,KOSDAQ,KQ,,,87780000000.0,SmallCap
378800,샤페론,KOSDAQ,KQ,,,87769272838.0,SmallCap
036640,HRS,KOSDAQ,KQ,,,87498180000.0,SmallCap
027830,대성창투,KOSDAQ,KQ,,,87480000000.0,SmallCap
111710,남화산업,KOSDAQ,KQ,,,87396060000.0,SmallCap
053280,예스24,KOSDAQ,KQ,,,87375000000.0,SmallCap
459100,위츠,KOSDAQ,KQ,,,87260328000.0,SmallCap
900250,크리스탈신소재,KOSDAQ,KQ,,,87102082432.0,SmallCap
216050,인크로스,KOSDAQ,KQ,,,87077045160.0,SmallCap
215360,우리산업,KOSDAQ,KQ,,,87029513390.0,SmallCap
163280,에어레인,KOSDAQ,KQ,,,86923668420.0,SmallCap
018500,동원금속,KOSPI,KO,,,86917420447.0,SmallCap
214330,금호에이치티,KOSPI,KO,,,86782510980.0,SmallCap
014470,부방,KOSDAQ,KQ,,,86715463440.0,SmallCap
246690,TS인베스트먼트,KOSDAQ,KQ,,,86519591004.0,SmallCap
214260,라파스,KOSDAQ,KQ,,,86458666470.0,SmallCap
101140,인바이오젠,KOSPI,KO,,,86078931120.0,SmallCap
109080,옵티시스,KOSDAQ,KQ,,,86061720000.0,SmallCap
207760,미스터블루,KOSDAQ,KQ,,,85738336056.0,SmallCap
452400,이닉스,KOSDAQ,KQ,,,85724994600.0,SmallCap
000850,화천기공,KOSPI,KO,,,85580000000.0,SmallCap
142280,녹십자엠에스,KOSDAQ,KQ,,,85445769180.0,SmallCap
443250,레뷰코퍼레이션,KOSDAQ,KQ,,,85315241600.0,SmallCap
095910,에스에너지,KOSDAQ,KQ,,,85223437065.0,SmallCap
104620,노랑풍선,KOSDAQ,KQ,,,84893287600.0,SmallCap
376930,노을,KOSDAQ,KQ,,,84835848242.0,SmallCap
009200,무림페이퍼,KOSPI,KO,,,84674945850.0,SmallCap
123420,위메이드플레이,KOSDAQ,KQ,,,84524195340.0,SmallCap
241790,티이엠씨씨엔에스,KOSDAQ,KQ,,,84522257300.0,SmallCap
017650,대림제지,KOSDAQ,KQ,,,84511700000.0,SmallCap
037440,희림,KOSDAQ,KQ,,,84509423250.0,SmallCap
168330,내츄럴엔도텍,KOSDAQ,KQ,,,84468034000.0,SmallCap
424980,마이크로투나노,KOSDAQ,KQ,,,84225804700.0,SmallCap
052900,KX하이텍,KOSDAQ,KQ,,,84072290720.0,SmallCap
036090,위지트,KOSDAQ,KQ,,,84058521640.0,SmallCap
049180,셀루메드,KOSDAQ,KQ,,,83948814126.0,SmallCap
183490,엔지켐생명과학,KOSDAQ,KQ,,,83793832650.0,SmallCap
261520,이지스,KOSDAQ,KQ,,,83764070000.0,SmallCap
006880,신송홀딩스,KOSPI,KO,,,83630026060.0,SmallCap
066430,아이로보틱스,KOSDAQ,KQ,,,83592671260.0,SmallCap
479960,위너스일렉,KOSDAQ,KQ,,,83582200000.0,SmallCap
045660,에이텍,KOSDAQ,KQ,,,83426000000.0,SmallCap
480370,씨케이솔루션,KOSPI,KO,,,83152404480.0,SmallCap
360350,코셈,KOSDAQ,KQ,,,83055565000.0,SmallCap
408900,스튜디오미르,KOSDAQ,KQ,,,83028675015.0,SmallCap
208140,정다운,KOSDAQ,KQ,,,83017984840.0,SmallCap
027050,코리아나,KOSDAQ,KQ,,,83000000000.0,SmallCap
089850,유비벨록스,KOSDAQ,KQ,,,82783718380.0,SmallCap
340360,다보링크,KOSDAQ,KQ,,,82779807480.0,SmallCap
013700,까뮤이앤씨,KOSPI,KO,,,82695148720.0,SmallCap
007590,동방아그로,KOSPI,KO,,,82658692390.0,SmallCap
136410,아셈스,KOSDAQ,KQ,,,82643295000.0,SmallCap
069730,DSR제강,KOSPI,KO,,,82368000000.0,SmallCap
000725,현대건설우,KOSPI,KO,,,82266054000.0,SmallCap
302430,이노메트리,KOSDAQ,KQ,,,82205618880.0,SmallCap
180060,탑선,KONEX,KQ,,,82165984140.0,SmallCap
010040,한국내화,KOSPI,KO,,,82134124000.0,SmallCap
039240,경남스틸,KOSDAQ,KQ,,,82017996160.0,SmallCap
204840,지엘팜텍,KOSDAQ,KQ,,,81969299342.0,SmallCap
017480,삼현철강,KOSDAQ,KQ,,,81812056900.0,SmallCap
053450,세코닉스,KOSDAQ,KQ,,,81804200590.0,SmallCap
417790,트루엔,KOSDAQ,KQ,,,81548765890.0,SmallCap
175250,아이큐어,KOSDAQ,KQ,,,81501658560.0,SmallCap
066980,한성크린텍,KOSDAQ,KQ,,,81278470625.0,SmallCap
145170,노브랜드,KOSDAQ,KQ,,,81160344000.0,SmallCap
412540,제일엠앤에스,KOSDAQ,KQ,,,81063616775.0,SmallCap
222110,팬젠,KOSDAQ,KQ,,,80965182000.0,SmallCap
041460,한국전자인증,KOSDAQ,KQ,,,80845000000.0,SmallCap
099410,동방선기,KOSDAQ,KQ,,,80780000000.0,SmallCap
064240,홈캐스트,KOSDAQ,KQ,,,80664133575.0,SmallCap
227950,엔투텍,KOSDAQ,KQ,,,80576668949.0,SmallCap
004590,한국가구,KOSDAQ,KQ,,,80550000000.0,SmallCap
159580,제로투세븐,KOSDAQ,KQ,,,80531196720.0,SmallCap
011390,부산산업,KOSPI,KO,,,80150400000.0,SmallCap
222420,쎄노텍,KOSDAQ,KQ,,,80073209620.0,SmallCap
147760,피엠티,KOSDAQ,KQ,,,80067008400.0,SmallCap
037760,쎄니트,KOSDAQ,KQ,,,80014858165.0,SmallCap
039020,이건홀딩스,KOSDAQ,KQ,,,79949869860.0,SmallCap
032540,TJ미디어,KOSDAQ,KQ,,,79723630595.0,SmallCap
001470,삼부토건,KOSPI,KO,,,79699592928.0,SmallCap
222160,NPX,KOSDAQ,KQ,,,79551289560.0,SmallCap
317690,퀀타매트릭스,KOSDAQ,KQ,,,79533364550.0,SmallCap
016090,대현,KOSPI,KO,,,79486746450.0,SmallCap
094850,참좋은여행,KOSDAQ,KQ,,,79380000000.0,SmallCap
061250,화일약품,KOSDAQ,KQ,,,79377823721.0,SmallCap
294140,레몬,KOSDAQ,KQ,,,79348455720.0,SmallCap
006090,사조오양,KOSPI,KO,,,79245234990.0,SmallCap
446840,지슨,KOSDAQ,KQ,,,79209473354.0,SmallCap
054930,유신,KOSDAQ,KQ,,,79200000000.0,SmallCap
067920,이글루,KOSDAQ,KQ,,,79172056800.0,SmallCap
950220,네오이뮨텍,KOSDAQ,KQ,,,79125327160.0,SmallCap
049470,비트플래닛,KOSDAQ,KQ,,,79110862656.0,SmallCap
009770,삼정펄프,KOSPI,KO,,,78874085050.0,SmallCap
004830,덕성,KOSPI,KO,,,78556800000.0,SmallCap
226330,신테카바이오,KOSDAQ,KQ,,,78476166625.0,SmallCap
155650,와이엠씨,KOSDAQ,KQ,,,78364098540.0,SmallCap
043710,서울리거,KOSDAQ,KQ,,,78339071550.0,SmallCap
024900,디와이덕양,KOSPI,KO,,,78318776900.0,SmallCap
053050,지에스이,KOSDAQ,KQ,,,78117690185.0,SmallCap
456570,아이엠지티,KONEX,KQ,,,78039968320.0,SmallCap
002795,아모레퍼시픽홀딩스우,KOSPI,KO,,,77914110120.0,SmallCap
047400,유니온머티리얼,KOSPI,KO,,,77868000000.0,SmallCap
260930,씨티케이,KOSDAQ,KQ,,,77753195820.0,SmallCap
458350,에스팀,KOSDAQ,KQ,,,77714640000.0,SmallCap
033170,시그네틱스,KOSDAQ,KQ,,,77669857014.0,SmallCap
317870,엔바이오니아,KOSDAQ,KQ,,,77631838100.0,SmallCap
003925,남양유업우,KOSPI,KO,,,77500000000.0,SmallCap
076610,해성옵틱스,KOSDAQ,KQ,,,77476616080.0,SmallCap
011000,진원생명과학,KOSPI,KO,,,77250470950.0,SmallCap
001550,조비,KOSPI,KO,,,77156671540.0,SmallCap
153710,옵티팜,KOSDAQ,KQ,,,76870579920.0,SmallCap
043650,국순당,KOSDAQ,KQ,,,76612124160.0,SmallCap
317850,대모,KOSDAQ,KQ,,,76418175600.0,SmallCap
104540,코렌텍,KOSDAQ,KQ,,,76330867800.0,SmallCap
003780,진양산업,KOSPI,KO,,,76310000000.0,SmallCap
061040,알에프텍,KOSDAQ,KQ,,,76288490010.0,SmallCap
347740,피엔케이피부임상연구센타,KOSDAQ,KQ,,,76226863040.0,SmallCap
072470,우리산업홀딩스,KOSDAQ,KQ,,,76210420935.0,SmallCap
129260,인터지스,KOSPI,KO,,,76154557440.0,SmallCap
296160,프로젠,KONEX,KQ,,,75952890260.0,SmallCap
333620,엔시스,KOSDAQ,KQ,,,75900113360.0,SmallCap
060310,3S,KOSDAQ,KQ,,,75874427200.0,SmallCap
004540,깨끗한나라,KOSPI,KO,,,75598606790.0,SmallCap
012790,신일제약,KOSDAQ,KQ,,,75514414500.0,SmallCap
058730,다스코,KOSPI,KO,,,75404275380.0,SmallCap
288620,에스퓨얼셀,KOSDAQ,KQ,,,75306819640.0,SmallCap
042110,에스씨디,KOSDAQ,KQ,,,75152472020.0,SmallCap
036000,예림당,KOSDAQ,KQ,,,75091743020.0,SmallCap
042940,상지건설,KOSDAQ,KQ,,,75047544880.0,SmallCap
457370,한켐,KOSDAQ,KQ,,,74977846200.0,SmallCap
459550,알트,KOSDAQ,KQ,,,74952629310.0,SmallCap
321820,아티스트컴퍼니,KOSDAQ,KQ,,,74682691040.0,SmallCap
010280,아이티센엔텍,KOSDAQ,KQ,,,74566734970.0,SmallCap
331380,포커스에이아이,KOSDAQ,KQ,,,74546424700.0,SmallCap
460870,에스엠씨지,KOSDAQ,KQ,,,74471957840.0,SmallCap
234100,폴라리스세원,KOSDAQ,KQ,,,74468346660.0,SmallCap
111110,호전실업,KOSPI,KO,,,74164160000.0,SmallCap
040610,SG&G,KOSDAQ,KQ,,,74139651300.0,SmallCap
215790,이노인스트루먼트,KOSDAQ,KQ,,,74120994160.0,SmallCap
900260,로스웰,KOSDAQ,KQ,,,74061796954.0,SmallCap
049550,잉크테크,KOSDAQ,KQ,,,73817632905.0,SmallCap
001465,BYC우,KOSPI,KO,,,73661670000.0,SmallCap
219550,디와이디,KOSDAQ,KQ,,,73641598080.0,SmallCap
155660,DSR,KOSPI,KO,,,73600000000.0,SmallCap
215090,솔디펜스,KOSDAQ,KQ,,,73519223675.0,SmallCap
198440,강동씨앤엘,KOSDAQ,KQ,,,73483866576.0,SmallCap
024910,경창산업,KOSDAQ,KQ,,,73428960250.0,SmallCap
033310,엠투엔,KOSDAQ,KQ,,,73189566936.0,SmallCap
087260,모바일어플라이언스,KOSDAQ,KQ,,,73081172945.0,SmallCap
000220,유유제약,KOSPI,KO,,,73068785790.0,SmallCap
021050,서원,KOSPI,KO,,,73015919420.0,SmallCap
010470,오리콤,KOSDAQ,KQ,,,72928054500.0,SmallCap
373160,데이원컴퍼니,KOSDAQ,KQ,,,72903436320.0,SmallCap
318160,셀바이오휴먼텍,KOSDAQ,KQ,,,72861367800.0,SmallCap
052220,iMBC,KOSDAQ,KQ,,,72795000000.0,SmallCap
372910,한컴라이프케어,KOSPI,KO,,,72783687780.0,SmallCap
080010,이상네트웍스,KOSDAQ,KQ,,,72681174690.0,SmallCap
006980,우성,KOSPI,KO,,,72615000000.0,SmallCap
177900,쓰리에이로직스,KOSDAQ,KQ,,,72592104000.0,SmallCap
393210,토마토시스템,KOSDAQ,KQ,,,72529556880.0,SmallCap
072990,에이치시티,KOSDAQ,KQ,,,72491030000.0,SmallCap
373200,엑스플러스,KOSDAQ,KQ,,,72325014869.0,SmallCap
065500,오리엔트정공,KOSDAQ,KQ,,,72137119040.0,SmallCap
039420,케이엘넷,KOSDAQ,KQ,,,72053561160.0,SmallCap
009835,한화솔루션우,KOSPI,KO,,,71981004550.0,SmallCap
000910,유니온,KOSPI,KO,,,71969563590.0,SmallCap
234920,자이글,KOSDAQ,KQ,,,71849132100.0,SmallCap
950200,소마젠,KOSDAQ,KQ,,,71846657955.0,SmallCap
025560,미래산업,KOSPI,KO,,,71812117080.0,SmallCap
037230,한국팩키지,KOSDAQ,KQ,,,71669786435.0,SmallCap
001620,케이비아이동국실업,KOSPI,KO,,,71450125902.0,SmallCap
040350,크레오에스지,KOSDAQ,KQ,,,71445147852.0,SmallCap
306040,에스제이그룹,KOSDAQ,KQ,,,71428594720.0,SmallCap
092300,현우산업,KOSDAQ,KQ,,,71342010320.0,SmallCap
299900,위지윅스튜디오,KOSDAQ,KQ,,,71327384628.0,SmallCap
289220,자이언트스텝,KOSDAQ,KQ,,,71287546095.0,SmallCap
170790,파이오링크,KOSDAQ,KQ,,,71266311900.0,SmallCap
127980,화인써키트,KOSDAQ,KQ,,,71162510840.0,SmallCap
002760,보락,KOSPI,KO,,,70921600000.0,SmallCap
036670,삼양케이씨아이,KOSDAQ,KQ,,,70775600000.0,SmallCap
068330,일신바이오,KOSDAQ,KQ,,,70701607860.0,SmallCap
015710,코콤,KOSDAQ,KQ,,,70472610000.0,SmallCap
150900,파수에이아이,KOSDAQ,KQ,,,70223532000.0,SmallCap
002140,고려산업,KOSPI,KO,,,70079784250.0,SmallCap
321260,프로이천,KOSDAQ,KQ,,,70057328740.0,SmallCap
007370,진양제약,KOSDAQ,KQ,,,69824859780.0,SmallCap
024950,삼천리자전거,KOSDAQ,KQ,,,69819015020.0,SmallCap
232830,아이티센피엔에스,KOSDAQ,KQ,,,69772323720.0,SmallCap
073640,테라사이언스,KOSDAQ,KQ,,,69571715580.0,SmallCap
317530,에피소드컴퍼니,KOSDAQ,KQ,,,69542155950.0,SmallCap
407400,꿈비,KOSDAQ,KQ,,,69514036500.0,SmallCap
352910,오비고,KOSDAQ,KQ,,,69128776940.0,SmallCap
206560,덱스터,KOSDAQ,KQ,,,69119921920.0,SmallCap
122310,제노레이,KOSDAQ,KQ,,,69057989780.0,SmallCap
332370,아이디피,KOSDAQ,KQ,,,69023375200.0,SmallCap
010240,흥국,KOSDAQ,KQ,,,68831280000.0,SmallCap
109860,동일금속,KOSDAQ,KQ,,,68796000000.0,SmallCap
092440,기신정기,KOSPI,KO,,,68620000000.0,SmallCap
384470,코어라인소프트,KOSDAQ,KQ,,,68466629980.0,SmallCap
036120,서울평가정보,KOSDAQ,KQ,,,68462460000.0,SmallCap
246960,SCL사이언스,KOSDAQ,KQ,,,68374264470.0,SmallCap
340440,세림B&G,KOSDAQ,KQ,,,68249965420.0,SmallCap
037330,인지디스플레,KOSDAQ,KQ,,,68197638096.0,SmallCap
189860,서전기전,KOSDAQ,KQ,,,68182423400.0,SmallCap
256630,포인트엔지니어링,KOSDAQ,KQ,,,68146559600.0,SmallCap
198080,캐프,KOSDAQ,KQ,,,67943508675.0,SmallCap
063440,SM Life Design,KOSDAQ,KQ,,,67754914688.0,SmallCap
199550,레이저옵텍,KOSDAQ,KQ,,,67584508410.0,SmallCap
053350,이니텍,KOSDAQ,KQ,,,67164248250.0,SmallCap
072130,유엔젤,KOSPI,KO,,,67056360800.0,SmallCap
092780,DYP,KOSPI,KO,,,67027461400.0,SmallCap
196300,HLB펩,KOSDAQ,KQ,,,66797058900.0,SmallCap
452200,민테크,KOSDAQ,KQ,,,66649769200.0,SmallCap
006490,인스코비,KOSPI,KO,,,66524069352.0,SmallCap
054300,팬스타엔터프라이즈,KOSDAQ,KQ,,,66435844860.0,SmallCap
137080,나래나노텍,KOSDAQ,KQ,,,66356532000.0,SmallCap
250030,진코스텍,KONEX,KQ,,,66322960700.0,SmallCap
009190,대양금속,KOSPI,KO,,,66257486750.0,SmallCap
067170,오텍,KOSDAQ,KQ,,,66155943870.0,SmallCap
153460,네이블,KOSDAQ,KQ,,,66083741680.0,SmallCap
351330,이삭엔지니어링,KOSDAQ,KQ,,,66059504400.0,SmallCap
065170,비엘팜텍,KOSDAQ,KQ,,,66016120445.0,SmallCap
004920,씨아이테크,KOSPI,KO,,,65850998464.0,SmallCap
050960,수산아이앤티,KOSDAQ,KQ,,,65822250000.0,SmallCap
005670,푸드웰,KOSDAQ,KQ,,,65800000000.0,SmallCap
082210,옵트론텍,KOSDAQ,KQ,,,65696097070.0,SmallCap
452300,캡스톤파트너스,KOSDAQ,KQ,,,65675655675.0,SmallCap
218150,미래생명자원,KOSDAQ,KQ,,,65636803430.0,SmallCap
184230,SGA솔루션즈,KOSDAQ,KQ,,,65557478925.0,SmallCap
378850,화승알앤에이,KOSPI,KO,,,65527999350.0,SmallCap
053270,구영테크,KOSDAQ,KQ,,,65510867950.0,SmallCap
189980,흥국에프엔비,KOSDAQ,KQ,,,65504933664.0,SmallCap
004770,써니전자,KOSPI,KO,,,65227163606.0,SmallCap
263690,디알젬,KOSDAQ,KQ,,,65122257500.0,SmallCap
189330,씨이랩,KOSDAQ,KQ,,,65113050960.0,SmallCap
097800,윈팩,KOSDAQ,KQ,,,65086759233.0,SmallCap
004780,대륙제관,KOSDAQ,KQ,,,64566987940.0,SmallCap
096630,에스코넥,KOSDAQ,KQ,,,64537253808.0,SmallCap
002630,오리엔트바이오,KOSPI,KO,,,64509154720.0,SmallCap
127710,아시아경제,KOSDAQ,KQ,,,64443994230.0,SmallCap
008370,원풍,KOSDAQ,KQ,,,64440000000.0,SmallCap
007815,코리아써우,KOSPI,KO,,,64333773000.0,SmallCap
088910,동우팜투테이블,KOSDAQ,KQ,,,64321092360.0,SmallCap
014190,원익큐브,KOSDAQ,KQ,,,63896830330.0,SmallCap
089790,제이티,KOSDAQ,KQ,,,63853025470.0,SmallCap
133820,화인베스틸,KOSPI,KO,,,63762714436.0,SmallCap
239890,피엔에이치테크,KOSDAQ,KQ,,,63688189550.0,SmallCap
303360,프로티아,KOSDAQ,KQ,,,63625792100.0,SmallCap
900300,오가닉티코스메틱,KOSDAQ,KQ,,,63504233628.0,SmallCap
070300,엑스큐어,KOSDAQ,KQ,,,63395252160.0,SmallCap
004910,조광페인트,KOSPI,KO,,,63040000000.0,SmallCap
004450,삼화왕관,KOSPI,KO,,,63015585750.0,SmallCap
005305,롯데칠성우,KOSPI,KO,,,62955172000.0,SmallCap
261200,덴티스,KOSDAQ,KQ,,,62764509000.0,SmallCap
185490,아이진,KOSDAQ,KQ,,,62639957016.0,SmallCap
237820,플레이디,KOSDAQ,KQ,,,62596443200.0,SmallCap
001840,이화공영,KOSDAQ,KQ,,,62588831935.0,SmallCap
196450,코아시아씨엠,KOSDAQ,KQ,,,62541023160.0,SmallCap
004410,서울식품,KOSPI,KO,,,62338921488.0,SmallCap
094970,제이엠티,KOSDAQ,KQ,,,62303452800.0,SmallCap
038010,제일테크노스,KOSDAQ,KQ,,,62190000000.0,SmallCap
440290,HB인베스트먼트,KOSDAQ,KQ,,,62164531800.0,SmallCap
100030,인지소프트,KOSDAQ,KQ,,,62160706020.0,SmallCap
238120,얼라인드,KOSDAQ,KQ,,,62044936240.0,SmallCap
294090,이오플로우,KOSDAQ,KQ,,,61997566450.0,SmallCap
173940,에프엔씨엔터,KOSDAQ,KQ,,,61956052200.0,SmallCap
008420,문배철강,KOSPI,KO,,,61920585100.0,SmallCap
053620,태양,KOSDAQ,KQ,,,61920000000.0,SmallCap
365590,하이딥,KOSDAQ,KQ,,,61913244000.0,SmallCap
413640,비아이매트릭스,KOSDAQ,KQ,,,61907614600.0,SmallCap
053980,오상자이엘,KOSDAQ,KQ,,,61883872580.0,SmallCap
104200,NHN벅스,KOSDAQ,KQ,,,61830883500.0,SmallCap
052790,액토즈소프트,KOSDAQ,KQ,,,61614445080.0,SmallCap
419080,엔젯,KOSDAQ,KQ,,,61439537750.0,SmallCap
045340,토탈소프트,KOSDAQ,KQ,,,61361146800.0,SmallCap
006370,대구백화점,KOSPI,KO,,,61250318260.0,SmallCap
452160,제이엔비,KOSDAQ,KQ,,,61167471720.0,SmallCap
143540,영우디에스피,KOSDAQ,KQ,,,61146456045.0,SmallCap
432430,와이랩,KOSDAQ,KQ,,,61080784000.0,SmallCap
297570,알로이스,KOSDAQ,KQ,,,60864101244.0,SmallCap
123700,SJM,KOSPI,KO,,,60859102200.0,SmallCap
090410,덕신이피씨,KOSDAQ,KQ,,,60831005400.0,SmallCap
041650,상신브레이크,KOSPI,KO,,,60764203500.0,SmallCap
017180,명문제약,KOSPI,KO,,,60708775752.0,SmallCap
357250,미래에셋맵스리츠,KOSPI,KO,,,60488154100.0,SmallCap
010770,평화홀딩스,KOSPI,KO,,,60403174580.0,SmallCap
033560,블루콤,KOSDAQ,KQ,,,60277500000.0,SmallCap
311390,네오크레마,KOSDAQ,KQ,,,60232035640.0,SmallCap
466410,사이냅소프트,KOSDAQ,KQ,,,60192424850.0,SmallCap
053950,경남제약,KOSDAQ,KQ,,,60095318302.0,SmallCap
114450,그린생명과학,KOSDAQ,KQ,,,60000000000.0,SmallCap
038070,서린바이오,KOSDAQ,KQ,,,59989360200.0,SmallCap
419120,산돌,KOSDAQ,KQ,,,59977325150.0,SmallCap
471820,셀로맥스사이언스,KOSDAQ,KQ,,,59905258700.0,SmallCap
037950,엘컴텍,KOSDAQ,KQ,,,59873290971.0,SmallCap
369370,블리츠웨이엔터테인먼트,KOSDAQ,KQ,,,59746549378.0,SmallCap
033830,티비씨,KOSDAQ,KQ,,,59600000000.0,SmallCap
026940,부국철강,KOSPI,KO,,,59600000000.0,SmallCap
089150,케이씨티,KOSDAQ,KQ,,,59596250000.0,SmallCap
003465,유화증권우,KOSPI,KO,,,59419845000.0,SmallCap
093240,형지엘리트,KOSPI,KO,,,59364380453.0,SmallCap
277070,린드먼아시아,KOSDAQ,KQ,,,59354820000.0,SmallCap
450330,하스,KOSDAQ,KQ,,,59354611750.0,SmallCap
048770,TPC로보틱스,KOSDAQ,KQ,,,59338405980.0,SmallCap
122350,삼기,KOSDAQ,KQ,,,59234416260.0,SmallCap
066360,체리부로,KOSDAQ,KQ,,,59220738525.0,SmallCap
223310,사토시홀딩스,KOSDAQ,KQ,,,59202811850.0,SmallCap
007680,대원,KOSDAQ,KQ,,,58895556120.0,SmallCap
075180,새론오토모티브,KOSPI,KO,,,58848000000.0,SmallCap
088340,유라클,KOSDAQ,KQ,,,58831680640.0,SmallCap
465480,인스피언,KOSDAQ,KQ,,,58799077600.0,SmallCap
003475,유안타증권우,KOSPI,KO,,,58750564600.0,SmallCap
052460,아이크래프트,KOSDAQ,KQ,,,58723902720.0,SmallCap
072770,멤레이비티,KOSDAQ,KQ,,,58698106572.0,SmallCap
012280,영화금속,KOSPI,KO,,,58690877680.0,SmallCap
219420,링크제니시스,KOSDAQ,KQ,,,58494485700.0,SmallCap
023350,한국종합기술,KOSPI,KO,,,58473000000.0,SmallCap
364950,에이아이코리아,KOSDAQ,KQ,,,58324008350.0,SmallCap
000890,보해양조,KOSPI,KO,,,58286694438.0,SmallCap
105760,포스뱅크,KOSDAQ,KQ,,,58214653640.0,SmallCap
014990,인디에프,KOSPI,KO,,,58212571125.0,SmallCap
099520,DGI,KOSDAQ,KQ,,,58141862016.0,SmallCap
025530,SJM홀딩스,KOSPI,KO,,,57943951040.0,SmallCap
221840,하이즈항공,KOSDAQ,KQ,,,57878236295.0,SmallCap
100660,서암기계공업,KOSDAQ,KQ,,,57771000000.0,SmallCap
057540,옴니시스템,KOSDAQ,KQ,,,57731228496.0,SmallCap
476080,M83,KOSDAQ,KQ,,,57641220000.0,SmallCap
444530,심플랫폼,KOSDAQ,KQ,,,57638979230.0,SmallCap
033200,모아텍,KOSDAQ,KQ,,,57611363700.0,SmallCap
403490,우듬지팜,KOSDAQ,KQ,,,57553377392.0,SmallCap
001210,금호전기,KOSPI,KO,,,57486597107.0,SmallCap
245620,EDGC,KOSDAQ,KQ,,,57474989665.0,SmallCap
007530,와이엠,KOSDAQ,KQ,,,57415915980.0,SmallCap
417860,오브젠,KOSDAQ,KQ,,,57396191320.0,SmallCap
000950,전방,KOSPI,KO,,,57372000000.0,SmallCap
066130,하츠,KOSDAQ,KQ,,,57344000000.0,SmallCap
049800,우진플라임,KOSPI,KO,,,57300000000.0,SmallCap
011330,유니켐,KOSPI,KO,,,56908525147.0,SmallCap
079000,와토스코리아,KOSDAQ,KQ,,,56880000000.0,SmallCap
189690,포시에스,KOSDAQ,KQ,,,56693085675.0,SmallCap
122690,서진오토모티브,KOSDAQ,KQ,,,56543956700.0,SmallCap
190650,코리아에셋투자증권,KOSDAQ,KQ,,,56469920000.0,SmallCap
007120,미래아이앤지,KOSPI,KO,,,56342164208.0,SmallCap
361570,알비더블유,KOSDAQ,KQ,,,56279363778.0,SmallCap
352700,씨앤투스,KOSDAQ,KQ,,,56232563860.0,SmallCap
056700,신화인터텍,KOSDAQ,KQ,,,56201590539.0,SmallCap
011300,우성머티리얼스,KOSPI,KO,,,56131591926.0,SmallCap
260660,알리코제약,KOSDAQ,KQ,,,56096896860.0,SmallCap
126640,화신정공,KOSDAQ,KQ,,,56054400090.0,SmallCap
263020,디케이앤디,KOSDAQ,KQ,,,56036391300.0,SmallCap
012160,영흥,KOSPI,KO,,,56024635716.0,SmallCap
043910,자연과환경,KOSDAQ,KQ,,,55901988301.0,SmallCap
090080,평화산업,KOSPI,KO,,,55835597403.0,SmallCap
051490,나라엠앤디,KOSDAQ,KQ,,,55806000000.0,SmallCap
229000,젠큐릭스,KOSDAQ,KQ,,,55759032700.0,SmallCap
200350,아티스트스튜디오,KOSDAQ,KQ,,,55677859250.0,SmallCap
032860,더라미,KOSDAQ,KQ,,,55544311625.0,SmallCap
097870,효성오앤비,KOSDAQ,KQ,,,55524600000.0,SmallCap
340930,유일에너테크,KOSDAQ,KQ,,,55513882710.0,SmallCap
066670,디티씨,KOSDAQ,KQ,,,55141158100.0,SmallCap
050110,캠시스,KOSDAQ,KQ,,,55059566532.0,SmallCap
376180,피코그램,KOSDAQ,KQ,,,54940672480.0,SmallCap
355390,크라우드웍스,KOSDAQ,KQ,,,54909203475.0,SmallCap
053160,프리엠스,KOSDAQ,KQ,,,54780000000.0,SmallCap
217480,에스디생명공학,KOSDAQ,KQ,,,54756837359.0,SmallCap
054780,키이스트,KOSDAQ,KQ,,,54746953505.0,SmallCap
046310,백금T&A,KOSDAQ,KQ,,,54674074530.0,SmallCap
171010,램테크놀러지,KOSDAQ,KQ,,,54621232640.0,SmallCap
006920,모헨즈,KOSDAQ,KQ,,,54600000000.0,SmallCap
065130,탑엔지니어링,KOSDAQ,KQ,,,54173540000.0,SmallCap
314140,알피바이오,KOSDAQ,KQ,,,54164756250.0,SmallCap
038060,루멘스,KOSDAQ,KQ,,,54115952625.0,SmallCap
273060,와이즈버즈,KOSDAQ,KQ,,,54092671904.0,SmallCap
035460,기산텔레콤,KOSDAQ,KQ,,,54081931400.0,SmallCap
000215,DL우,KOSPI,KO,,,53955680000.0,SmallCap
086040,바이오톡스텍,KOSDAQ,KQ,,,53779292390.0,SmallCap
307280,원바이오젠,KOSDAQ,KQ,,,53777272660.0,SmallCap
003080,SB성보,KOSPI,KO,,,53753700000.0,SmallCap
430690,한싹,KOSDAQ,KQ,,,53496055570.0,SmallCap
263700,케어랩스,KOSDAQ,KQ,,,53389050000.0,SmallCap
033540,파라텍,KOSDAQ,KQ,,,53186764958.0,SmallCap
002410,범양건영,KOSPI,KO,,,53173451700.0,SmallCap
388610,지에프씨생명과학,KOSDAQ,KQ,,,53143164180.0,SmallCap
103840,우양,KOSDAQ,KQ,,,53027226720.0,SmallCap
060850,영림원소프트랩,KOSDAQ,KQ,,,52932810000.0,SmallCap
006125,SK디스커버리우,KOSPI,KO,,,52840144500.0,SmallCap
250000,보라티알,KOSDAQ,KQ,,,52790732060.0,SmallCap
219750,한국비티비,KOSDAQ,KQ,,,52668642425.0,SmallCap
064480,브리지텍,KOSDAQ,KQ,,,52591000000.0,SmallCap
002290,삼일기업공사,KOSDAQ,KQ,,,52576000000.0,SmallCap
078590,휴림에이텍,KOSDAQ,KQ,,,52457053425.0,SmallCap
016600,큐캐피탈,KOSDAQ,KQ,,,52226403816.0,SmallCap
073110,엘엠에스,KOSDAQ,KQ,,,52218081850.0,SmallCap
087600,픽셀플러스,KOSDAQ,KQ,,,52184305620.0,SmallCap
043340,에쎈테크,KOSDAQ,KQ,,,52155000000.0,SmallCap
027740,마니커,KOSPI,KO,,,52142718188.0,SmallCap
009320,아진전자부품,KOSPI,KO,,,52109856890.0,SmallCap
332290,누보,KOSDAQ,KQ,,,52075247220.0,SmallCap
179530,애드바이오텍,KOSDAQ,KQ,,,52052621350.0,SmallCap
464500,아이언디바이스,KOSDAQ,KQ,,,51915005730.0,SmallCap
263770,유에스티,KOSDAQ,KQ,,,51903376680.0,SmallCap
199480,뱅크웨어글로벌,KOSDAQ,KQ,,,51900632920.0,SmallCap
011420,갤럭시아에스엠,KOSPI,KO,,,51848430008.0,SmallCap
023960,에쓰씨엔지니어링,KOSPI,KO,,,51614818075.0,SmallCap
096610,알에프세미,KOSDAQ,KQ,,,51550708615.0,SmallCap
434480,모니터랩,KOSDAQ,KQ,,,51518605500.0,SmallCap
288980,모아데이타,KOSDAQ,KQ,,,51516032664.0,SmallCap
119500,포메탈,KOSDAQ,KQ,,,51416986880.0,SmallCap
300120,라온피플,KOSDAQ,KQ,,,51335664592.0,SmallCap
466910,엔에이치스팩30호,KOSDAQ,KQ,,,51324000000.0,SmallCap
464280,티디에스팜,KOSDAQ,KQ,,,51318400000.0,SmallCap
290090,트윔,KOSDAQ,KQ,,,51263446520.0,SmallCap
091590,남화토건,KOSDAQ,KQ,,,51245100000.0,SmallCap
128540,에코캡,KOSDAQ,KQ,,,51218992740.0,SmallCap
376290,씨유테크,KOSDAQ,KQ,,,51206750000.0,SmallCap
263810,상신전자,KOSDAQ,KQ,,,51118688250.0,SmallCap
320000,한울반도체,KOSDAQ,KQ,,,51116428650.0,SmallCap
020760,일진디스플,KOSPI,KO,,,50984432422.0,SmallCap
429270,시지트로닉스,KOSDAQ,KQ,,,50948924900.0,SmallCap
044960,이글벳,KOSDAQ,KQ,,,50883579075.0,SmallCap
097780,에코볼트,KOSDAQ,KQ,,,50796139104.0,SmallCap
081580,성우전자,KOSDAQ,KQ,,,50789168325.0,SmallCap
002920,유성기업,KOSPI,KO,,,50753310000.0,SmallCap
258610,케일럼,KOSDAQ,KQ,,,50750722633.0,SmallCap
031310,아이즈비전,KOSDAQ,KQ,,,50665050434.0,SmallCap
241840,에이스토리,KOSDAQ,KQ,,,50657368140.0,SmallCap
106240,파인테크닉스,KOSDAQ,KQ,,,50653344305.0,SmallCap
286750,나노실리칸첨단소재,KOSDAQ,KQ,,,50637622917.0,SmallCap
025880,케이씨피드,KOSDAQ,KQ,,,50565470450.0,SmallCap
393970,대진첨단소재,KOSDAQ,KQ,,,50428566500.0,SmallCap
186230,그린플러스,KOSDAQ,KQ,,,50396667620.0,SmallCap
032960,동일기연,KOSDAQ,KQ,,,50351094450.0,SmallCap
129890,앱코,KOSDAQ,KQ,,,50282344608.0,SmallCap
160550,NEW,KOSDAQ,KQ,,,50258896906.0,SmallCap
290120,DH오토리드,KOSDAQ,KQ,,,50162869330.0,SmallCap
140520,대창스틸,KOSDAQ,KQ,,,50134452125.0,SmallCap
051390,YW,KOSDAQ,KQ,,,50077172880.0,SmallCap
481850,신한글로벌액티브리츠,KOSPI,KO,,,49999313600.0,SmallCap
460470,아이빔테크놀로지,KOSDAQ,KQ,,,49893921000.0,SmallCap
206400,베노티앤알,KOSDAQ,KQ,,,49888510140.0,SmallCap
335810,프리시젼바이오,KOSDAQ,KQ,,,49825378620.0,SmallCap
003060,에이프로젠바이오로직스,KOSPI,KO,,,49800369095.0,SmallCap
019770,서연탑메탈,KOSDAQ,KQ,,,49745500000.0,SmallCap
073570,리튬포어스,KOSDAQ,KQ,,,49413232261.0,SmallCap
001380,SG글로벌,KOSPI,KO,,,49370629014.0,SmallCap
239610,에이치엘사이언스,KOSDAQ,KQ,,,49122167650.0,SmallCap
080520,오디텍,KOSDAQ,KQ,,,49082677695.0,SmallCap
420570,제이투케이바이오,KOSDAQ,KQ,,,49060382370.0,SmallCap
215380,우정바이오,KOSDAQ,KQ,,,49058214040.0,SmallCap
123010,알엔티엑스,KOSDAQ,KQ,,,49034445000.0,SmallCap
347770,핌스,KOSDAQ,KQ,,,49028355090.0,SmallCap
148250,알엔투테크놀로지,KOSDAQ,KQ,,,48989529680.0,SmallCap
451700,엔에이치스팩29호,KOSDAQ,KQ,,,48933500000.0,SmallCap
069410,엔텔스,KOSDAQ,KQ,,,48714138120.0,SmallCap
006050,국영지앤엠,KOSDAQ,KQ,,,48713759228.0,SmallCap
026040,제이에스티나,KOSDAQ,KQ,,,48686180500.0,SmallCap
450520,인스웨이브,KOSDAQ,KQ,,,48451584510.0,SmallCap
373170,엠아이큐브솔루션,KOSDAQ,KQ,,,48439696950.0,SmallCap
257990,나우코스,KONEX,KQ,,,48427242240.0,SmallCap
020180,대신정보통신,KOSDAQ,KQ,,,48382003985.0,SmallCap
363260,모비데이즈,KOSDAQ,KQ,,,48309981038.0,SmallCap
011230,삼화전자,KOSPI,KO,,,48297778200.0,SmallCap
224110,에이텍모빌리티,KOSDAQ,KQ,,,48263667000.0,SmallCap
050860,아세아텍,KOSDAQ,KQ,,,48262500000.0,SmallCap
271830,팸텍,KOSDAQ,KQ,,,48128009664.0,SmallCap
052600,한네트,KOSDAQ,KQ,,,47931536500.0,SmallCap
336060,웨이버스,KOSDAQ,KQ,,,47914424000.0,SmallCap
082660,코스나인,KOSDAQ,KQ,,,47827617120.0,SmallCap
178780,일월지엠엘,KOSDAQ,KQ,,,47809535175.0,SmallCap
220180,핸디소프트,KOSDAQ,KQ,,,47789891474.0,SmallCap
308170,씨티알모빌리티,KOSPI,KO,,,47699400000.0,SmallCap
418250,시큐레터,KOSDAQ,KQ,,,47629012750.0,SmallCap
200780,비씨월드제약,KOSDAQ,KQ,,,47622176365.0,SmallCap
083550,케이엠,KOSDAQ,KQ,,,47582139150.0,SmallCap
051630,진양화학,KOSPI,KO,,,47488000000.0,SmallCap
037370,EG,KOSDAQ,KQ,,,47351096280.0,SmallCap
153490,우리이앤엘하루틴,KOSDAQ,KQ,,,47052720000.0,SmallCap
023440,제이스코홀딩스,KOSDAQ,KQ,,,46964378481.0,SmallCap
254120,자비스,KOSDAQ,KQ,,,46900261750.0,SmallCap
363250,진시스템,KOSDAQ,KQ,,,46881184820.0,SmallCap
475460,미트박스,KOSDAQ,KQ,,,46868758750.0,SmallCap
351870,차이커뮤니케이션,KOSDAQ,KQ,,,46818893190.0,SmallCap
014570,고려제약,KOSDAQ,KQ,,,46695000000.0,SmallCap
024120,KB오토시스,KOSDAQ,KQ,,,46460000000.0,SmallCap
084870,TBH글로벌,KOSPI,KO,,,46406422275.0,SmallCap
057030,YBM넷,KOSDAQ,KQ,,,46328059480.0,SmallCap
069460,대호에이엘,KOSPI,KO,,,46322278464.0,SmallCap
022220,티케이지애강,KOSDAQ,KQ,,,46252559047.0,SmallCap
101240,씨큐브,KOSDAQ,KQ,,,46215214450.0,SmallCap
204020,그리티,KOSDAQ,KQ,,,46195726000.0,SmallCap
290520,신도기연,KOSDAQ,KQ,,,46195149800.0,SmallCap
200580,메디쎄이,KONEX,KQ,,,46166118810.0,SmallCap
356890,싸이버원,KOSDAQ,KQ,,,46141764500.0,SmallCap
208860,다산디엠씨,KOSDAQ,KQ,,,46138013307.0,SmallCap
309930,조이웍스앤코,KOSDAQ,KQ,,,45986676144.0,SmallCap
049830,승일,KOSDAQ,KQ,,,45868197760.0,SmallCap
002880,디와이에이,KOSPI,KO,,,45838515100.0,SmallCap
195500,마니커에프앤지,KOSDAQ,KQ,,,45697080000.0,SmallCap
318020,포인트모바일,KOSDAQ,KQ,,,45637719120.0,SmallCap
073540,에프알텍,KOSDAQ,KQ,,,45543000000.0,SmallCap
256150,한독크린텍,KOSDAQ,KQ,,,45500900000.0,SmallCap
003535,한화투자증권우,KOSPI,KO,,,45456000000.0,SmallCap
228340,동양파일,KOSDAQ,KQ,,,45400000000.0,SmallCap
080530,코디,KOSDAQ,KQ,,,45241363125.0,SmallCap
203450,유니온바이오메트릭스,KOSDAQ,KQ,,,45193612470.0,SmallCap
008870,금비,KOSPI,KO,,,45100000000.0,SmallCap
005030,부산주공,KOSPI,KO,,,45092532168.0,SmallCap
317240,TS트릴리온,KOSDAQ,KQ,,,45078019113.0,SmallCap
058110,멕아이씨에스,KOSDAQ,KQ,,,45021736650.0,SmallCap
383930,디티앤씨알오,KOSDAQ,KQ,,,45000130560.0,SmallCap
131760,파인텍,KOSDAQ,KQ,,,44995119988.0,SmallCap
065950,웰크론,KOSDAQ,KQ,,,44916001482.0,SmallCap
123570,이엠넷,KOSDAQ,KQ,,,44886297170.0,SmallCap
038870,에코심플렉스,KOSDAQ,KQ,,,44847836800.0,SmallCap
032790,엠젠솔루션,KOSDAQ,KQ,,,44837465076.0,SmallCap
068050,팬엔터테인먼트,KOSDAQ,KQ,,,44836709044.0,SmallCap
270520,앱튼,KOSDAQ,KQ,,,44822325516.0,SmallCap
074610,이엔플러스,KOSPI,KO,,,44815400070.0,SmallCap
066910,손오공,KOSDAQ,KQ,,,44778286716.0,SmallCap
075970,동국알앤에스,KOSDAQ,KQ,,,44712000000.0,SmallCap
359090,씨엔알리서치,KOSDAQ,KQ,,,44654747109.0,SmallCap
008250,이건산업,KOSPI,KO,,,44631987625.0,SmallCap
000760,이화산업,KOSPI,KO,,,44492000000.0,SmallCap
133750,메가엠디,KOSDAQ,KQ,,,44356410915.0,SmallCap
014910,성문전자,KOSPI,KO,,,44151659140.0,SmallCap
288330,파라택시스코리아,KOSDAQ,KQ,,,44128768736.0,SmallCap
057680,티사이언티픽,KOSDAQ,KQ,,,44102822119.0,SmallCap
462510,라메디텍,KOSDAQ,KQ,,,43970810175.0,SmallCap
032580,피델릭스,KOSDAQ,KQ,,,43899984800.0,SmallCap
406820,뷰티스킨,KOSDAQ,KQ,,,43892767485.0,SmallCap
001000,신라섬유,KOSDAQ,KQ,,,43723849540.0,SmallCap
237750,피앤씨테크,KOSDAQ,KQ,,,43722118000.0,SmallCap
200230,텔콘RF제약,KOSDAQ,KQ,,,43580966988.0,SmallCap
455180,케이지에이,KOSDAQ,KQ,,,43480154340.0,SmallCap
013810,스페코,KOSDAQ,KQ,,,43453468550.0,SmallCap
025750,한솔홈데코,KOSPI,KO,,,43424615311.0,SmallCap
277410,인산가,KOSDAQ,KQ,,,43405000650.0,SmallCap
114630,폴라리스우노,KOSDAQ,KQ,,,43358139685.0,SmallCap
145270,케이탑리츠,KOSPI,KO,,,43350818148.0,SmallCap
039290,인포뱅크,KOSDAQ,KQ,,,43209070660.0,SmallCap
340810,시선AI,KOSDAQ,KQ,,,43049899280.0,SmallCap
440320,오픈놀,KOSDAQ,KQ,,,42957100000.0,SmallCap
046390,삼화네트웍스,KOSDAQ,KQ,,,42784376603.0,SmallCap
475660,에스켐,KOSDAQ,KQ,,,42741810650.0,SmallCap
064520,테크엘,KOSDAQ,KQ,,,42601124172.0,SmallCap
012620,원일특강,KOSDAQ,KQ,,,42504000000.0,SmallCap
221980,케이디켐,KOSDAQ,KQ,,,42325052000.0,SmallCap
398120,에스지헬스케어,KOSDAQ,KQ,,,42251176825.0,SmallCap
035200,프럼파스트,KOSDAQ,KQ,,,42230760600.0,SmallCap
318410,비비씨,KOSDAQ,KQ,,,42219846800.0,SmallCap
007720,소노스퀘어,KOSDAQ,KQ,,,42134588100.0,SmallCap
109820,진매트릭스,KOSDAQ,KQ,,,42112866600.0,SmallCap
013720,THE CUBE&,KOSDAQ,KQ,,,42093074956.0,SmallCap
195990,에이비프로바이오,KOSDAQ,KQ,,,41924987676.0,SmallCap
065650,하이퍼코퍼레이션,KOSDAQ,KQ,,,41923132125.0,SmallCap
090150,아이윈,KOSDAQ,KQ,,,41875293000.0,SmallCap
159910,에코글로우,KOSDAQ,KQ,,,41868388000.0,SmallCap
045060,오공,KOSDAQ,KQ,,,41846675780.0,SmallCap
290270,휴네시온,KOSDAQ,KQ,,,41793373200.0,SmallCap
462980,아이지넷,KOSDAQ,KQ,,,41756860730.0,SmallCap
043200,파루,KOSDAQ,KQ,,,41595293425.0,SmallCap
075130,플랜티넷,KOSDAQ,KQ,,,41555800000.0,SmallCap
258790,소프트캠프,KOSDAQ,KQ,,,41535514008.0,SmallCap
131100,티엔엔터테인먼트,KOSDAQ,KQ,,,41501533788.0,SmallCap
387570,파인메딕스,KOSDAQ,KQ,,,41462883000.0,SmallCap
019490,엑시큐어하이트론,KOSPI,KO,,,41349858070.0,SmallCap
296640,이노에이엑스,KOSDAQ,KQ,,,41167103400.0,SmallCap
298060,풍전약품,KOSDAQ,KQ,,,40976344152.0,SmallCap
238490,힘스,KOSDAQ,KQ,,,40893733140.0,SmallCap
318000,KBG,KOSDAQ,KQ,,,40816841410.0,SmallCap
122830,원포유,KONEX,KQ,,,40808973310.0,SmallCap
187270,신화콘텍,KOSDAQ,KQ,,,40778256900.0,SmallCap
270870,뉴트리,KOSDAQ,KQ,,,40756992320.0,SmallCap
351320,넥사다이내믹스,KOSDAQ,KQ,,,40746536824.0,SmallCap
021880,메이슨캐피탈,KOSDAQ,KQ,,,40739406336.0,SmallCap
050120,ES큐브,KOSDAQ,KQ,,,40420976280.0,SmallCap
010640,진양폴리,KOSPI,KO,,,40414000000.0,SmallCap
017040,광명전기,KOSPI,KO,,,40390657180.0,SmallCap
376980,원티드랩,KOSDAQ,KQ,,,40384039190.0,SmallCap
005320,온타이드,KOSPI,KO,,,40204905720.0,SmallCap
086060,진바이오텍,KOSDAQ,KQ,,,40168388355.0,SmallCap
239340,이스트에이드,KOSDAQ,KQ,,,40118715758.0,SmallCap
257370,피엔티엠에스,KOSDAQ,KQ,,,40015555200.0,SmallCap
469750,아이비젼웍스,KOSDAQ,KQ,,,39969517960.0,SmallCap
452980,신한제11호스팩,KOSDAQ,KQ,,,39889550000.0,SmallCap
065370,위세아이텍,KOSDAQ,KQ,,,39873351600.0,SmallCap
002360,SH에너지화학,KOSPI,KO,,,39785875340.0,SmallCap
099390,브레인즈컴퍼니,KOSDAQ,KQ,,,39769131135.0,SmallCap
290560,파라택시스이더리움,KOSDAQ,KQ,,,39738571210.0,SmallCap
016670,디모아,KOSDAQ,KQ,,,39706541430.0,SmallCap
064090,인크레더블버즈,KOSDAQ,KQ,,,39694710510.0,SmallCap
169330,엠브레인,KOSDAQ,KQ,,,39472958290.0,SmallCap
038880,아이에이,KOSDAQ,KQ,,,39375578616.0,SmallCap
353590,오토앤,KOSDAQ,KQ,,,39270488500.0,SmallCap
354390,바스칸바이오제약,KONEX,KQ,,,39232000730.0,SmallCap
025440,DH오토웨어,KOSDAQ,KQ,,,39171322872.0,SmallCap
059100,아이컴포넌트,KOSDAQ,KQ,,,39031147200.0,SmallCap
134790,시디즈,KOSPI,KO,,,39000000000.0,SmallCap
005820,원림,KOSPI,KO,,,38812713300.0,SmallCap
464580,닷밀,KOSDAQ,KQ,,,38560756455.0,SmallCap
130500,GH신소재,KOSDAQ,KQ,,,38471662540.0,SmallCap
002870,신풍,KOSPI,KO,,,38454570000.0,SmallCap
148780,비큐AI,KOSDAQ,KQ,,,38426675950.0,SmallCap
021650,한국큐빅,KOSDAQ,KQ,,,38423823050.0,SmallCap
263920,휴엠앤씨,KOSDAQ,KQ,,,38353291660.0,SmallCap
001810,무림SP,KOSDAQ,KQ,,,38342150000.0,SmallCap
140430,카티스,KOSDAQ,KQ,,,38268437924.0,SmallCap
000040,KR모터스,KOSPI,KO,,,38177831328.0,SmallCap
056730,CNT85,KOSDAQ,KQ,,,38093149604.0,SmallCap
019175,신풍제약우,KOSPI,KO,,,38092229900.0,SmallCap
038620,위즈코프,KOSDAQ,KQ,,,38091920895.0,SmallCap
317120,라닉스,KOSDAQ,KQ,,,38073700000.0,SmallCap
004365,세방우,KOSPI,KO,,,37777920000.0,SmallCap
357430,마스턴프리미어리츠,KOSPI,KO,,,37704559452.0,SmallCap
094860,네오리진,KOSDAQ,KQ,,,37665021000.0,SmallCap
262840,아이퀘스트,KOSDAQ,KQ,,,37618350900.0,SmallCap
285800,진영,KOSDAQ,KQ,,,37576130500.0,SmallCap
146060,율촌,KOSDAQ,KQ,,,37512359390.0,SmallCap
006200,한국전자홀딩스,KOSPI,KO,,,37489311936.0,SmallCap
024890,대원화성,KOSPI,KO,,,37371731712.0,SmallCap
462310,뉴키즈온,KOSDAQ,KQ,,,37324151760.0,SmallCap
424760,벨로크,KOSDAQ,KQ,,,37321684179.0,SmallCap
024070,WISCOM,KOSPI,KO,,,37319876530.0,SmallCap
177830,파버나인,KOSDAQ,KQ,,,37310774515.0,SmallCap
303530,이노뎁,KOSDAQ,KQ,,,37283638920.0,SmallCap
342870,오아,KOSDAQ,KQ,,,37170343540.0,SmallCap
017000,신원종합개발,KOSDAQ,KQ,,,37162665995.0,SmallCap
045510,정원엔시스,KOSDAQ,KQ,,,37008476508.0,SmallCap
187220,디티앤씨,KOSDAQ,KQ,,,36995034930.0,SmallCap
225220,제놀루션,KOSDAQ,KQ,,,36940790425.0,SmallCap
243870,아이티센코어,KONEX,KQ,,,36938897870.0,SmallCap
274400,이노시뮬레이션,KOSDAQ,KQ,,,36891161580.0,SmallCap
438700,버넥트,KOSDAQ,KQ,,,36889585900.0,SmallCap
001070,대한방직,KOSPI,KO,,,36888000000.0,SmallCap
066900,디에이피,KOSDAQ,KQ,,,36823350357.0,SmallCap
291230,엔피,KOSDAQ,KQ,,,36819972125.0,SmallCap
060540,에스에이티,KOSDAQ,KQ,,,36743428236.0,SmallCap
142760,모아라이프플러스,KOSDAQ,KQ,,,36685272600.0,SmallCap
009140,경인전자,KOSPI,KO,,,36599570100.0,SmallCap
051380,피씨디렉트,KOSDAQ,KQ,,,36586071720.0,SmallCap
048470,대동스틸,KOSDAQ,KQ,,,36477000000.0,SmallCap
002025,코오롱우,KOSPI,KO,,,36379699950.0,SmallCap
377220,프롬바이오,KOSDAQ,KQ,,,36378350000.0,SmallCap
053290,NE능률,KOSDAQ,KQ,,,36275243865.0,SmallCap
196490,디에이테크놀로지,KOSDAQ,KQ,,,36245520080.0,SmallCap
016100,리더스코스메틱,KOSDAQ,KQ,,,36215295024.0,SmallCap
049120,파인디앤씨,KOSDAQ,KQ,,,36045656920.0,SmallCap
038950,파인디지털,KOSDAQ,KQ,,,35992946625.0,SmallCap
284620,카이노스메드,KOSDAQ,KQ,,,35965517911.0,SmallCap
071850,캐스텍코리아,KOSDAQ,KQ,,,35906188240.0,SmallCap
044480,빌리언스,KOSDAQ,KQ,,,35895358960.0,SmallCap
090370,메타랩스,KOSPI,KO,,,35887656849.0,SmallCap
038530,케이바이오랩스,KOSDAQ,KQ,,,35871447570.0,SmallCap
015260,에이엔피,KOSPI,KO,,,35808839440.0,SmallCap
009810,플레이그램,KOSPI,KO,,,35784695000.0,SmallCap
208710,포톤,KOSDAQ,KQ,,,35784058380.0,SmallCap
109960,앱토크롬,KOSDAQ,KQ,,,35767861578.0,SmallCap
118000,메타케어,KOSPI,KO,,,35729691712.0,SmallCap
068940,셀피글로벌,KOSDAQ,KQ,,,35720093048.0,SmallCap
131220,대한과학,KOSDAQ,KQ,,,35632462200.0,SmallCap
006740,블루산업개발,KOSPI,KO,,,35609742500.0,SmallCap
002690,동일제강,KOSPI,KO,,,35586531080.0,SmallCap
210120,캔버스엔,KOSDAQ,KQ,,,35556380226.0,SmallCap
112190,KC산업,KONEX,KQ,,,35502380145.0,SmallCap
013000,세우글로벌,KOSPI,KO,,,35479418316.0,SmallCap
027580,상보,KOSDAQ,KQ,,,35390404842.0,SmallCap
301300,바이브컴퍼니,KOSDAQ,KQ,,,35386175280.0,SmallCap
431190,케이쓰리아이,KOSDAQ,KQ,,,35336006240.0,SmallCap
123840,뉴온,KOSDAQ,KQ,,,35328140385.0,SmallCap
263050,유틸렉스,KOSDAQ,KQ,,,35324626904.0,SmallCap
033050,제이엠아이,KOSDAQ,KQ,,,35153110018.0,SmallCap
079170,한창산업,KOSDAQ,KQ,,,35152000000.0,SmallCap
162120,루켄테크놀러지스,KONEX,KQ,,,35087513290.0,SmallCap
900340,윙입푸드,KOSDAQ,KQ,,,34929664032.0,SmallCap
900310,컬러레이,KOSDAQ,KQ,,,34710587850.0,SmallCap
252500,세화피앤씨,KOSDAQ,KQ,,,34641135650.0,SmallCap
465770,STX그린로지스,KOSPI,KO,,,34600229400.0,SmallCap
367000,플래티어,KOSDAQ,KQ,,,34475530770.0,SmallCap
446440,에피바이오텍,KONEX,KQ,,,34372497100.0,SmallCap
333050,이노테나,KOSDAQ,KQ,,,34286363118.0,SmallCap
337840,유엑스엔,KONEX,KQ,,,34277209920.0,SmallCap
405920,나라셀라,KOSDAQ,KQ,,,34255682160.0,SmallCap
303030,지니틱스,KOSDAQ,KQ,,,34248960988.0,SmallCap
089140,넥스턴앤롤코리아,KOSDAQ,KQ,,,34231782990.0,SmallCap
397810,애드포러스,KOSDAQ,KQ,,,34215905100.0,SmallCap
023150,MH에탄올,KOSPI,KO,,,34162575380.0,SmallCap
045300,성우테크론,KOSDAQ,KQ,,,34066848760.0,SmallCap
054220,비츠로시스,KOSDAQ,KQ,,,33950288388.0,SmallCap
377330,이지트로닉스,KOSDAQ,KQ,,,33943608180.0,SmallCap
236810,엔비티,KOSDAQ,KQ,,,33916901148.0,SmallCap
063760,이엘피,KOSDAQ,KQ,,,33850221900.0,SmallCap
446070,유니드비티플러스,KOSPI,KO,,,33743663700.0,SmallCap
310870,디와이씨,KOSDAQ,KQ,,,33596128104.0,SmallCap
069140,누리플랜,KOSDAQ,KQ,,,33588163900.0,SmallCap
198940,한주라이트메탈,KOSDAQ,KQ,,,33512684058.0,SmallCap
102950,아하,KONEX,KQ,,,33460852650.0,SmallCap
088790,진도,KOSPI,KO,,,33422192640.0,SmallCap
014130,한익스프레스,KOSPI,KO,,,33420000000.0,SmallCap
027040,서울전자통신,KOSDAQ,KQ,,,33402646560.0,SmallCap
039740,한국정보공학,KOSDAQ,KQ,,,33356531520.0,SmallCap
024940,PN풍년,KOSDAQ,KQ,,,33350000000.0,SmallCap
138070,신진에스엠,KOSDAQ,KQ,,,33273590804.0,SmallCap
115480,씨유메디칼,KOSDAQ,KQ,,,33222257784.0,SmallCap
227420,도부,KONEX,KQ,,,33098723700.0,SmallCap
008470,부스타,KOSDAQ,KQ,,,32946816000.0,SmallCap
005360,모나미,KOSPI,KO,,,32938006101.0,SmallCap
030720,동원수산,KOSPI,KO,,,32902401350.0,SmallCap
304840,피플바이오,KOSDAQ,KQ,,,32864491800.0,SmallCap
148930,에이치와이티씨,KOSDAQ,KQ,,,32815061925.0,SmallCap
495810,유비씨,KONEX,KQ,,,32800000000.0,SmallCap
900070,글로벌에스엠,KOSDAQ,KQ,,,32783820480.0,SmallCap
131090,시큐브,KOSDAQ,KQ,,,32700603670.0,SmallCap
023790,동일스틸럭스,KOSDAQ,KQ,,,32648381633.0,SmallCap
032750,삼진,KOSDAQ,KQ,,,32647506030.0,SmallCap
018680,서울제약,KOSDAQ,KQ,,,32529500010.0,SmallCap
101000,KS인더스트리,KOSDAQ,KQ,,,32466755412.0,SmallCap
009460,한창제지,KOSPI,KO,,,32459112384.0,SmallCap
335870,윙스풋,KOSDAQ,KQ,,,32361913836.0,SmallCap
002420,세기상사,KOSPI,KO,,,32357118160.0,SmallCap
085810,알티캐스트,KOSDAQ,KQ,,,32314192790.0,SmallCap
096690,에이루트,KOSDAQ,KQ,,,32271239861.0,SmallCap
068100,케이웨더,KOSDAQ,KQ,,,32204347200.0,SmallCap
039310,세중,KOSDAQ,KQ,,,32165958925.0,SmallCap
003680,한성기업,KOSPI,KO,,,32165287700.0,SmallCap
004870,티웨이홀딩스,KOSPI,KO,,,32138432296.0,SmallCap
047080,한빛소프트,KOSDAQ,KQ,,,31971202256.0,SmallCap
033250,체시스,KOSPI,KO,,,31968000000.0,SmallCap
021040,대호특수강,KOSDAQ,KQ,,,31906017780.0,SmallCap
354200,엔젠바이오,KOSDAQ,KQ,,,31876792750.0,SmallCap
067730,로지시스,KOSDAQ,KQ,,,31875572990.0,SmallCap
060380,동양에스텍,KOSDAQ,KQ,,,31874600000.0,SmallCap
019570,플루토스,KOSDAQ,KQ,,,31823719740.0,SmallCap
010400,우진아이엔에스,KOSPI,KO,,,31821850000.0,SmallCap
115610,이미지스,KOSDAQ,KQ,,,31650663382.0,SmallCap
008775,호텔신라우,KOSPI,KO,,,31541324050.0,SmallCap
091340,S&K폴리텍,KOSDAQ,KQ,,,31365972280.0,SmallCap
258830,세종메디칼,KOSDAQ,KQ,,,31223976612.0,SmallCap
191410,육일씨엔에쓰,KOSDAQ,KQ,,,31203850175.0,SmallCap
457600,벡트,KOSDAQ,KQ,,,31116025000.0,SmallCap
080470,성창오토텍,KOSDAQ,KQ,,,31098000000.0,SmallCap
115160,휴맥스,KOSDAQ,KQ,,,31090545983.0,SmallCap
019660,글로본,KOSDAQ,KQ,,,31026140925.0,SmallCap
006570,대림통상,KOSPI,KO,,,30906750000.0,SmallCap
196700,웹스,KOSDAQ,KQ,,,30811088880.0,SmallCap
270210,에스알바이오텍,KONEX,KQ,,,30792380500.0,SmallCap
065770,CS,KOSDAQ,KQ,,,30747229920.0,SmallCap
432980,엠에프씨,KOSDAQ,KQ,,,30715477650.0,SmallCap
373110,엑셀세라퓨틱스,KOSDAQ,KQ,,,30662960562.0,SmallCap
139670,키네마스터,KOSDAQ,KQ,,,30567223650.0,SmallCap
224060,더코디,KOSDAQ,KQ,,,30396652580.0,SmallCap
328380,솔트웨어,KOSDAQ,KQ,,,30322558530.0,SmallCap
246250,에스엘에스바이오,KOSDAQ,KQ,,,30220617614.0,SmallCap
109670,씨싸이트,KOSDAQ,KQ,,,30116866320.0,SmallCap
188040,바이오포트,KOSDAQ,KQ,,,30087950440.0,SmallCap
103230,에스앤더블류,KOSDAQ,KQ,,,30060000000.0,SmallCap
372800,아이티아이즈,KOSDAQ,KQ,,,30048797030.0,SmallCap
002820,SUN&L,KOSPI,KO,,,29943973875.0,SmallCap
083640,인콘,KOSDAQ,KQ,,,29922335135.0,SmallCap
069640,한세엠케이,KOSPI,KO,,,29841130332.0,SmallCap
900100,애머릿지,KOSDAQ,KQ,,,29809683630.0,SmallCap
362990,드림인사이트,KOSDAQ,KQ,,,29753816554.0,SmallCap
222980,한국맥널티,KOSDAQ,KQ,,,29729846685.0,SmallCap
368600,아이씨에이치,KOSDAQ,KQ,,,29624481360.0,SmallCap
208640,썸에이지,KOSDAQ,KQ,,,29518933848.0,SmallCap
405000,플라즈맵,KOSDAQ,KQ,,,29517634360.0,SmallCap
434190,탈로스,KONEX,KQ,,,29477736000.0,SmallCap
032080,아즈텍WB,KOSDAQ,KQ,,,29464200759.0,SmallCap
240600,유진테크놀로지,KOSDAQ,KQ,,,29444641750.0,SmallCap
227610,아우딘퓨쳐스,KOSDAQ,KQ,,,29372473912.0,SmallCap
031510,오스템,KOSDAQ,KQ,,,29372000000.0,SmallCap
083660,CSA 코스믹,KOSDAQ,KQ,,,29341357353.0,SmallCap
318010,팜스빌,KOSDAQ,KQ,,,29259257220.0,SmallCap
032680,소프트센,KOSDAQ,KQ,,,29248641628.0,SmallCap
044780,에이치케이,KOSDAQ,KQ,,,29165120312.0,SmallCap
076080,웰크론한텍,KOSDAQ,KQ,,,29146461240.0,SmallCap
054090,삼진엘앤디,KOSDAQ,KQ,,,29127423744.0,SmallCap
034940,조아제약,KOSDAQ,KQ,,,29059077726.0,SmallCap
418620,E8,KOSDAQ,KQ,,,28803042127.0,SmallCap
900110,이스트아시아홀딩스,KOSDAQ,KQ,,,28799175845.0,SmallCap
322970,무진메디,KONEX,KQ,,,28798916970.0,SmallCap
123750,알톤,KOSDAQ,KQ,,,28744058720.0,SmallCap
042040,케이피엠테크,KOSDAQ,KQ,,,28686399378.0,SmallCap
355690,에이텀,KOSDAQ,KQ,,,28592344200.0,SmallCap
016920,카스,KOSDAQ,KQ,,,28533540426.0,SmallCap
091970,나노캠텍,KOSDAQ,KQ,,,28519144571.0,SmallCap
036480,대성미생물,KOSDAQ,KQ,,,28424000000.0,SmallCap
002355,넥센타이어1우B,KOSPI,KO,,,28405000000.0,SmallCap
052300,오션인더블유,KOSDAQ,KQ,,,28281026848.0,SmallCap
037400,우리엔터프라이즈,KOSDAQ,KQ,,,28032756874.0,SmallCap
226340,본느,KOSDAQ,KQ,,,27982264140.0,SmallCap
311060,엘에이티,KONEX,KQ,,,27788633020.0,SmallCap
044380,주연테크,KOSPI,KO,,,27727080260.0,SmallCap
417180,핑거스토리,KOSDAQ,KQ,,,27709275717.0,SmallCap
216400,인바이츠바이오코아,KONEX,KQ,,,27645064275.0,SmallCap
131180,딜리,KOSDAQ,KQ,,,27618350000.0,SmallCap
101400,엔시트론,KOSDAQ,KQ,,,27616686160.0,SmallCap
279600,미디어젠,KOSDAQ,KQ,,,27593360090.0,SmallCap
267790,배럴,KOSDAQ,KQ,,,27566172765.0,SmallCap
007770,한일화학,KOSDAQ,KQ,,,27553500000.0,SmallCap
060900,에이전트AI,KOSDAQ,KQ,,,27538406460.0,SmallCap
312610,에이에프더블류,KOSDAQ,KQ,,,27488597016.0,SmallCap
179720,머니무브,KONEX,KQ,,,27445179640.0,SmallCap
001515,SK증권우,KOSPI,KO,,,27426723140.0,SmallCap
208350,지란지교시큐리티,KOSDAQ,KQ,,,27423814450.0,SmallCap
093380,풍강,KOSDAQ,KQ,,,27365697010.0,SmallCap
900270,헝셩그룹,KOSDAQ,KQ,,,27284459072.0,SmallCap
004270,남성,KOSPI,KO,,,27267756480.0,SmallCap
043220,티에스넥스젠,KOSDAQ,KQ,,,27227331360.0,SmallCap
336040,타스컴,KONEX,KQ,,,27212666300.0,SmallCap
464680,KB제27호스팩,KOSDAQ,KQ,,,26906925000.0,SmallCap
023770,플레이위드,KOSDAQ,KQ,,,26839485000.0,SmallCap
377030,비트맥스,KOSDAQ,KQ,,,26778677440.0,SmallCap
079650,서산,KOSDAQ,KQ,,,26740000000.0,SmallCap
331520,밸로프,KOSDAQ,KQ,,,26652940360.0,SmallCap
067010,이씨에스,KOSDAQ,KQ,,,26622382500.0,SmallCap
070590,인티큐브,KOSDAQ,KQ,,,26509885110.0,SmallCap
193250,링크드,KOSDAQ,KQ,,,26470488132.0,SmallCap
005110,한창,KOSPI,KO,,,26467434378.0,SmallCap
233990,질경이,KONEX,KQ,,,26429167420.0,SmallCap
197140,디지캡,KOSDAQ,KQ,,,26416702620.0,SmallCap
060230,제이케이시냅스,KOSDAQ,KQ,,,26342159324.0,SmallCap
143210,핸즈코퍼레이션,KOSPI,KO,,,26229020653.0,SmallCap
003495,대한항공우,KOSPI,KO,,,26159198700.0,SmallCap
012170,아센디오,KOSPI,KO,,,26122769712.0,SmallCap
078860,스테이지원엔터,KOSDAQ,KQ,,,25881944052.0,SmallCap
059180,엔더블유시,KONEX,KQ,,,25879618300.0,SmallCap
011090,에넥스,KOSPI,KO,,,25676422348.0,SmallCap
101680,한국정밀기계,KOSDAQ,KQ,,,25506140000.0,SmallCap
054940,엑사이엔씨,KOSDAQ,KQ,,,25377764220.0,SmallCap
353190,휴럼,KOSDAQ,KQ,,,25202188800.0,SmallCap
403360,라피치,KONEX,KQ,,,25100719000.0,SmallCap
115570,스타플렉스,KOSDAQ,KQ,,,24951587500.0,SmallCap
415380,스튜디오삼익,KOSDAQ,KQ,,,24945685500.0,SmallCap
092600,앤씨앤,KOSDAQ,KQ,,,24757431279.0,SmallCap
065420,에스아이리소스,KOSDAQ,KQ,,,24694168155.0,SmallCap
154030,아시아종묘,KOSDAQ,KQ,,,24666518015.0,SmallCap
206950,볼빅,KONEX,KQ,,,24621136485.0,SmallCap
352940,인바이오,KOSDAQ,KQ,,,24615408450.0,SmallCap
207490,에이펙스인텍,KONEX,KQ,,,24480000000.0,SmallCap
025890,한국주강,KOSPI,KO,,,24427999440.0,SmallCap
009730,이렘,KOSDAQ,KQ,,,24405038840.0,SmallCap
225590,패션플랫폼,KOSDAQ,KQ,,,24326537900.0,SmallCap
348030,모비릭스,KOSDAQ,KQ,,,24249595000.0,SmallCap
278990,EMB,KONEX,KQ,,,24113683230.0,SmallCap
130740,티피씨글로벌,KOSDAQ,KQ,,,23962942875.0,SmallCap
113810,디젠스,KOSDAQ,KQ,,,23851105281.0,SmallCap
083470,이엠앤아이,KOSDAQ,KQ,,,23687765190.0,SmallCap
308100,형지글로벌,KOSDAQ,KQ,,,23686685888.0,SmallCap
043360,디지아이,KOSDAQ,KQ,,,23580000000.0,SmallCap
238200,비피도,KOSDAQ,KQ,,,23476600000.0,SmallCap
001420,태원물산,KOSPI,KO,,,23446000000.0,SmallCap
032280,삼일,KOSDAQ,KQ,,,23315142420.0,SmallCap
009310,참엔지니어링,KOSPI,KO,,,23307603810.0,SmallCap
115530,씨엔플러스,KOSDAQ,KQ,,,23268611406.0,SmallCap
365900,브이씨,KOSDAQ,KQ,,,23210202500.0,SmallCap
191600,블루탑,KONEX,KQ,,,23157316800.0,SmallCap
001685,대상우,KOSPI,KO,,,23143066470.0,SmallCap
121890,에스디시스템,KOSDAQ,KQ,,,23127116040.0,SmallCap
065150,대산F&B,KOSDAQ,KQ,,,23110448725.0,SmallCap
084440,유비온,KOSDAQ,KQ,,,23083688800.0,SmallCap
002680,한탑,KOSDAQ,KQ,,,22912610491.0,SmallCap
389680,유디엠텍,KOSDAQ,KQ,,,22834263285.0,SmallCap
403810,아이엘로보틱스,KONEX,KQ,,,22756522340.0,SmallCap
017250,인터엠,KOSDAQ,KQ,,,22687013426.0,SmallCap
088290,이원컴포텍,KOSDAQ,KQ,,,22612166388.0,SmallCap
084180,수성웹툰,KOSDAQ,KQ,,,22592853750.0,SmallCap
006345,대원전선우,KOSPI,KO,,,22568532000.0,SmallCap
291810,핀텔,KOSDAQ,KQ,,,22407731352.0,SmallCap
053060,세동,KOSDAQ,KQ,,,22389607292.0,SmallCap
076340,지에이이노더스,KONEX,KQ,,,22286929500.0,SmallCap
054410,케이피티유,KOSDAQ,KQ,,,22189970500.0,SmallCap
289010,아이스크림에듀,KOSDAQ,KQ,,,22159011784.0,SmallCap
275630,에스에스알,KOSDAQ,KQ,,,21882110320.0,SmallCap
058450,한주에이알티,KOSDAQ,KQ,,,21808168200.0,SmallCap
048830,엔피케이,KOSDAQ,KQ,,,21682302834.0,SmallCap
045520,크린앤사이언스,KOSDAQ,KQ,,,21677500000.0,SmallCap
050760,에스폴리텍,KOSDAQ,KQ,,,21676117706.0,SmallCap
080720,한국유니온제약,KOSDAQ,KQ,,,21562456300.0,SmallCap
018620,우진비앤지,KOSDAQ,KQ,,,21551412578.0,SmallCap
192390,윈하이텍,KOSDAQ,KQ,,,21501814321.0,SmallCap
134060,이퓨쳐,KOSDAQ,KQ,,,21413932500.0,SmallCap
247660,나노씨엠에스,KOSDAQ,KQ,,,21393806000.0,SmallCap
230980,비유테크놀러지,KOSDAQ,KQ,,,21370407553.0,SmallCap
098660,에스티오,KOSDAQ,KQ,,,21351667008.0,SmallCap
110020,전진바이오팜,KOSDAQ,KQ,,,21197503080.0,SmallCap
014100,메디앙스,KOSDAQ,KQ,,,21169200000.0,SmallCap
154040,다산솔루에타,KOSDAQ,KQ,,,21127260638.0,SmallCap
019685,대교우B,KOSPI,KO,,,20573182410.0,SmallCap
215480,토박스코리아,KOSDAQ,KQ,,,20563200000.0,SmallCap
322780,코퍼스코리아,KOSDAQ,KQ,,,20552362532.0,SmallCap
199730,바이오인프라,KOSDAQ,KQ,,,20551950575.0,SmallCap
137940,넥스트아이,KOSDAQ,KQ,,,20488558080.0,SmallCap
177350,베셀,KOSDAQ,KQ,,,20459571447.0,SmallCap
001770,SHD,KOSPI,KO,,,20458545520.0,SmallCap
065690,파커스,KOSDAQ,KQ,,,20399628612.0,SmallCap
317860,노드메이슨,KONEX,KQ,,,20309467500.0,SmallCap
060480,국일신동,KOSDAQ,KQ,,,20228160000.0,SmallCap
060260,뉴보텍,KOSDAQ,KQ,,,20227477473.0,SmallCap
419540,비스토스,KOSDAQ,KQ,,,20164432147.0,SmallCap
096870,엘디티,KOSDAQ,KQ,,,20035197600.0,SmallCap
071950,코아스,KOSPI,KO,,,20034385560.0,SmallCap
254160,제이엠멀티,KONEX,KQ,,,19969200000.0,SmallCap
015020,이스타코,KOSPI,KO,,,19883142400.0,SmallCap
018700,바른손,KOSDAQ,KQ,,,19702183677.0,SmallCap
005257,녹십자홀딩스2우,KOSPI,KO,,,19373171000.0,SmallCap
020400,대동금속,KOSDAQ,KQ,,,19294454300.0,SmallCap
214610,롤링스톤,KOSDAQ,KQ,,,19197807380.0,SmallCap
341170,퓨쳐메디신,KONEX,KQ,,,19001901820.0,SmallCap
043590,웰킵스하이텍,KOSDAQ,KQ,,,18914323114.0,SmallCap
344860,이노진,KOSDAQ,KQ,,,18899130000.0,SmallCap
086220,광동헬스바이오,KONEX,KQ,,,18765352335.0,SmallCap
051780,큐로홀딩스,KOSDAQ,KQ,,,18764775115.0,SmallCap
031860,디에이치엑스컴퍼니,KOSDAQ,KQ,,,18714758139.0,SmallCap
361670,삼영에스앤씨,KOSDAQ,KQ,,,18703271400.0,SmallCap
222670,플럼라인생명과학,KONEX,KQ,,,18692639820.0,SmallCap
011080,형지I&C,KOSDAQ,KQ,,,18688740570.0,SmallCap
067770,세진티에스,KOSDAQ,KQ,,,18682419425.0,SmallCap
032980,바이온,KOSDAQ,KQ,,,18354952980.0,SmallCap
331660,한국미라클피플사,KONEX,KQ,,,18095000000.0,SmallCap
035620,바른손이앤에이,KOSDAQ,KQ,,,18088841025.0,SmallCap
217880,틸론,KONEX,KQ,,,18064756360.0,SmallCap
025870,신라에스지,KOSDAQ,KQ,,,17960000000.0,SmallCap
008600,윌비스,KOSPI,KO,,,17615839860.0,SmallCap
368970,오에스피,KOSDAQ,KQ,,,17586157050.0,SmallCap
009440,KC그린홀딩스,KOSPI,KO,,,17568790596.0,SmallCap
069330,유아이디,KOSDAQ,KQ,,,17511806294.0,SmallCap
028080,휴맥스홀딩스,KOSDAQ,KQ,,,17193878118.0,SmallCap
108675,LX하우시스우,KOSPI,KO,,,17188294500.0,SmallCap
005725,넥센우,KOSPI,KO,,,17084847000.0,SmallCap
008290,원풍물산,KOSDAQ,KQ,,,17009957822.0,SmallCap
276730,한울앤제주,KOSDAQ,KQ,,,16988932649.0,SmallCap
476710,타조이엔터테인먼트,KONEX,KQ,,,16980000000.0,SmallCap
176590,코나솔,KONEX,KQ,,,16925510700.0,SmallCap
241820,피씨엘,KOSDAQ,KQ,,,16803871920.0,SmallCap
482680,미래에셋비전스팩7호,KOSDAQ,KQ,,,16758600000.0,SmallCap
477380,미래에셋비전스팩4호,KOSDAQ,KQ,,,16686000000.0,SmallCap
035290,골드앤에스,KOSDAQ,KQ,,,16448385600.0,SmallCap
012340,뉴인텍,KOSDAQ,KQ,,,16215948294.0,SmallCap
008500,일정실업,KOSPI,KO,,,16140000000.0,SmallCap
250930,예선테크,KOSDAQ,KQ,,,16104214720.0,SmallCap
069920,엑시온그룹,KOSDAQ,KQ,,,16082982714.0,SmallCap
001795,대한제당우,KOSPI,KO,,,16077244800.0,SmallCap
002070,비비안,KOSPI,KO,,,16044607335.0,SmallCap
050090,비케이홀딩스,KOSDAQ,KQ,,,16025635350.0,SmallCap
009620,삼보산업,KOSDAQ,KQ,,,15943666543.0,SmallCap
204210,스타에스엠리츠,KOSPI,KO,,,15927568525.0,SmallCap
000087,하이트진로2우B,KOSPI,KO,,,15912343040.0,SmallCap
106520,노블엠앤비,KOSDAQ,KQ,,,15904036272.0,SmallCap
052960,태양3C,KONEX,KQ,,,15883003500.0,SmallCap
032800,판타지오,KOSDAQ,KQ,,,15717313836.0,SmallCap
302920,더콘텐츠온,KONEX,KQ,,,15705638550.0,SmallCap
073190,듀오백,KOSDAQ,KQ,,,15654196320.0,SmallCap
079950,인베니아,KOSDAQ,KQ,,,15579183900.0,SmallCap
001755,한양증권우,KOSPI,KO,,,15566250000.0,SmallCap
233250,메디안디노스틱,KONEX,KQ,,,15526687260.0,SmallCap
900120,씨엑스아이,KOSDAQ,KQ,,,15275455927.0,SmallCap
149010,아이케이세미콘,KONEX,KQ,,,15256800000.0,SmallCap
477340,에이치엠씨제7호스팩,KOSDAQ,KQ,,,15245300000.0,SmallCap
469880,하나30호스팩,KOSDAQ,KQ,,,15230925000.0,SmallCap
030350,드래곤플라이,KOSDAQ,KQ,,,15171092867.0,SmallCap
368030,창대정밀,KONEX,KQ,,,15009054060.0,SmallCap
188260,세니젠,KOSDAQ,KQ,,,14926790550.0,SmallCap
227100,프로브잇,KOSDAQ,KQ,,,14770119384.0,SmallCap
473050,유안타제15호스팩,KOSDAQ,KQ,,,14510700000.0,SmallCap
225430,케이엠제약,KOSDAQ,KQ,,,14417604850.0,SmallCap
208850,이비테크,KONEX,KQ,,,14383275000.0,SmallCap
379390,이성씨엔아이,KONEX,KQ,,,14264129200.0,SmallCap
478440,미래에셋비전스팩6호,KOSDAQ,KQ,,,14206500000.0,SmallCap
479880,한국제15호스팩,KOSDAQ,KQ,,,14083500000.0,SmallCap
140910,에이리츠,KOSPI,KO,,,13969290160.0,SmallCap
121850,코이즈,KOSDAQ,KQ,,,13932032245.0,SmallCap
004105,태양금속우,KOSPI,KO,,,13810500000.0,SmallCap
065060,지엔코,KOSDAQ,KQ,,,13661661496.0,SmallCap
352770,셀레스트라,KOSDAQ,KQ,,,13610136750.0,SmallCap
489480,키움제11호스팩,KOSDAQ,KQ,,,13431000000.0,SmallCap
244460,올리패스,KOSDAQ,KQ,,,13415218661.0,SmallCap
351020,미쥬,KONEX,KQ,,,13321500000.0,SmallCap
481890,엔에이치스팩31호,KOSDAQ,KQ,,,13292775000.0,SmallCap
084695,대상홀딩스우,KOSPI,KO,,,13245489000.0,SmallCap
477760,DB금융스팩12호,KOSDAQ,KQ,,,13023200000.0,SmallCap
489730,디비금융제13호스팩,KOSDAQ,KQ,,,13012260000.0,SmallCap
478390,KB제29호스팩,KOSDAQ,KQ,,,12844300000.0,SmallCap
471050,대신밸런스제17호스팩,KOSDAQ,KQ,,,12726000000.0,SmallCap
492220,KB제31호스팩,KOSDAQ,KQ,,,12699450000.0,SmallCap
054180,메디콕스,KOSDAQ,KQ,,,12686716395.0,SmallCap
004255,NPC우,KOSPI,KO,,,12672000000.0,SmallCap
079190,케스피온,KOSDAQ,KQ,,,12657319620.0,SmallCap
145995,삼양사우,KOSPI,KO,,,12582380000.0,SmallCap
482520,교보16호스팩,KOSDAQ,KQ,,,12474500000.0,SmallCap
026910,광진실업,KOSDAQ,KQ,,,12420080295.0,SmallCap
065570,삼영이엔씨,KOSDAQ,KQ,,,12295692232.0,SmallCap
456190,큐라켐,KONEX,KQ,,,12280002000.0,SmallCap
289170,바이오텐,KONEX,KQ,,,12124975710.0,SmallCap
482690,대신밸런스제19호스팩,KOSDAQ,KQ,,,11988025000.0,SmallCap
003075,코오롱글로벌우,KOSPI,KO,,,11874014110.0,SmallCap
169670,코스텍시스템,KONEX,KQ,,,11760444100.0,SmallCap
224760,엔에스컴퍼니,KONEX,KQ,,,11740306000.0,SmallCap
001067,JW중외제약2우B,KOSPI,KO,,,11611506900.0,SmallCap
469900,하나31호스팩,KOSDAQ,KQ,,,11546300000.0,SmallCap
477470,미래에셋비전스팩5호,KOSDAQ,KQ,,,11535400000.0,SmallCap
060240,스타코링크,KOSDAQ,KQ,,,11502414560.0,SmallCap
487360,신한제14호스팩,KOSDAQ,KQ,,,11421000000.0,SmallCap
474660,신한제12호스팩,KOSDAQ,KQ,,,11316000000.0,SmallCap
496070,신한제16호스팩,KOSDAQ,KQ,,,11307440000.0,SmallCap
474490,유안타제16호스팩,KOSDAQ,KQ,,,11295500000.0,SmallCap
486630,KB제30호스팩,KOSDAQ,KQ,,,10938600000.0,SmallCap
489210,교보17호스팩,KOSDAQ,KQ,,,10903900000.0,SmallCap
493790,유안타제17호스팩,KOSDAQ,KQ,,,10673100000.0,SmallCap
043100,알파AI,KOSDAQ,KQ,,,10457241600.0,SmallCap
466690,키움히어로제1호스팩,KOSDAQ,KQ,,,10368325000.0,SmallCap
253610,루트락,KONEX,KQ,,,10217038716.0,SmallCap
478110,이베스트스팩6호,KOSDAQ,KQ,,,10215700000.0,SmallCap
012205,계양전기우,KOSPI,KO,,,10182678090.0,SmallCap
498390,한화플러스제5호스팩,KOSDAQ,KQ,,,10093600000.0,SmallCap
000225,유유제약1우,KOSPI,KO,,,10087838500.0,SmallCap
199150,데이터스트림즈,KONEX,KQ,,,10031240550.0,SmallCap
472220,신영스팩10호,KOSDAQ,KQ,,,10013150000.0,SmallCap
238500,솔루믹스,KONEX,KQ,,,9883469780.0,SmallCap
114920,대주이엔티,KONEX,KQ,,,9818685000.0,SmallCap
488060,유진스팩11호,KOSDAQ,KQ,,,9770400000.0,SmallCap
217320,썬테크,KONEX,KQ,,,9754500000.0,SmallCap
103660,씨앗,KONEX,KQ,,,9621936129.0,SmallCap
106080,케이이엠텍,KOSDAQ,KQ,,,9506998050.0,SmallCap
244880,나눔테크,KONEX,KQ,,,9472740000.0,SmallCap
145210,다이나믹디자인,KOSPI,KO,,,9461013632.0,SmallCap
004835,덕성우,KOSPI,KO,,,9382080000.0,SmallCap
484130,하나34호스팩,KOSDAQ,KQ,,,9198200000.0,SmallCap
462020,에이치엠씨제6호스팩,KOSDAQ,KQ,,,9146225000.0,SmallCap
467930,IBKS제23호스팩,KOSDAQ,KQ,,,9073350000.0,SmallCap
469480,IBKS제24호스팩,KOSDAQ,KQ,,,9052200000.0,SmallCap
464440,한국제13호스팩,KOSDAQ,KQ,,,9028800000.0,SmallCap
473950,에스케이증권제13호스팩,KOSDAQ,KQ,,,8994700000.0,SmallCap
001065,JW중외제약우,KOSPI,KO,,,8976213750.0,SmallCap
487830,신한제15호스팩,KOSDAQ,KQ,,,8961000000.0,SmallCap
465320,교보15호스팩,KOSDAQ,KQ,,,8896350000.0,SmallCap
468760,유진스팩10호,KOSDAQ,KQ,,,8819200000.0,SmallCap
178600,대동고려삼,KONEX,KQ,,,8787960000.0,SmallCap
004985,성신양회우,KOSPI,KO,,,8710036800.0,SmallCap
487720,키움제10호스팩,KOSDAQ,KQ,,,8629200000.0,SmallCap
189350,코셋,KONEX,KQ,,,8611200000.0,SmallCap
472230,에스케이증권제11호스팩,KOSDAQ,KQ,,,8600850000.0,SmallCap
185190,수프로,KONEX,KQ,,,8222376250.0,SmallCap
447690,아이오바이오,KONEX,KQ,,,7890768000.0,SmallCap
009415,태영건설우,KOSPI,KO,,,7721691120.0,SmallCap
475250,하나33호스팩,KOSDAQ,KQ,,,7714500000.0,SmallCap
000325,노루홀딩스우,KOSPI,KO,,,7696464400.0,SmallCap
474930,신한제13호스팩,KOSDAQ,KQ,,,7674400000.0,SmallCap
079970,투비소프트,KOSDAQ,KQ,,,7646223464.0,SmallCap
212310,오건에코텍,KONEX,KQ,,,7514663025.0,SmallCap
318660,타임기술,KONEX,KQ,,,7155735825.0,SmallCap
066830,제노텍,KONEX,KQ,,,7129312440.0,SmallCap
199290,바이오프로테크,KONEX,KQ,,,7101458520.0,SmallCap
236030,씨알푸드,KONEX,KQ,,,7096328680.0,SmallCap
276040,스코넥,KOSDAQ,KQ,,,7073119545.0,SmallCap
251280,안지오랩,KONEX,KQ,,,6878983900.0,SmallCap
473000,에스케이증권제12호스팩,KOSDAQ,KQ,,,6768950000.0,SmallCap
215570,크로넥스,KONEX,KQ,,,6762201740.0,SmallCap
311960,인터로이드,KONEX,KQ,,,6753174120.0,SmallCap
101390,아이엠,KOSDAQ,KQ,,,6698084184.0,SmallCap
475240,하나32호스팩,KOSDAQ,KQ,,,6656000000.0,SmallCap
224810,엄지하우스,KONEX,KQ,,,6585600000.0,SmallCap
234070,에이원큐브텍,KONEX,KQ,,,6445610978.0,SmallCap
090355,노루페인트우,KOSPI,KO,,,6414295100.0,SmallCap
223220,로지스몬,KONEX,KQ,,,6045094140.0,SmallCap
202960,판도라티비,KONEX,KQ,,,5898213090.0,SmallCap
267080,세븐브로이맥주,KONEX,KQ,,,5769504288.0,SmallCap
000145,하이트진로홀딩스우,KOSPI,KO,,,5626179500.0,SmallCap
092590,럭스피아,KONEX,KQ,,,5614145460.0,SmallCap
044180,KD,KOSDAQ,KQ,,,5477148795.0,SmallCap
236340,메디젠휴먼케어,KONEX,KQ,,,5426364600.0,SmallCap
000545,흥국화재우,KOSPI,KO,,,5406720000.0,SmallCap
313760,캐리,KOSDAQ,KQ,,,5244963048.0,SmallCap
276240,엘리비젼,KONEX,KQ,,,5171517960.0,SmallCap
116100,태양기계,KONEX,KQ,,,5081510438.0,SmallCap
266350,팡스카이,KONEX,KQ,,,5026568860.0,SmallCap
258050,테크트랜스,KONEX,KQ,,,5004531101.0,SmallCap
327610,펨토바이오메드,KONEX,KQ,,,4993610310.0,SmallCap
007575,일양약품우,KOSPI,KO,,,4971543600.0,SmallCap
346010,타이드,KONEX,KQ,,,4860062000.0,SmallCap
136660,큐엠씨,KONEX,KQ,,,4721900000.0,SmallCap
043090,더테크놀로지,KOSDAQ,KQ,,,4718944500.0,SmallCap
005965,동부건설우,KOSPI,KO,,,4593646200.0,SmallCap
052770,아이톡시,KOSDAQ,KQ,,,4545457488.0,SmallCap
005745,크라운해태홀딩스우,KOSPI,KO,,,4523466780.0,SmallCap
002995,금호건설우,KOSPI,KO,,,4518432360.0,SmallCap
217910,에스제이켐,KONEX,KQ,,,4434995474.0,SmallCap
014825,동원시스템즈우,KOSPI,KO,,,4365754830.0,SmallCap
008355,남선알미우,KOSPI,KO,,,4359722400.0,SmallCap
014285,금강공업우,KOSPI,KO,,,4229403750.0,SmallCap
299480,지앤이헬스케어,KONEX,KQ,,,4207181597.0,SmallCap
121060,유니포인트,KONEX,KQ,,,4193150670.0,SmallCap
152550,한국ANKOR유전,KOSPI,KO,,,4061160000.0,SmallCap
093510,엔지브이아이,KONEX,KQ,,,3973200000.0,SmallCap
208890,미래엔에듀파트너,KONEX,KQ,,,3965464800.0,SmallCap
004545,깨끗한나라우,KOSPI,KO,,,3928896800.0,SmallCap
000227,유유제약2우B,KOSPI,KO,,,3532326000.0,SmallCap
390110,애니메디솔루션,KONEX,KQ,,,3525463095.0,SmallCap
139050,BF랩스,KOSDAQ,KQ,,,3431886747.0,SmallCap
002785,진흥기업우B,KOSPI,KO,,,3034551720.0,SmallCap
245450,씨앤에스링크,KONEX,KQ,,,2900806560.0,SmallCap
266470,바이오인프라생명과학,KONEX,KQ,,,2898065976.0,SmallCap
001525,동양우,KOSPI,KO,,,2792144120.0,SmallCap
014915,성문전자우,KOSPI,KO,,,2775000000.0,SmallCap
011155,CJ씨푸드1우,KOSPI,KO,,,2668000000.0,SmallCap
004415,서울식품우,KOSPI,KO,,,2653828500.0,SmallCap
332190,오션스바이오,KONEX,KQ,,,2571439860.0,SmallCap
140660,위월드,KONEX,KQ,,,2536997040.0,SmallCap
021045,대호특수강우,KOSDAQ,KQ,,,2520021240.0,SmallCap
002787,진흥기업2우B,KOSPI,KO,,,2508816080.0,SmallCap
413300,티엘엔지니어링,KONEX,KQ,,,2419211850.0,SmallCap
296520,가이아코퍼레이션,KONEX,KQ,,,2384841088.0,SmallCap
402420,켈스,KONEX,KQ,,,2325275370.0,SmallCap
001527,동양2우B,KOSPI,KO,,,2311181810.0,SmallCap
032685,소프트센우,KOSDAQ,KQ,,,2278565960.0,SmallCap
448780,마이크로엔엑스,KONEX,KQ,,,2235862800.0,SmallCap
266170,레드우즈,KONEX,KQ,,,1366092000.0,SmallCap
149300,아퓨어스,KONEX,KQ,,,1273615056.0,SmallCap
279060,이노벡스,KONEX,KQ,,,1127904590.0,SmallCap
217620,선샤인푸드,KOSDAQ,KQ,,,682403439.0,SmallCap
